label,m1_real,m1_fake,m2_real,m2_fake,m3_real,m3_fake,m4_real,m4_fake,m5_real,m5_fake
1,0.9992079198360443,0.0007920801639556885,0.9992141187191009,0.0007858812808990478,0.9995070695877075,0.0004929304122924805,0.6640971541404724,0.33590284585952757,0.20678961277008057,0.7932104468345642
1,0.9994072854518891,0.0005927145481109619,0.9993091613054276,0.0006908386945724488,0.9743939638137817,0.02560603618621826,0.7321853131055832,0.2678146868944168,0.15370817482471466,0.8462918400764465
1,0.999465811252594,0.0005341887474060059,0.999398386478424,0.0006016135215759277,0.999536195397377,0.00046380460262298586,0.9524633049964905,0.04753669500350952,0.1294812709093094,0.8705188035964966
1,0.9994973599910736,0.0005026400089263916,0.999467882514,0.0005321174860000611,0.9994133770465851,0.000586622953414917,0.544895789027214,0.45510421097278597,0.6878746747970581,0.3121252954006195
1,0.9992964178323746,0.0007035821676254272,0.9991643279790878,0.0008356720209121704,0.9743069261312485,0.025693073868751526,0.03917157053947449,0.9608284294605255,0.2967678904533386,0.7032321691513062
1,0.9994842767715454,0.0005157232284545898,0.9993749290704728,0.0006250709295272828,0.9993657171726227,0.0006342828273773193,0.4171162545681,0.5828837454319,0.12079563736915588,0.8792043328285217
1,0.9995463609695434,0.000453639030456543,0.9994947612285614,0.0005052387714385986,0.9994489252567291,0.000551074743270874,0.9588228583335876,0.041177141666412356,0.2428012490272522,0.7571987509727478
1,0.9994802415370941,0.0005197584629058838,0.99944948554039,0.0005505144596099854,0.9993347644805908,0.0006652355194091796,0.8966894447803497,0.10331055521965027,0.11864293366670609,0.8813570141792297
1,0.9994816929101944,0.000518307089805603,0.9994177550077439,0.0005822449922561646,0.7103487491607666,0.2896512508392334,0.0246235191822052,0.9753764808177948,0.5810229182243347,0.4189770817756653
1,0.9994844496250153,0.0005155503749847412,0.9994277209043503,0.0005722790956497192,0.9994109839200973,0.0005890160799026489,0.9992367386817932,0.0007632613182067871,0.7924634218215942,0.20753659307956696
1,0.999491149187088,0.0005088508129119873,0.9994417130947113,0.0005582869052886963,0.999515387415886,0.0004846125841140747,0.9907978475093842,0.009202152490615845,0.27569204568862915,0.7243079543113708
1,0.9990984320640564,0.0009015679359436035,0.9989684164524079,0.001031583547592163,0.9995695948600769,0.0004304051399230957,0.9989714413881302,0.001028558611869812,0.31968095898628235,0.68031907081604
1,0.9994609028100967,0.0005390971899032592,0.9994231343269349,0.0005768656730651856,0.9952753722667694,0.004724627733230591,0.10876794457435608,0.8912320554256439,0.907403826713562,0.09259618073701859
1,0.9992084354162216,0.0007915645837783813,0.999115651845932,0.0008843481540679931,0.9995642513036728,0.00043574869632720945,0.9759428113698959,0.024057188630104066,0.0826978087425232,0.917302131652832
1,0.9985461354255676,0.001453864574432373,0.9984327226877212,0.0015672773122787475,0.9625587701797486,0.03744122982025146,0.7844047755002975,0.21559522449970245,0.22954455018043518,0.7704554796218872
1,0.9994994193315506,0.0005005806684494019,0.999431598186493,0.0005684018135070801,0.9995535463094711,0.00044645369052886963,0.9974283456802369,0.0025716543197631834,0.40124040842056274,0.598759651184082
1,0.9993658125400543,0.0006341874599456787,0.999333992600441,0.000666007399559021,0.5479663878679275,0.45203361213207244,0.5969635099172592,0.4030364900827408,0.48288047313690186,0.5171195864677429
1,0.9995301604270935,0.00046983957290649416,0.9994651883840561,0.0005348116159439087,0.9995666682720185,0.0004333317279815674,0.25517973601818084,0.7448202639818191,0.6523192524909973,0.3476807773113251
1,0.9995583266019821,0.0004416733980178833,0.9994916170835495,0.0005083829164505005,0.999567648768425,0.0004323512315750122,0.9844729274511337,0.015527072548866271,0.19550617039203644,0.8044938445091248
1,0.9995551615953445,0.0004448384046554565,0.9994982957839966,0.000501704216003418,0.9995672345161438,0.0004327654838562012,0.9391646265983582,0.06083537340164184,0.2564881145954132,0.7435119152069092
1,0.9994795680046081,0.0005204319953918457,0.9993600368499755,0.000639963150024414,0.9995191097259521,0.00048089027404785156,0.9849865108728408,0.015013489127159118,0.23677891492843628,0.7632210850715637
1,0.9994919329881669,0.000508067011833191,0.9994449824094772,0.0005550175905227661,0.9984023422002792,0.0015976577997207642,0.2343463957309723,0.7656536042690277,0.6517488956451416,0.3482511043548584
1,0.9987391173839569,0.0012608826160430907,0.9986457288265228,0.001354271173477173,0.8674870431423187,0.13251295685768127,0.1584285944700241,0.8415714055299759,0.18411067128181458,0.8158893585205078
1,0.9995088070631027,0.0004911929368972779,0.9994647860527038,0.0005352139472961426,0.9995502889156341,0.0004497110843658447,0.9947232067584991,0.005276793241500854,0.4869888424873352,0.51301109790802
1,0.999506163597107,0.0004938364028930664,0.9994998544454574,0.0005001455545425415,0.9995415180921554,0.00045848190784454347,0.948942419886589,0.05105758011341095,0.7938344478607178,0.20616556704044342
1,0.9995069384574891,0.0004930615425109864,0.9994447946548461,0.0005552053451538086,0.9857213944196701,0.014278605580329895,0.6535721242427825,0.3464278757572174,0.10798334330320358,0.8920167088508606
1,0.9995428055524826,0.000457194447517395,0.9994604378938675,0.0005395621061325073,0.9995496302843094,0.0004503697156906128,0.9981179237365723,0.0018820762634277344,0.060533106327056885,0.9394668936729431
1,0.9993457674980164,0.0006542325019836426,0.9993734359741211,0.0006265640258789062,0.9991172909736633,0.0008827090263366699,0.9813553720712662,0.018644627928733826,0.0957951471209526,0.9042049050331116
1,0.9995095282793045,0.0004904717206954956,0.9994259059429169,0.0005740940570831299,0.9992308408021927,0.000769159197807312,0.018507605791091918,0.9814923942089081,0.07990264892578125,0.920097291469574
1,0.9995467811822891,0.00045321881771087646,0.99948490858078,0.0005150914192199707,0.9995645850896835,0.0004354149103164673,0.956892016530037,0.04310798346996307,0.9098609089851379,0.09013915061950684
1,0.998229193687439,0.0017708063125610352,0.9983244240283966,0.0016755759716033936,0.9970707625150681,0.0029292374849319456,0.948304271697998,0.051695728302001955,0.06050542742013931,0.9394945502281189
1,0.9992584705352783,0.0007415294647216796,0.9991980761289596,0.0008019238710403442,0.9995287269353866,0.00047127306461334226,0.7503710329532624,0.24962896704673768,0.09053847938776016,0.909461498260498
1,0.9933186799287796,0.006681320071220398,0.994485667347908,0.00551433265209198,0.9993437826633453,0.0006562173366546631,0.9447555154561996,0.055244484543800355,0.11081256717443466,0.8891873955726624
1,0.9995191812515258,0.0004808187484741211,0.9994476497173309,0.0005523502826690674,0.9908675700426102,0.009132429957389832,0.4465800881385803,0.5534199118614197,0.4968377947807312,0.503162145614624
1,0.9996045529842377,0.0003954470157623291,0.9995543122291565,0.00044568777084350584,0.9995746791362763,0.00042532086372375487,0.9925848603248596,0.0074151396751403805,0.06405581533908844,0.935944139957428
1,0.9993761628866196,0.0006238371133804321,0.9992814004421234,0.0007185995578765869,0.9995621562004089,0.00043784379959106446,0.9982518315315246,0.0017481684684753419,0.36705324053764343,0.632946789264679
1,0.9995109111070632,0.0004890888929367065,0.999448761343956,0.0005512386560440063,0.9995526611804962,0.0004473388195037842,0.7762814700603485,0.2237185299396515,0.4346894323825836,0.565310537815094
1,0.9995778799057007,0.0004221200942993164,0.9995204329490661,0.0004795670509338379,0.999542286992073,0.0004577130079269409,0.9541687071323395,0.04583129286766052,0.39061224460601807,0.6093878149986267
1,0.9970913678407669,0.0029086321592330933,0.9966473579406738,0.003352642059326172,0.9970839500427247,0.0029160499572753905,0.963745293021202,0.036254706978797915,0.5120226740837097,0.48797735571861267
1,0.999345651268959,0.0006543487310409546,0.999299418926239,0.0007005810737609863,0.9993755161762238,0.0006244838237762451,0.8218974143266677,0.1781025856733322,0.20210106670856476,0.7978988885879517
1,0.9991118818521499,0.0008881181478500366,0.9989966779947281,0.0010033220052719117,0.8705240368843079,0.12947596311569215,0.7557640850543976,0.24423591494560243,0.821876049041748,0.17812389135360718
1,0.9995012193918228,0.000498780608177185,0.9994627475738526,0.000537252426147461,0.9994540065526962,0.000545993447303772,0.8919323533773422,0.10806764662265778,0.7529813647270203,0.24701860547065735
1,0.9977701276540756,0.0022298723459243776,0.9978886276483536,0.002111372351646423,0.999537992477417,0.0004620075225830078,0.9962756752967834,0.003724324703216553,0.5130478739738464,0.48695215582847595
1,0.9992305219173432,0.0007694780826568604,0.9991952329874039,0.0008047670125961304,0.9994779229164124,0.0005220770835876465,0.9975882560014725,0.0024117439985275268,0.3665110766887665,0.6334888935089111
1,0.9992279648780823,0.0007720351219177246,0.9991921842098236,0.0008078157901763916,0.9995564818382263,0.00044351816177368164,0.9612649768590927,0.038735023140907286,0.04666560888290405,0.9533344507217407
1,0.9516710579395294,0.04832894206047058,0.9127431780099868,0.08725682199001313,0.9938875049352646,0.006112495064735412,0.02092612087726593,0.979073879122734,0.05518818646669388,0.9448118209838867
1,0.9985251754522324,0.0014748245477676392,0.9981108039617539,0.0018891960382461548,0.9995706796646118,0.0004293203353881836,0.8562801390886307,0.14371986091136932,0.08617537468671799,0.9138246774673462
1,0.9992113679647445,0.0007886320352554321,0.9992169350385666,0.0007830649614334106,0.7592554122209549,0.24074458777904512,0.9408734858036041,0.05912651419639588,0.5232419371604919,0.47675806283950806
1,0.9995410978794098,0.00045890212059021,0.9994581997394562,0.0005418002605438232,0.9995667040348053,0.00043329596519470215,0.2848085701465607,0.7151914298534393,0.058793310075998306,0.941206693649292
1,0.9983285695314408,0.0016714304685592652,0.9989743649959564,0.001025635004043579,0.9995149433612823,0.00048505663871765135,0.7217439472675323,0.2782560527324677,0.07235797494649887,0.9276419878005981
1,0.9993534952402114,0.0006465047597885131,0.9993201732635498,0.0006798267364501953,0.9995424270629882,0.00045757293701171876,0.9979101896286011,0.0020898103713989256,0.3958446979522705,0.6041553020477295
1,0.9995698750019073,0.0004301249980926514,0.9995009809732437,0.0004990190267562866,0.9995185911655426,0.00048140883445739745,0.9645980030298233,0.035401996970176694,0.174447700381279,0.8255523443222046
1,0.9976011574268341,0.0023988425731658936,0.9971145510673523,0.0028854489326477053,0.9290737867355346,0.07092621326446533,0.9837641775608063,0.016235822439193727,0.20152485370635986,0.7984751462936401
1,0.9993292659521102,0.0006707340478897094,0.9992306619882584,0.0007693380117416382,0.3547829478979111,0.6452170521020889,0.03890777826309204,0.961092221736908,0.7458019852638245,0.25419801473617554
1,0.9995388269424439,0.00046117305755615233,0.9994682013988495,0.0005317986011505127,0.9995412796735763,0.00045872032642364503,0.9937394231557846,0.006260576844215393,0.06516661494970322,0.9348334074020386
1,0.9990559995174408,0.0009440004825592041,0.999133625626564,0.0008663743734359741,0.9995606988668442,0.00043930113315582275,0.9963230431079865,0.0036769568920135497,0.6546085476875305,0.34539148211479187
1,0.999375781416893,0.0006242185831069946,0.9992737293243408,0.0007262706756591796,0.9995552211999893,0.00044477880001068113,0.9531759798526764,0.046824020147323606,0.4726296067237854,0.5273703336715698
1,0.9995673358440399,0.000432664155960083,0.9994952440261841,0.000504755973815918,0.9995402514934539,0.0004597485065460205,0.9865721583366394,0.013427841663360595,0.13144445419311523,0.8685556054115295
1,0.9995603889226914,0.0004396110773086548,0.9994958281517029,0.0005041718482971192,0.9995049178600312,0.0004950821399688721,0.8087411999702454,0.19125880002975465,0.47473567724227905,0.525264322757721
1,0.9996034443378449,0.0003965556621551514,0.9995472311973572,0.00045276880264282225,0.9995589703321457,0.0004410296678543091,0.5531075716018676,0.4468924283981323,0.06544734537601471,0.9345526099205017
1,0.9995360255241394,0.0004639744758605957,0.9994644820690155,0.0005355179309844971,0.9995516866445542,0.0004483133554458618,0.705365589261055,0.29463441073894503,0.17624987661838531,0.8237500786781311
1,0.9995539784431458,0.00044602155685424805,0.9994972437620163,0.0005027562379837036,0.9993920058012009,0.0006079941987991333,0.0797990083694458,0.9202009916305542,0.23322497308254242,0.7667750716209412
1,0.9993731409311295,0.0006268590688705445,0.9992076575756073,0.0007923424243927002,0.5062133222818375,0.49378667771816254,0.6699273526668549,0.3300726473331451,0.34488633275032043,0.6551136374473572
1,0.9995436608791352,0.0004563391208648682,0.9994888782501221,0.0005111217498779297,0.9995626658201218,0.00043733417987823486,0.9961922585964202,0.003807741403579712,0.15772055089473724,0.8422794342041016
1,0.9995342820882798,0.00046571791172027587,0.9994884073734284,0.0005115926265716553,0.9995678722858429,0.00043212771415710447,0.9990371495485306,0.0009628504514694214,0.2758060097694397,0.7241939306259155
1,0.9992915093898773,0.0007084906101226807,0.999241116642952,0.0007588833570480347,0.99950952231884,0.0004904776811599732,0.9908283025026321,0.009171697497367858,0.7007004618644714,0.2992995083332062
1,0.9995130062103271,0.00048699378967285154,0.9994652569293976,0.000534743070602417,0.9994891971349716,0.0005108028650283814,0.7116299211978913,0.28837007880210874,0.09627371281385422,0.9037262797355652
1,0.999185711145401,0.000814288854598999,0.999099600315094,0.0009003996849060059,0.9995158046483994,0.00048419535160064696,0.9968267530202866,0.00317324697971344,0.17734357714653015,0.8226564526557922
1,0.9988324970006943,0.0011675029993057251,0.9989330470561981,0.0010669529438018799,0.9995671302080155,0.00043286979198455813,0.9992593705654145,0.0007406294345855713,0.12206155806779861,0.877938449382782
1,0.9946028381586075,0.0053971618413925174,0.9695335239171982,0.03046647608280182,0.9985457926988601,0.0014542073011398315,0.6606859982013702,0.33931400179862975,0.12892857193946838,0.871071457862854
1,0.9994323432445527,0.0005676567554473877,0.9993632078170777,0.0006367921829223633,0.999477282166481,0.0005227178335189819,0.8958750069141388,0.1041249930858612,0.6079269647598267,0.39207303524017334
1,0.9994061112403869,0.0005938887596130371,0.9992793202400208,0.000720679759979248,0.9928281873464584,0.007171812653541565,0.9147940784692764,0.08520592153072357,0.21373192965984344,0.7862681150436401
1,0.999530628323555,0.0004693716764450073,0.999467208981514,0.000532791018486023,0.9995478063821792,0.00045219361782073976,0.9361470609903335,0.06385293900966645,0.8992055058479309,0.1007944792509079
1,0.9995242148637772,0.0004757851362228394,0.9994582056999206,0.0005417943000793457,0.9967875242233276,0.0032124757766723634,0.8464085161685944,0.15359148383140564,0.10635723918676376,0.8936427235603333
1,0.9981075078248978,0.0018924921751022339,0.9977103412151337,0.002289658784866333,0.9995314091444015,0.0004685908555984497,0.8632874667644501,0.13671253323554994,0.6377140283584595,0.3622860014438629
1,0.9965772062540055,0.0034227937459945677,0.9867370754480362,0.013262924551963807,0.9072427213191986,0.09275727868080139,0.06815235912799836,0.9318476408720017,0.0813162624835968,0.9186837673187256
1,0.9992892175912857,0.0007107824087142945,0.9991893917322159,0.0008106082677841187,0.9995672166347503,0.00043278336524963377,0.9990702033042907,0.0009297966957092285,0.06384218484163284,0.9361578226089478
1,0.9994479358196259,0.0005520641803741455,0.999366506934166,0.0006334930658340454,0.9995570361614228,0.0004429638385772705,0.9959156811237335,0.0040843188762664795,0.3181662857532501,0.6818337440490723
1,0.999522191286087,0.0004778087139129639,0.9994194567203522,0.0005805432796478271,0.9995632737874984,0.0004367262125015259,0.9941794276237488,0.005820572376251221,0.131775364279747,0.8682246804237366
1,0.9987962514162063,0.00120374858379364,0.9988196313381195,0.0011803686618804931,0.9995285421609879,0.000471457839012146,0.9955628454685211,0.004437154531478882,0.08819803595542908,0.9118019342422485
1,0.9991645336151123,0.0008354663848876953,0.999019318819046,0.0009806811809539794,0.9865192532539367,0.013480746746063232,0.9084453135728836,0.0915546864271164,0.1304941624403,0.8695058226585388
1,0.9995835185050964,0.00041648149490356443,0.999530804157257,0.00046919584274291993,0.99956474006176,0.00043525993824005126,0.9865546733140945,0.013445326685905456,0.13578295707702637,0.8642170429229736
1,0.9994745790958405,0.0005254209041595459,0.9994064897298813,0.0005935102701187134,0.9994754940271378,0.0005245059728622437,0.8533579885959626,0.1466420114040375,0.08621077239513397,0.9137892127037048
1,0.9994462460279465,0.0005537539720535279,0.9993307441473007,0.0006692558526992798,0.9994551628828049,0.0005448371171951294,0.5359011232852936,0.4640988767147064,0.04396283999085426,0.9560371041297913
1,0.9982066452503204,0.0017933547496795654,0.9978087991476059,0.002191200852394104,0.9965493083000183,0.0034506916999816895,0.849766194820404,0.15023380517959595,0.4977850019931793,0.5022149682044983
1,0.9992815136909485,0.0007184863090515137,0.9992201209068299,0.0007798790931701661,0.9953765571117401,0.004623442888259888,0.7725507110357285,0.22744928896427155,0.04934228956699371,0.9506576657295227
1,0.9995989680290223,0.0004010319709777832,0.9995337426662445,0.00046625733375549316,0.9995483905076981,0.0004516094923019409,0.9131862670183182,0.08681373298168182,0.3623475730419159,0.6376523971557617
1,0.999522227048874,0.0004777729511260986,0.9994701564311981,0.0005298435688018798,0.9995241641998291,0.0004758358001708984,0.985042130947113,0.014957869052886963,0.8855813145637512,0.11441868543624878
1,0.9995892912149429,0.0004107087850570679,0.9995294332504272,0.0004705667495727539,0.9995645672082901,0.0004354327917098999,0.7147246479988099,0.2852753520011902,0.30306947231292725,0.696930468082428
1,0.9990879505872726,0.0009120494127273559,0.9990281164646149,0.0009718835353851318,0.9995319336652756,0.0004680663347244263,0.9986012697219848,0.0013987302780151367,0.05642586946487427,0.9435741305351257
1,0.999445116519928,0.0005548834800720215,0.9993481129407883,0.000651887059211731,0.99953972697258,0.00046027302742004397,0.7197851300239563,0.2802148699760437,0.0739004835486412,0.9260995388031006
1,0.9995022714138031,0.0004977285861968994,0.9994469940662384,0.0005530059337615967,0.9587910175323486,0.04120898246765137,0.4503921210765839,0.5496078789234161,0.07714439928531647,0.9228556156158447
1,0.9994842380285263,0.0005157619714736938,0.999423810839653,0.0005761891603469849,0.9824914544820785,0.01750854551792145,0.9345880627632142,0.06541193723678589,0.17999382317066193,0.8200061321258545
1,0.9979666709899903,0.0020333290100097655,0.9978802472352981,0.0021197527647018434,0.9995351940393448,0.0004648059606552124,0.9968939363956452,0.0031060636043548583,0.674837052822113,0.32516294717788696
1,0.9991553753614426,0.0008446246385574341,0.99908347427845,0.0009165257215499878,0.9995580911636353,0.0004419088363647461,0.23535703122615814,0.7646429687738419,0.3270285725593567,0.6729714274406433
1,0.9992268890142441,0.0007731109857559204,0.9991435468196869,0.0008564531803131103,0.9993727833032608,0.0006272166967391968,0.14009974896907806,0.8599002510309219,0.08705680072307587,0.9129432439804077
1,0.9944038927555084,0.0055961072444915775,0.9931692570447922,0.006830742955207825,0.9432399302721024,0.05676006972789764,0.2814344048500061,0.7185655951499939,0.35567253828048706,0.6443275213241577
1,0.999516949057579,0.00048305094242095947,0.9994350641965866,0.0005649358034133911,0.7794605016708374,0.2205394983291626,0.34674234688282013,0.6532576531171799,0.8894995450973511,0.11050046980381012
1,0.9995833933353424,0.0004166066646575928,0.9995445132255554,0.0004554867744445801,0.9995725333690644,0.00042746663093566893,0.9981030642986297,0.0018969357013702392,0.07948271930217743,0.9205173254013062
1,0.9991910189390183,0.0008089810609817505,0.9990561246871948,0.0009438753128051758,0.9296412616968155,0.07035873830318451,0.8181916028261185,0.18180839717388153,0.04492705687880516,0.9550729393959045
1,0.9994941920042038,0.0005058079957962036,0.9994428664445877,0.0005571335554122925,0.9995473921298981,0.0004526078701019287,0.9734508156776428,0.02654918432235718,0.05118304863572121,0.9488168954849243
1,0.9995338439941406,0.000466156005859375,0.9994892328977585,0.0005107671022415161,0.9995393931865693,0.0004606068134307861,0.7581830799579621,0.24181692004203797,0.49531760811805725,0.5046823620796204
1,0.9995432913303375,0.0004567086696624756,0.9994843602180481,0.0005156397819519043,0.9995029717683792,0.0004970282316207886,0.99867984354496,0.001320156455039978,0.29992854595184326,0.7000714540481567
1,0.9995409935712815,0.0004590064287185669,0.9994475841522217,0.0005524158477783203,0.9995138555765152,0.0004861444234848022,0.7628158658742905,0.23718413412570954,0.6849904656410217,0.31500959396362305
1,0.9994685471057891,0.0005314528942108154,0.9994413197040558,0.0005586802959442139,0.9962456077337265,0.0037543922662734985,0.9751381009817124,0.02486189901828766,0.47187113761901855,0.5281288623809814
1,0.9979486525058746,0.0020513474941253663,0.9971903175115585,0.0028096824884414674,0.8901158392429351,0.10988416075706482,0.40328862965106965,0.5967113703489304,0.4019607901573181,0.5980392098426819
1,0.9993405759334564,0.0006594240665435791,0.9992774516344071,0.0007225483655929566,0.9995196431875228,0.00048035681247711183,0.8412836074829102,0.15871639251708985,0.04723801836371422,0.9527619481086731
1,0.9994104236364365,0.0005895763635635376,0.9993555247783661,0.0006444752216339111,0.9993122726678848,0.0006877273321151733,0.7663462638854981,0.23365373611450196,0.469190776348114,0.5308091640472412
1,0.9908944994211197,0.00910550057888031,0.9964798927307129,0.0035201072692871093,0.7961078763008118,0.20389212369918824,0.6755994886159897,0.3244005113840103,0.5501394867897034,0.449860543012619
1,0.9995383709669113,0.0004616290330886841,0.9995033234357834,0.0004966765642166138,0.9995396912097931,0.00046030879020690917,0.4979986667633057,0.5020013332366944,0.0528377965092659,0.9471621513366699
1,0.999602472782135,0.0003975272178649902,0.9995493322610856,0.00045066773891448974,0.9995738208293915,0.00042617917060852053,0.990191525220871,0.009808474779129028,0.06927390396595001,0.9307260513305664
1,0.9994331926107407,0.0005668073892593384,0.9993795782327652,0.0006204217672348023,0.9995644062757492,0.00043559372425079347,0.9982186853885651,0.0017813146114349365,0.44601869583129883,0.5539813041687012
1,0.9989755719900131,0.0010244280099868774,0.9988773345947266,0.0011226654052734375,0.9995476096868515,0.00045239031314849856,0.9774827927350997,0.022517207264900207,0.7790636420249939,0.2209363579750061
1,0.9993280172348022,0.0006719827651977539,0.999237459897995,0.0007625401020050048,0.997186616063118,0.002813383936882019,0.9728281944990158,0.027171805500984192,0.3673524856567383,0.6326475143432617
1,0.9995060056447983,0.0004939943552017212,0.9994264960289001,0.0005735039710998535,0.9995457589626312,0.0004542410373687744,0.2614991098642349,0.738500890135765,0.17737536132335663,0.822624683380127
1,0.9986274719238282,0.001372528076171875,0.9986378461122513,0.0013621538877487183,0.9995223432779312,0.0004776567220687866,0.984015816450119,0.01598418354988098,0.6183252334594727,0.38167473673820496
1,0.9994566261768341,0.0005433738231658935,0.9993880450725555,0.000611954927444458,0.9994330048561096,0.0005669951438903809,0.9085533112287522,0.09144668877124787,0.324215292930603,0.675784707069397
1,0.9423240065574646,0.0576759934425354,0.9132178872823715,0.08678211271762848,0.9766012579202652,0.023398742079734802,0.893955859541893,0.10604414045810699,0.05423533171415329,0.9457646608352661
1,0.9994813889265061,0.0005186110734939575,0.9994082152843475,0.0005917847156524658,0.9738511115312576,0.02614888846874237,0.9973023504018783,0.0026976495981216432,0.3916533589363098,0.6083465814590454
1,0.9996167153120041,0.00038328468799591063,0.9995511114597321,0.00044888854026794436,0.9995482265949249,0.00045177340507507324,0.5812800735235214,0.4187199264764786,0.08327240496873856,0.9167275428771973
1,0.9994234889745712,0.000576511025428772,0.999331995844841,0.0006680041551589966,0.9951955825090408,0.0048044174909591675,0.928423723578453,0.07157627642154693,0.818669319152832,0.18133072555065155
1,0.9968597412109375,0.0031402587890625,0.9964000910520554,0.003599908947944641,0.9425613552331924,0.05743864476680756,0.9843504875898361,0.01564951241016388,0.6042932271957397,0.39570677280426025
1,0.9995619803667068,0.00043801963329315186,0.9993857860565185,0.0006142139434814453,0.9332520335912704,0.06674796640872956,0.4402107268571854,0.5597892731428147,0.04780929908156395,0.9521907567977905
1,0.9992277204990387,0.0007722795009613038,0.9992089331150055,0.0007910668849945068,0.9989195883274078,0.001080411672592163,0.2921739757061005,0.7078260242938995,0.909103512763977,0.09089650213718414
1,0.9995571076869965,0.00044289231300354004,0.9994686126708985,0.0005313873291015625,0.9926981657743454,0.007301834225654602,0.6464086532592773,0.3535913467407227,0.28058329224586487,0.7194166779518127
1,0.9995359599590301,0.00046404004096984864,0.9994542539119721,0.0005457460880279541,0.9364376723766327,0.0635623276233673,0.31854160130023956,0.6814583986997604,0.640402615070343,0.35959744453430176
1,0.9993481367826462,0.0006518632173538208,0.9993094623088836,0.000690537691116333,0.9995067447423935,0.0004932552576065064,0.820370551943779,0.179629448056221,0.07043875753879547,0.9295612573623657
1,0.9995577722787857,0.00044222772121429446,0.9994926571846008,0.0005073428153991699,0.9994647055864334,0.0005352944135665894,0.9946716278791428,0.005328372120857239,0.33442261815071106,0.6655773520469666
1,0.9991345584392548,0.0008654415607452393,0.9990417957305908,0.0009582042694091797,0.9937401741743088,0.006259825825691223,0.16537120044231415,0.8346287995576859,0.23787130415439606,0.7621287107467651
1,0.9995394378900528,0.0004605621099472046,0.9994735389947891,0.0005264610052108764,0.9995477437973023,0.00045225620269775393,0.9936652421951294,0.006334757804870606,0.5377755165100098,0.46222445368766785
1,0.9995250552892685,0.00047494471073150635,0.9994458526372909,0.0005541473627090454,0.9995288014411926,0.000471198558807373,0.993178978562355,0.0068210214376449585,0.12020273506641388,0.8797972202301025
1,0.9994623899459839,0.0005376100540161133,0.9993915140628815,0.0006084859371185303,0.9995526224374771,0.0004473775625228882,0.9686980336904526,0.03130196630954742,0.10468998551368713,0.8953099846839905
1,0.9995851457118988,0.0004148542881011963,0.9995309293270112,0.0004690706729888916,0.9995200574398041,0.0004799425601959229,0.7769576191902161,0.22304238080978395,0.455481618642807,0.5445184111595154
1,0.9994836568832397,0.0005163431167602539,0.9994334429502487,0.0005665570497512817,0.9995050847530365,0.0004949152469635009,0.995317205786705,0.004682794213294983,0.1550588607788086,0.8449411392211914
1,0.9993981897830964,0.0006018102169036866,0.999311101436615,0.0006888985633850097,0.9995197266340256,0.00048027336597442625,0.5496292859315872,0.4503707140684128,0.8987771272659302,0.10122282803058624
1,0.9982561200857163,0.0017438799142837525,0.9979327946901322,0.0020672053098678587,0.6953858733177185,0.3046141266822815,0.043056142330169675,0.9569438576698304,0.18944396078586578,0.8105559945106506
1,0.9985889494419098,0.00141105055809021,0.9982928842306137,0.0017071157693862916,0.42869502007961274,0.5713049799203873,0.9964300483465195,0.0035699516534805297,0.7219073176383972,0.2780926823616028
1,0.9991690784692764,0.0008309215307235717,0.9990021198987961,0.0009978801012039185,0.9995409548282623,0.0004590451717376709,0.9902621924877166,0.009737807512283325,0.10547805577516556,0.8945218920707703
1,0.9994293928146363,0.0005706071853637696,0.9993673920631408,0.0006326079368591308,0.9993820428848267,0.0006179571151733399,0.07067929208278656,0.9293207079172134,0.7377084493637085,0.2622915804386139
1,0.9995880663394928,0.00041193366050720217,0.9995101034641266,0.0004898965358734131,0.9995652258396148,0.00043477416038513185,0.928365096449852,0.07163490355014801,0.5098636150360107,0.49013638496398926
1,0.9993840247392655,0.0006159752607345581,0.9993487149477005,0.0006512850522994995,0.9980918675661087,0.0019081324338912965,0.9366429001092911,0.06335709989070892,0.09359999746084213,0.9064000248908997
1,0.9986983358860015,0.001301664113998413,0.9985526859760284,0.0014473140239715577,0.9873677611351013,0.012632238864898681,0.6572406440973282,0.3427593559026718,0.8848863244056702,0.11511369794607162
1,0.9991645991802216,0.0008354008197784424,0.9989838600158691,0.0010161399841308594,0.9995116055011749,0.0004883944988250732,0.28527081310749053,0.7147291868925094,0.5158787965774536,0.4841212034225464
1,0.9993456333875657,0.0006543666124343873,0.9992663502693176,0.0007336497306823731,0.9993256598711013,0.0006743401288986206,0.9800271391868591,0.01997286081314087,0.07405412942171097,0.9259459376335144
1,0.9995979458093643,0.0004020541906356812,0.999562332034111,0.00043766796588897707,0.9945800870656967,0.005419912934303284,0.8891091644763947,0.11089083552360535,0.47589245438575745,0.5241075158119202
1,0.9994970947504044,0.0005029052495956421,0.999446702003479,0.000553297996520996,0.998265290260315,0.0017347097396850585,0.47036980986595156,0.5296301901340484,0.486185222864151,0.5138148069381714
1,0.9992735475301743,0.0007264524698257447,0.9992646455764771,0.0007353544235229493,0.9995364934206009,0.0004635065793991089,0.6867210775613785,0.31327892243862154,0.05956410989165306,0.9404358863830566
1,0.999281769990921,0.0007182300090789795,0.9991825610399246,0.0008174389600753784,0.9995727062225341,0.0004272937774658203,0.9991938829421997,0.000806117057800293,0.26435601711273193,0.7356439232826233
1,0.9995674222707749,0.0004325777292251587,0.9994978994131088,0.0005021005868911743,0.9995614260435104,0.000438573956489563,0.902919003367424,0.097080996632576,0.39654552936553955,0.6034544110298157
1,0.9993551164865494,0.0006448835134506226,0.9992760717868805,0.0007239282131195068,0.9987500488758088,0.0012499511241912842,0.8061539262533188,0.19384607374668122,0.10261328518390656,0.8973867297172546
1,0.9995517253875732,0.0004482746124267578,0.9994797050952912,0.0005202949047088623,0.9995283365249634,0.0004716634750366211,0.6068303704261779,0.393169629573822,0.8077991604804993,0.19220082461833954
1,0.9994717508554458,0.0005282491445541381,0.9993930339813233,0.0006069660186767579,0.9965072721242905,0.0034927278757095337,0.9953512668609619,0.004648733139038086,0.2626263499259949,0.7373737096786499
1,0.9995516330003739,0.0004483669996261597,0.999488365650177,0.000511634349822998,0.9995281487703324,0.0004718512296676636,0.9266314655542374,0.07336853444576263,0.0622430257499218,0.9377569556236267
1,0.9994711726903915,0.0005288273096084595,0.9994015872478486,0.0005984127521514893,0.9993227511644364,0.0006772488355636597,0.3751939654350281,0.624806034564972,0.19714201986789703,0.8028579950332642
1,0.5950030148029327,0.4049969851970673,0.3782741665840149,0.6217258334159851,0.4856318265199661,0.5143681734800338,0.011303213238716126,0.9886967867612839,0.477268785238266,0.5227311849594116
1,0.9989547520875931,0.0010452479124069213,0.9988410353660584,0.0011589646339416504,0.9995621800422668,0.0004378199577331543,0.993751785159111,0.006248214840888977,0.05039457604289055,0.949605405330658
1,0.9991318762302399,0.0008681237697601319,0.9989630460739136,0.0010369539260864258,0.6394214808940888,0.36057851910591127,0.6371216744184494,0.3628783255815506,0.2908933460712433,0.7091066241264343
1,0.999285078048706,0.0007149219512939453,0.9992042660713196,0.00079573392868042,0.9880276173353195,0.011972382664680481,0.2864817649126053,0.7135182350873948,0.9110961556434631,0.08890381455421448
1,0.9847680926322937,0.015231907367706299,0.9839262634515762,0.016073736548423766,0.9890806317329407,0.010919368267059327,0.12298387587070465,0.8770161241292953,0.25636357069015503,0.7436363697052002
1,0.9994606018066406,0.000539398193359375,0.9994274497032165,0.0005725502967834472,0.9995560646057129,0.0004439353942871094,0.9975121289491653,0.002487871050834656,0.07976557314395905,0.9202344417572021
1,0.9993565022945404,0.0006434977054595947,0.9992350041866302,0.000764995813369751,0.9995689630508423,0.00043103694915771487,0.71402667760849,0.28597332239151,0.05627748370170593,0.9437225461006165
1,0.9995667994022369,0.0004332005977630615,0.9994991928339004,0.0005008071660995483,0.9995166927576065,0.00048330724239349366,0.9988212496042251,0.0011787503957748414,0.6904662251472473,0.3095337450504303
1,0.9993005841970444,0.0006994158029556274,0.9992434501647949,0.0007565498352050781,0.9995511621236801,0.00044883787631988525,0.751869061589241,0.24813093841075898,0.051410384476184845,0.9485896825790405
1,0.9994686782360077,0.0005313217639923096,0.9993653357028961,0.0006346642971038818,0.9995534062385559,0.0004465937614440918,0.7574274927377701,0.24257250726222992,0.099134661257267,0.900865375995636
1,0.9985149830579758,0.001485016942024231,0.9981127828359604,0.0018872171640396118,0.9995041280984879,0.000495871901512146,0.9980743378400803,0.0019256621599197388,0.04927362501621246,0.9507263898849487
1,0.9994934260845184,0.0005065739154815674,0.9994578897953034,0.0005421102046966553,0.9995258837938309,0.00047411620616912844,0.9980714440345764,0.001928555965423584,0.887793779373169,0.11220621317625046
1,0.9995650112628937,0.0004349887371063232,0.9994969189167022,0.0005030810832977294,0.9989493161439895,0.001050683856010437,0.9772852778434753,0.022714722156524658,0.4848540723323822,0.5151459574699402
1,0.9995309025049209,0.0004690974950790405,0.9994576871395111,0.0005423128604888916,0.999547666311264,0.0004523336887359619,0.87702656686306,0.12297343313694001,0.06777855008840561,0.9322214722633362
1,0.9995385468006134,0.00046145319938659666,0.9994736284017562,0.0005263715982437133,0.9993319928646087,0.0006680071353912353,0.8575684666633606,0.1424315333366394,0.6265040040016174,0.3734959661960602
1,0.9995578527450562,0.00044214725494384766,0.9994970202445984,0.0005029797554016113,0.9995489090681076,0.00045109093189239503,0.9232442855834961,0.0767557144165039,0.47224608063697815,0.5277538895606995
1,0.9975321799516678,0.0024678200483322144,0.9975244611501694,0.0024755388498306275,0.9995548486709595,0.0004451513290405273,0.8502444505691529,0.14975554943084718,0.1822669506072998,0.8177330493927002
1,0.9945078879594803,0.005492112040519715,0.9950776875019074,0.004922312498092651,0.9994898796081543,0.0005101203918457031,0.9537606477737427,0.04623935222625732,0.05830846354365349,0.941691517829895
1,0.9992729365825653,0.0007270634174346924,0.999156191945076,0.0008438080549240112,0.9995275795459747,0.00047242045402526853,0.9975061625242233,0.0024938374757766725,0.47761717438697815,0.5223828554153442
1,0.9994508475065231,0.0005491524934768677,0.9994186043739319,0.0005813956260681153,0.9995582491159439,0.00044175088405609133,0.9537227421998977,0.04627725780010224,0.09342078864574432,0.9065791964530945
1,0.9992406129837036,0.0007593870162963867,0.9991038590669632,0.0008961409330368042,0.9974417805671691,0.0025582194328308107,0.8702165484428406,0.12978345155715942,0.45808616280555725,0.5419138073921204
1,0.9995943993330002,0.0004056006669998169,0.9995417505502701,0.0004582494497299194,0.9994383424520492,0.0005616575479507446,0.874517148733139,0.12548285126686096,0.6073691248893738,0.39263084530830383
1,0.9990959942340851,0.000904005765914917,0.9989611297845841,0.0010388702154159545,0.9995543658733368,0.000445634126663208,0.9957245796918869,0.004275420308113098,0.06715252995491028,0.9328474998474121
1,0.9993382751941681,0.0006617248058319092,0.99925477206707,0.0007452279329299927,0.9993996560573578,0.0006003439426422119,0.987041312456131,0.01295868754386902,0.04034173861145973,0.9596582651138306
1,0.9994604319334031,0.0005395680665969849,0.9993709713220597,0.0006290286779403687,0.9543340325355529,0.045665967464447024,0.14811991453170775,0.8518800854682922,0.3785162568092346,0.6214836835861206
1,0.9994712859392166,0.0005287140607833863,0.9993576288223267,0.0006423711776733399,0.9995732724666595,0.0004267275333404541,0.9951593697071075,0.004840630292892456,0.24187220633029938,0.758127748966217
1,0.9990716576576233,0.000928342342376709,0.9989823460578918,0.0010176539421081544,0.5399556666612625,0.4600443333387375,0.24461158812046052,0.7553884118795395,0.1434779167175293,0.8565221428871155
1,0.9995051771402359,0.0004948228597640991,0.9994601726531982,0.0005398273468017578,0.9995301514863968,0.00046984851360321045,0.8933283001184463,0.10667169988155364,0.8882642984390259,0.11173569411039352
1,0.9993443816900254,0.0006556183099746705,0.9992364376783371,0.0007635623216629029,0.9993330925703049,0.0006669074296951294,0.9840706318616868,0.015929368138313294,0.5046241879463196,0.4953758418560028
1,0.9992984622716904,0.0007015377283096314,0.9991650849580764,0.0008349150419235229,0.9994423002004623,0.0005576997995376587,0.9865452289581299,0.013454771041870118,0.2917720675468445,0.7082279324531555
1,0.9993926554918289,0.0006073445081710815,0.9992637127637863,0.0007362872362136841,0.966084948182106,0.03391505181789398,0.43451749682426455,0.5654825031757355,0.48230502009391785,0.5176949501037598
1,0.999115264415741,0.0008847355842590332,0.9990256816148758,0.0009743183851242066,0.9995717346668244,0.0004282653331756592,0.9903943687677383,0.009605631232261658,0.09327569603919983,0.9067243337631226
1,0.9993657052516938,0.0006342947483062745,0.9993816614151001,0.0006183385848999023,0.9974399179220199,0.0025600820779800417,0.9934019565582275,0.006598043441772461,0.7874491810798645,0.21255086362361908
1,0.9993175476789474,0.0006824523210525512,0.9992255747318268,0.0007744252681732178,0.9995622217655182,0.0004377782344818115,0.9980880230665207,0.0019119769334793092,0.06921396404504776,0.9307860732078552
1,0.999555018544197,0.0004449814558029175,0.9994798719882965,0.0005201280117034912,0.9995616614818573,0.0004383385181427002,0.1666499614715576,0.8333500385284424,0.07829511165618896,0.9217049479484558
1,0.9995383471250534,0.00046165287494659424,0.9994694381952286,0.0005305618047714234,0.9995273470878601,0.0004726529121398926,0.9667467415332794,0.03325325846672058,0.18613186478614807,0.8138681054115295
1,0.9921004325151443,0.007899567484855652,0.9975808531045913,0.0024191468954086305,0.8987564146518707,0.10124358534812927,0.7078360259532929,0.29216397404670713,0.8104225993156433,0.18957743048667908
1,0.9994874626398087,0.0005125373601913453,0.9994316458702087,0.0005683541297912597,0.9988368332386017,0.0011631667613983155,0.29449602663517,0.7055039733648301,0.6191228628158569,0.38087713718414307
1,0.998760461807251,0.0012395381927490234,0.9985439211130143,0.0014560788869857789,0.9995660424232483,0.000433957576751709,0.9008596330881119,0.09914036691188813,0.7979673743247986,0.20203258097171783
1,0.9978751599788666,0.002124840021133423,0.9980620354413986,0.0019379645586013795,0.9898803234100342,0.01011967658996582,0.7554123848676682,0.24458761513233185,0.042492516338825226,0.9575074911117554
1,0.9994925081729888,0.0005074918270111084,0.999433434009552,0.000566565990447998,0.9995038390159607,0.0004961609840393067,0.9175944060087204,0.0824055939912796,0.176547110080719,0.8234528303146362
1,0.9994726359844208,0.0005273640155792237,0.9994017094373703,0.0005982905626296997,0.9995567888021469,0.0004432111978530884,0.666062730550766,0.333937269449234,0.8445095419883728,0.15549041330814362
1,0.999565914273262,0.0004340857267379761,0.9994975686073303,0.0005024313926696777,0.9995648205280304,0.0004351794719696045,0.9979711294174194,0.0020288705825805666,0.10281526297330856,0.8971847295761108
1,0.9995075255632401,0.0004924744367599488,0.9994443029165268,0.0005556970834732055,0.9994973540306091,0.0005026459693908691,0.1176830768585205,0.8823169231414795,0.1586236208677292,0.8413763642311096
1,0.9994128584861756,0.0005871415138244629,0.9993796348571777,0.0006203651428222656,0.9989782720804214,0.0010217279195785522,0.8135076105594635,0.1864923894405365,0.5454870462417603,0.45451295375823975
1,0.9987839519977569,0.001216048002243042,0.9986037820577621,0.001396217942237854,0.999136483669281,0.0008635163307189941,0.9973209857940674,0.0026790142059326173,0.24919483065605164,0.750805139541626
1,0.999496865272522,0.0005031347274780274,0.9994245767593384,0.0005754232406616211,0.99952891767025,0.000471082329750061,0.8698164612054825,0.13018353879451752,0.4487552046775818,0.5512447357177734
1,0.9995353609323502,0.00046463906764984133,0.9994616657495499,0.0005383342504501343,0.9995162129402161,0.00048378705978393557,0.9017385840415955,0.09826141595840454,0.20497150719165802,0.7950285077095032
1,0.9986263751983643,0.001373624801635742,0.998748141527176,0.0012518584728240967,0.9764232516288758,0.02357674837112427,0.31886803805828096,0.6811319619417191,0.8428287506103516,0.15717123448848724
1,0.999552458524704,0.0004475414752960205,0.9994874358177185,0.0005125641822814941,0.9995481550693512,0.0004518449306488037,0.9952592015266418,0.004740798473358154,0.8460080623626709,0.1539919525384903
1,0.9995306104421615,0.00046938955783843995,0.9994767159223557,0.0005232840776443481,0.9995621383190155,0.0004378616809844971,0.2214973896741867,0.7785026103258132,0.177555114030838,0.8224448561668396
1,0.9995854198932648,0.0004145801067352295,0.9995230615139008,0.00047693848609924315,0.925813689827919,0.074186310172081,0.8754239171743393,0.12457608282566071,0.13447895646095276,0.8655210137367249
1,0.9994248747825623,0.0005751252174377441,0.9993910998106003,0.0006089001893997192,0.9935756266117096,0.006424373388290406,0.9349852114915848,0.06501478850841522,0.26999008655548096,0.730009913444519
1,0.9990515112876892,0.000948488712310791,0.9988613665103913,0.0011386334896087646,0.999499163031578,0.000500836968421936,0.8875346451997757,0.11246535480022431,0.6067968010902405,0.39320316910743713
1,0.9992256700992584,0.0007743299007415772,0.9991457760334015,0.0008542239665985107,0.9995276808738709,0.0004723191261291504,0.9585928022861481,0.04140719771385193,0.2727331817150116,0.727266788482666
1,0.999321100115776,0.0006788998842239379,0.999201062321663,0.0007989376783370972,0.971358135342598,0.02864186465740204,0.798186433315277,0.2018135666847229,0.6480152606964111,0.35198473930358887
1,0.9994876146316528,0.000512385368347168,0.9994045317173004,0.0005954682826995849,0.9995671391487122,0.0004328608512878418,0.5811159044504166,0.41888409554958345,0.05479120835661888,0.9452087879180908
1,0.9992844939231873,0.0007155060768127442,0.9992712706327438,0.0007287293672561645,0.9976721733808518,0.0023278266191482542,0.9867597699165345,0.013240230083465577,0.06149279698729515,0.9385071992874146
1,0.9994465351104737,0.0005534648895263672,0.9993654787540436,0.0006345212459564209,0.9951459705829621,0.004854029417037964,0.7641763091087341,0.23582369089126587,0.6126962304115295,0.38730373978614807
1,0.9989466607570648,0.0010533392429351806,0.9991785049438476,0.0008214950561523437,0.9995548456907273,0.0004451543092727661,0.8096330434083938,0.19036695659160613,0.7659949064254761,0.23400503396987915
1,0.9995035350322723,0.0004964649677276611,0.9994405090808869,0.0005594909191131592,0.9994737088680268,0.0005262911319732666,0.9969263821840286,0.0030736178159713745,0.23120060563087463,0.768799364566803
1,0.9994403153657914,0.0005596846342086792,0.9993756651878357,0.0006243348121643067,0.9993604063987732,0.0006395936012268067,0.38721469342708587,0.6127853065729141,0.08298874646425247,0.9170112609863281
1,0.9993577539920807,0.0006422460079193115,0.9992637068033219,0.0007362931966781617,0.9995665311813354,0.00043346881866455076,0.995867446064949,0.004132553935050964,0.09401005506515503,0.905989944934845
1,0.9970241725444794,0.00297582745552063,0.9837671995162964,0.016232800483703614,0.9824839979410172,0.01751600205898285,0.4170056849718094,0.5829943150281907,0.8353991508483887,0.16460083425045013
1,0.9996484160423279,0.00035158395767211916,0.9996013939380646,0.0003986060619354248,0.9995452851057053,0.0004547148942947388,0.9984730333089828,0.0015269666910171509,0.08183052390813828,0.9181695580482483
1,0.9987413823604584,0.0012586176395416259,0.9984730899333953,0.0015269100666046142,0.8806838631629944,0.11931613683700562,0.10795157849788665,0.8920484215021134,0.2115740180015564,0.7884259819984436
1,0.9995378285646439,0.0004621714353561401,0.9994713723659515,0.0005286276340484619,0.9984858810901642,0.0015141189098358155,0.5502387970685959,0.4497612029314041,0.513912558555603,0.4860874116420746
1,0.9993794292211533,0.0006205707788467408,0.9993216335773468,0.0006783664226531983,0.19508663415908814,0.8049133658409119,0.7508689284324646,0.2491310715675354,0.14255347847938538,0.857446551322937
1,0.9996038496494293,0.0003961503505706787,0.9995439976453782,0.0004560023546218872,0.9995567172765731,0.00044328272342681886,0.7875777661800385,0.21242223381996156,0.06894950568675995,0.9310505390167236
1,0.9989886581897736,0.0010113418102264404,0.9988123446702957,0.0011876553297042846,0.9995704054832458,0.00042959451675415037,0.8848250836133957,0.1151749163866043,0.04918934404850006,0.9508106708526611
1,0.9992573380470275,0.0007426619529724121,0.9991402953863144,0.000859704613685608,0.9990059345960617,0.0009940654039382935,0.8622353971004486,0.1377646028995514,0.5906988978385925,0.40930113196372986
1,0.9994082868099212,0.0005917131900787353,0.9993522644042969,0.000647735595703125,0.9995471328496933,0.0004528671503067017,0.11914234161376953,0.8808576583862304,0.9081311225891113,0.09186891466379166
1,0.9995019197463989,0.0004980802536010742,0.9994499772787094,0.0005500227212905884,0.9995371878147126,0.0004628121852874756,0.9979232907295227,0.002076709270477295,0.09609255939722061,0.9039074182510376
1,0.999492073059082,0.0005079269409179688,0.9993870794773102,0.0006129205226898194,0.7460936367511749,0.2539063632488251,0.49906226992607117,0.5009377300739288,0.26238104701042175,0.7376189231872559
1,0.9980538129806519,0.0019461870193481444,0.9977492719888688,0.0022507280111312864,0.999529454112053,0.0004705458879470825,0.7568471282720566,0.24315287172794342,0.07380764931440353,0.9261924028396606
1,0.9995041489601135,0.0004958510398864746,0.9994398385286332,0.0005601614713668824,0.9995510935783386,0.00044890642166137693,0.8027582794427872,0.19724172055721284,0.781887412071228,0.21811260282993317
1,0.8008254796266556,0.19917452037334443,0.8307949304580688,0.16920506954193115,0.7927081316709519,0.20729186832904817,0.46179247200489043,0.5382075279951095,0.06647289544343948,0.9335270524024963
1,0.9992680370807647,0.0007319629192352294,0.9991411536931991,0.0008588463068008422,0.8953196942806244,0.10468030571937562,0.40082561373710635,0.5991743862628937,0.2308485209941864,0.7691514492034912
1,0.99958376288414,0.00041623711585998536,0.9995434284210205,0.0004565715789794922,0.9994944721460343,0.0005055278539657593,0.560850664973259,0.43914933502674103,0.5257189869880676,0.47428098320961
1,0.9990883469581604,0.0009116530418395996,0.9990018516778946,0.0009981483221054078,0.948756530880928,0.05124346911907196,0.9892104744911194,0.010789525508880616,0.14792673289775848,0.8520731925964355
1,0.9992039829492569,0.0007960170507431031,0.9990989983081817,0.0009010016918182373,0.9949926614761353,0.005007338523864746,0.9988360553979874,0.0011639446020126343,0.5573555827140808,0.4426444172859192
1,0.9994707018136978,0.000529298186302185,0.9993891179561615,0.000610882043838501,0.9995159924030304,0.0004840075969696045,0.9963975757360458,0.0036024242639541627,0.2535058557987213,0.7464941740036011
1,0.9995226681232452,0.00047733187675476075,0.9994640737771988,0.0005359262228012085,0.9994678139686585,0.0005321860313415528,0.24389893114566802,0.7561010688543319,0.838722825050354,0.1612771898508072
1,0.9993933618068696,0.0006066381931304932,0.9993194818496705,0.0006805181503295899,0.9930140435695648,0.00698595643043518,0.5117384105920791,0.48826158940792086,0.5004748106002808,0.49952518939971924
1,0.9989221394062042,0.0010778605937957764,0.9986886322498322,0.0013113677501678466,0.9981927007436753,0.0018072992563247681,0.20845769941806794,0.7915423005819321,0.3032307028770447,0.6967693567276001
1,0.999504816532135,0.0004951834678649902,0.9994982570409775,0.000501742959022522,0.9995462417602539,0.00045375823974609376,0.9985783100128174,0.0014216899871826172,0.06384988129138947,0.9361501336097717
1,0.9995189070701599,0.00048109292984008787,0.9994566947221756,0.0005433052778244018,0.9501918375492096,0.04980816245079041,0.6987906336784363,0.3012093663215637,0.0797014907002449,0.9202984571456909
1,0.999549150466919,0.0004508495330810547,0.9994986653327942,0.0005013346672058105,0.9995511144399643,0.0004488855600357056,0.9977304548025131,0.0022695451974868775,0.044320981949567795,0.9556789994239807
1,0.9992530286312103,0.0007469713687896729,0.999176201224327,0.0008237987756729126,0.9995621621608735,0.0004378378391265869,0.9982833206653595,0.0017166793346405028,0.7169213891029358,0.283078670501709
1,0.9994079291820526,0.0005920708179473877,0.9993514448404313,0.0006485551595687867,0.9472554534673691,0.05274454653263092,0.6533507883548737,0.34664921164512635,0.3280114531517029,0.6719885468482971
1,0.9986071765422821,0.0013928234577178956,0.9982906192541122,0.0017093807458877564,0.5644017547369004,0.43559824526309965,0.7605330228805542,0.2394669771194458,0.9012321829795837,0.09876783937215805
1,0.9994501978158951,0.0005498021841049194,0.9993861854076386,0.0006138145923614502,0.9988457947969437,0.0011542052030563354,0.6282775372266769,0.37172246277332305,0.5400951504707336,0.45990484952926636
1,0.9994170427322387,0.0005829572677612304,0.9993167489767074,0.0006832510232925415,0.9995261341333389,0.00047386586666107176,0.27705393433570863,0.7229460656642914,0.5687735080718994,0.431226521730423
1,0.999539828300476,0.00046017169952392576,0.9994736522436142,0.0005263477563858032,0.9995634436607361,0.000436556339263916,0.9934586703777313,0.006541329622268677,0.06421300768852234,0.9357870221138
1,0.9994191646575927,0.0005808353424072265,0.9993121653795243,0.0006878346204757691,0.9983804434537887,0.0016195565462112428,0.5398038804531098,0.46019611954689027,0.5293073058128357,0.4706927239894867
1,0.9994143724441529,0.000585627555847168,0.9993660151958466,0.0006339848041534424,0.9993986040353775,0.0006013959646224976,0.9455608516931534,0.05443914830684662,0.10530480742454529,0.8946952223777771
1,0.9992731660604477,0.0007268339395523071,0.9991595625877381,0.0008404374122619629,0.9994834363460541,0.0005165636539459229,0.9692122966051102,0.030787703394889832,0.4871874451637268,0.5128125548362732
1,0.9992939174175263,0.0007060825824737549,0.999185574054718,0.0008144259452819824,0.9994239896535874,0.0005760103464126587,0.1878918617963791,0.8121081382036209,0.30014926195144653,0.6998507976531982
1,0.9992929726839066,0.0007070273160934449,0.999264144897461,0.0007358551025390625,0.9390263736248017,0.06097362637519836,0.6803597718477249,0.3196402281522751,0.43758779764175415,0.5624122023582458
1,0.9988850444555283,0.0011149555444717406,0.9988020569086075,0.0011979430913925172,0.999473488330841,0.0005265116691589355,0.9896829485893249,0.010317051410675048,0.11667142808437347,0.8833286166191101
1,0.9990021079778671,0.0009978920221328734,0.9989173889160157,0.001082611083984375,0.9007083714008332,0.09929162859916688,0.16651857793331146,0.8334814220666885,0.5722916126251221,0.4277084171772003
1,0.9993723511695862,0.0006276488304138184,0.9993029803037643,0.0006970196962356567,0.9995714843273162,0.00042851567268371583,0.39433495700359344,0.6056650429964066,0.8387042284011841,0.16129574179649353
1,0.9986444562673569,0.0013555437326431274,0.9985280692577362,0.001471930742263794,0.9990099787712097,0.0009900212287902832,0.9891520738601685,0.010847926139831543,0.8247979283332825,0.17520205676555634
1,0.9993468999862671,0.0006531000137329102,0.999225863814354,0.0007741361856460572,0.9486251026391983,0.0513748973608017,0.45983866751194,0.54016133248806,0.3223496675491333,0.6776502728462219
1,0.9984087526798249,0.001591247320175171,0.9980108618736268,0.001989138126373291,0.8353850096464157,0.1646149903535843,0.1163758635520935,0.8836241364479065,0.2208072394132614,0.7791926860809326
1,0.9994384586811066,0.0005615413188934326,0.9994014263153076,0.0005985736846923828,0.5675336569547653,0.4324663430452347,0.3196843773126602,0.6803156226873398,0.5782694220542908,0.42173057794570923
1,0.9995624423027039,0.0004375576972961426,0.9995258748531342,0.0004741251468658447,0.9992457062005997,0.0007542937994003296,0.9920487493276596,0.007951250672340393,0.81194669008255,0.18805332481861115
1,0.9995727419853211,0.00042725801467895507,0.9995172917842865,0.000482708215713501,0.9995503127574921,0.00044968724250793457,0.9910471618175507,0.008952838182449342,0.11415622383356094,0.885843813419342
1,0.9995531797409057,0.00044682025909423826,0.9994968473911285,0.00050315260887146,0.9995576113462448,0.000442388653755188,0.9327207326889038,0.0672792673110962,0.26079562306404114,0.7392043471336365
1,0.9626444280147552,0.03735557198524475,0.9355163514614105,0.06448364853858948,0.7488292813301086,0.2511707186698914,0.9533506840467453,0.0466493159532547,0.8371208310127258,0.16287913918495178
1,0.9994349002838134,0.0005650997161865234,0.9993633717298508,0.000636628270149231,0.9838764578104019,0.016123542189598085,0.12296704947948456,0.8770329505205154,0.1779150664806366,0.822084903717041
1,0.9993718922138214,0.0006281077861785888,0.9992939800024032,0.0007060199975967407,0.9995258837938309,0.00047411620616912844,0.9852465569972992,0.014753443002700806,0.48983949422836304,0.510160505771637
1,0.9993726432323455,0.0006273567676544189,0.9993502557277679,0.0006497442722320556,0.9991308510303497,0.0008691489696502685,0.8015338391065597,0.19846616089344024,0.20971931517124176,0.7902806401252747
1,0.9989498257637024,0.0010501742362976074,0.9988940566778183,0.0011059433221817017,0.9995682746171951,0.0004317253828048706,0.9984637498855591,0.001536250114440918,0.08516233414411545,0.9148377180099487
1,0.9991028815507889,0.0008971184492111206,0.9989263564348221,0.0010736435651779175,0.7824192136526108,0.21758078634738923,0.6700296223163604,0.3299703776836395,0.5896705389022827,0.41032952070236206
1,0.9992293328046798,0.0007706671953201294,0.9991624504327774,0.0008375495672225952,0.9994744241237641,0.000525575876235962,0.6853282988071442,0.3146717011928558,0.43493732810020447,0.5650627017021179
1,0.9995045959949493,0.0004954040050506592,0.9994532853364945,0.0005467146635055542,0.9994591981172561,0.0005408018827438354,0.9101759552955627,0.08982404470443725,0.0817946270108223,0.9182053804397583
1,0.9994180709123611,0.000581929087638855,0.999356386065483,0.0006436139345169067,0.9983024746179581,0.0016975253820419312,0.5549711465835572,0.4450288534164429,0.4723895192146301,0.5276104807853699
1,0.9990006983280182,0.0009993016719818115,0.9988761574029923,0.0011238425970077515,0.7339802771806717,0.2660197228193283,0.4282740831375122,0.5717259168624877,0.19103986024856567,0.8089601993560791
1,0.9995101600885391,0.0004898399114608764,0.9994251132011414,0.0005748867988586426,0.9995467990636826,0.00045320093631744384,0.9393841087818146,0.060615891218185426,0.47268784046173096,0.5273122191429138
1,0.9993397384881973,0.0006602615118026734,0.999223393201828,0.000776606798171997,0.9995657920837402,0.00043420791625976564,0.838452833890915,0.1615471661090851,0.07643639296293259,0.9235635995864868
1,0.7910240143537521,0.20897598564624786,0.5710448950529099,0.42895510494709016,0.7515685111284256,0.2484314888715744,0.37319645285606384,0.6268035471439362,0.05432705581188202,0.9456729292869568
1,0.9994106382131577,0.0005893617868423462,0.9993946701288223,0.0006053298711776733,0.9995506197214127,0.00044938027858734133,0.9986848503351211,0.0013151496648788452,0.3741367757320404,0.6258631944656372
1,0.9995137840509415,0.00048621594905853274,0.999451532959938,0.0005484670400619507,0.9995442122220993,0.0004557877779006958,0.9959204882383347,0.004079511761665345,0.5166841149330139,0.4833158850669861
1,0.9993133336305619,0.0006866663694381714,0.999234625697136,0.0007653743028640747,0.9981496542692184,0.0018503457307815553,0.06839373409748077,0.9316062659025193,0.17141997814178467,0.8285800218582153
1,0.999271684885025,0.0007283151149749756,0.9991729438304902,0.0008270561695098877,0.999514439702034,0.00048556029796600344,0.6178429841995239,0.38215701580047606,0.09075509756803513,0.9092448949813843
1,0.9995475858449936,0.0004524141550064087,0.9994847625494003,0.0005152374505996704,0.9991420626640319,0.0008579373359680175,0.9434750199317932,0.05652498006820679,0.8704662919044495,0.12953372299671173
1,0.9984149694442749,0.0015850305557250977,0.998292887210846,0.0017071127891540526,0.08290374577045441,0.9170962542295455,0.34795605540275576,0.6520439445972442,0.21967405080795288,0.7803259491920471
1,0.99891876578331,0.0010812342166900634,0.9987709283828735,0.001229071617126465,0.9951392143964768,0.004860785603523254,0.06106423437595367,0.9389357656240463,0.163003072142601,0.8369969725608826
1,0.9995874732732772,0.0004125267267227173,0.9995485484600067,0.00045145153999328615,0.9994452387094498,0.000554761290550232,0.9690264672040939,0.03097353279590607,0.5227038264274597,0.47729620337486267
1,0.9986871719360352,0.0013128280639648437,0.9984981924295425,0.0015018075704574586,0.999504467844963,0.0004955321550369262,0.96673883497715,0.03326116502285004,0.19233699142932892,0.8076630234718323
1,0.9974050730466842,0.002594926953315735,0.9972757905721664,0.002724209427833557,0.9902722865343094,0.009727713465690613,0.05309424102306366,0.9469057589769363,0.06799810379743576,0.9320018887519836
1,0.9993265211582184,0.0006734788417816162,0.9992243230342865,0.000775676965713501,0.9995503395795822,0.00044966042041778566,0.9154880434274674,0.08451195657253266,0.18867486715316772,0.8113251328468323
1,0.9979849696159363,0.0020150303840637206,0.9977169066667557,0.0022830933332443236,0.9995498657226562,0.00045013427734375,0.6154777348041535,0.38452226519584654,0.6736647486686707,0.32633525133132935
1,0.9995395034551621,0.0004604965448379517,0.999449861049652,0.0005501389503479003,0.9898580521345138,0.010141947865486145,0.09900864064693451,0.9009913593530655,0.7162657380104065,0.2837342917919159
1,0.9995149552822113,0.0004850447177886963,0.9994444876909256,0.0005555123090744019,0.9978439122438431,0.0021560877561569215,0.383807173371315,0.616192826628685,0.8666551113128662,0.1333448737859726
1,0.9993729144334793,0.0006270855665206909,0.9993097513914109,0.0006902486085891724,0.9995021134614944,0.0004978865385055542,0.9913123935461045,0.00868760645389557,0.5269668102264404,0.4730331301689148
1,0.9969352513551712,0.003064748644828796,0.9982971876859665,0.0017028123140335083,0.9995311468839645,0.00046885311603546144,0.9854799151420593,0.014520084857940674,0.48680874705314636,0.513191282749176
1,0.9995072782039642,0.0004927217960357666,0.9994306117296219,0.0005693882703781128,0.9995083957910538,0.000491604208946228,0.06226127445697784,0.9377387255430222,0.7163494825363159,0.2836505174636841
1,0.9994810283184051,0.0005189716815948486,0.9993881314992905,0.0006118685007095337,0.9995452612638474,0.0004547387361526489,0.9945311039686203,0.0054688960313797,0.44828277826309204,0.551717221736908
1,0.9995465874671936,0.0004534125328063965,0.9994717895984649,0.0005282104015350342,0.9994363814592362,0.000563618540763855,0.18838233053684234,0.8116176694631576,0.5881638526916504,0.4118361175060272
1,0.9988540440797806,0.0011459559202194214,0.9988883465528489,0.0011116534471511841,0.9995032578706742,0.0004967421293258667,0.9880324691534043,0.011967530846595765,0.3443726897239685,0.6556272506713867
1,0.9994891375303269,0.0005108624696731568,0.9994140923023224,0.0005859076976776123,0.9995489448308945,0.0004510551691055298,0.9975527912378311,0.002447208762168884,0.06721822172403336,0.9327817559242249
1,0.9995285451412201,0.0004714548587799072,0.999484446644783,0.0005155533552169799,0.9991309672594071,0.0008690327405929566,0.47312131226062776,0.5268786877393723,0.37900403141975403,0.6209959983825684
1,0.9995261162519455,0.0004738837480545044,0.9995013236999511,0.0004986763000488281,0.9957897931337356,0.0042102068662643434,0.9764998018741607,0.023500198125839235,0.9115450382232666,0.08845491707324982
1,0.9994979798793793,0.0005020201206207275,0.9994175583124161,0.0005824416875839233,0.9995299220085144,0.0004700779914855957,0.7874692559242249,0.21253074407577516,0.07652109116315842,0.923478901386261
1,0.9994296938180923,0.0005703061819076538,0.9993642032146454,0.0006357967853546142,0.9994841754436493,0.000515824556350708,0.9871384084224701,0.012861591577529908,0.12607398629188538,0.873926043510437
1,0.9993202030658722,0.0006797969341278076,0.9991774976253509,0.0008225023746490478,0.9995315194129943,0.00046848058700561525,0.8755265206098557,0.12447347939014435,0.3709943890571594,0.6290056705474854
1,0.9995581090450287,0.00044189095497131347,0.9995064824819565,0.0004935175180435181,0.9995504140853881,0.0004495859146118164,0.960619056224823,0.039380943775177,0.3345433473587036,0.6654566526412964
1,0.9994760990142822,0.0005239009857177735,0.999448624253273,0.0005513757467269897,0.9995076298713684,0.0004923701286315918,0.8800655692815781,0.11993443071842194,0.06173683702945709,0.9382631182670593
1,0.9994880974292755,0.0005119025707244873,0.999386140704155,0.0006138592958450318,0.9977464079856873,0.002253592014312744,0.5934093147516251,0.40659068524837494,0.22985126078128815,0.770148754119873
1,0.9992352485656738,0.0007647514343261719,0.9991179794073105,0.0008820205926895142,0.4011038184165955,0.5988961815834045,0.8569426149129867,0.14305738508701324,0.8149858713150024,0.18501412868499756
1,0.9994767308235168,0.0005232691764831543,0.9993851959705353,0.0006148040294647217,0.999017858505249,0.0009821414947509765,0.7419052004814148,0.2580947995185852,0.7048172354698181,0.2951827645301819
1,0.9993649363517761,0.000635063648223877,0.9992858737707138,0.0007141262292861938,0.9994610041379929,0.0005389958620071411,0.9990403115749359,0.0009596884250640869,0.34242165088653564,0.6575782895088196
1,0.9994315266609192,0.0005684733390808105,0.9993028193712234,0.0006971806287765503,0.8488782346248627,0.15112176537513733,0.41618280708789823,0.5838171929121018,0.2349507212638855,0.7650492787361145
1,0.9995235949754715,0.0004764050245285034,0.999466422200203,0.0005335777997970581,0.9994264304637909,0.0005735695362091064,0.9807736843824386,0.01922631561756134,0.04419909417629242,0.9558009505271912
1,0.9994750320911407,0.0005249679088592529,0.9994068562984466,0.0005931437015533447,0.9994380593299865,0.0005619406700134277,0.9316538572311401,0.06834614276885986,0.2370789349079132,0.7629210352897644
1,0.9993231385946274,0.0006768614053726197,0.999272546172142,0.0007274538278579712,0.9993380606174469,0.0006619393825531006,0.9896879255771637,0.010312074422836303,0.061012446880340576,0.9389875531196594
1,0.9994356095790863,0.0005643904209136963,0.999348372220993,0.000651627779006958,0.9988450765609741,0.001154923439025879,0.6041435718536377,0.3958564281463623,0.41097477078437805,0.5890251994132996
1,0.9995997190475464,0.0004002809524536133,0.9995434433221817,0.00045655667781829834,0.9994514644145965,0.0005485355854034424,0.5762520521879196,0.42374794781208036,0.08934891223907471,0.9106510877609253
1,0.9967949211597442,0.0032050788402557375,0.9966795653104782,0.0033204346895217896,0.9172962129116058,0.08270378708839417,0.13108306527137756,0.8689169347286224,0.9006094932556152,0.09939053654670715
1,0.999553668498993,0.00044633150100708007,0.9995045870542526,0.0004954129457473755,0.9995611935853959,0.000438806414604187,0.35339747965335844,0.6466025203466416,0.11507115513086319,0.8849288821220398
1,0.9995514422655105,0.00044855773448944093,0.9994992315769196,0.0005007684230804443,0.9995474278926849,0.00045257210731506345,0.9807030171155929,0.019296982884407045,0.05442672222852707,0.9455732703208923
1,0.9995748639106751,0.0004251360893249512,0.9995069444179535,0.0004930555820465088,0.9995295435190201,0.0004704564809799194,0.9516216009855271,0.04837839901447296,0.09804575145244598,0.9019542336463928
1,0.9995318472385406,0.0004681527614593506,0.9994690418243408,0.0005309581756591797,0.99940025806427,0.0005997419357299805,0.9433025032281875,0.05669749677181244,0.8843021988868713,0.11569784581661224
1,0.9993469446897507,0.0006530553102493287,0.9992736041545868,0.000726395845413208,0.9987905889749527,0.0012094110250473022,0.9097027748823165,0.09029722511768341,0.5073367357254028,0.49266329407691956
1,0.997382453083992,0.0026175469160079957,0.9989045023918152,0.0010954976081848145,0.9995561122894288,0.00044388771057128905,0.16335896253585816,0.8366410374641419,0.07533135265111923,0.9246686697006226
1,0.9994007080793381,0.0005992919206619263,0.9992771565914154,0.0007228434085845947,0.9994231075048446,0.0005768924951553345,0.9371697843074799,0.06283021569252015,0.15746495127677917,0.8425350189208984
1,0.9988664478063584,0.0011335521936416625,0.9987077206373215,0.0012922793626785277,0.9472318947315216,0.052768105268478395,0.05030016899108887,0.9496998310089111,0.11090344935655594,0.8890965580940247
1,0.9995784133672714,0.00042158663272857667,0.9995079904794693,0.0004920095205307006,0.999556028842926,0.00044397115707397463,0.9400717943906785,0.05992820560932159,0.17981286346912384,0.8201870918273926
1,0.9994862258434296,0.0005137741565704346,0.9994171500205994,0.0005828499794006348,0.9995378017425537,0.00046219825744628904,0.9910575896501541,0.008942410349845886,0.0692916214466095,0.9307084083557129
1,0.9974428385496139,0.0025571614503860475,0.9974355876445771,0.0025644123554229735,0.833877682685852,0.16612231731414795,0.22869555950164794,0.771304440498352,0.20638561248779297,0.793614387512207
1,0.9993654012680053,0.0006345987319946289,0.9992537140846253,0.0007462859153747559,0.9995620042085648,0.0004379957914352417,0.9974809467792511,0.002519053220748901,0.5555378198623657,0.4444621503353119
1,0.9995553225278855,0.000444677472114563,0.9994936257600784,0.0005063742399215698,0.9989928990602494,0.0010071009397506713,0.5086580574512481,0.49134194254875185,0.366323858499527,0.6336761713027954
1,0.9958747595548629,0.004125240445137024,0.9952193051576614,0.004780694842338562,0.9969180226325989,0.003081977367401123,0.40318329632282257,0.5968167036771774,0.10695410519838333,0.8930459022521973
1,0.9995286107063294,0.0004713892936706543,0.9994359135627746,0.0005640864372253418,0.9994069695472717,0.0005930304527282715,0.5197137713432312,0.4802862286567688,0.7625094056129456,0.23749059438705444
1,0.9993709117174149,0.0006290882825851441,0.9992991268634797,0.0007008731365203858,0.9995699107646943,0.0004300892353057861,0.9989241659641266,0.001075834035873413,0.11494950205087662,0.8850505352020264
1,0.999348321557045,0.0006516784429550171,0.9992921501398087,0.0007078498601913452,0.9175336688756943,0.08246633112430572,0.7521482676267623,0.2478517323732376,0.2396431714296341,0.7603568434715271
1,0.9981452167034149,0.001854783296585083,0.9973832935094833,0.0026167064905166628,0.8797839790582657,0.12021602094173431,0.46730342507362366,0.5326965749263763,0.11621280014514923,0.883787214756012
1,0.999506002664566,0.0004939973354339599,0.9994641572237015,0.000535842776298523,0.9798855513334275,0.02011444866657257,0.47683754861354827,0.5231624513864517,0.4233808219432831,0.5766192078590393
1,0.999426719546318,0.0005732804536819458,0.9993431836366653,0.0006568163633346557,0.9994863957166672,0.0005136042833328247,0.45601396560668944,0.5439860343933105,0.1305599808692932,0.8694400787353516
1,0.9995150983333587,0.00048490166664123536,0.9994524538516998,0.0005475461483001709,0.9995471775531769,0.00045282244682312014,0.944132336974144,0.05586766302585602,0.0550258606672287,0.9449741244316101
1,0.9995564162731171,0.0004435837268829346,0.9995020896196365,0.0004979103803634643,0.9995103597640991,0.0004896402359008789,0.2337029367685318,0.7662970632314682,0.7517696619033813,0.24823033809661865
1,0.9993756622076034,0.0006243377923965454,0.9993080884218216,0.0006919115781784058,0.9905185490846634,0.00948145091533661,0.9850608706474304,0.01493912935256958,0.45351967215538025,0.5464803576469421
1,0.9995700180530548,0.0004299819469451904,0.9995111346244812,0.0004888653755187988,0.9995305508375167,0.00046944916248321534,0.9993741154670716,0.0006258845329284668,0.10587269812822342,0.894127368927002
1,0.9995916187763214,0.00040838122367858887,0.9995430082082748,0.0004569917917251587,0.9995224744081497,0.00047752559185028077,0.9572079718112946,0.04279202818870544,0.05898284167051315,0.9410171508789062
1,0.9993014633655548,0.0006985366344451904,0.999214169383049,0.0007858306169509887,0.999456188082695,0.0005438119173049927,0.9711534768342972,0.02884652316570282,0.09973578155040741,0.9002642035484314
1,0.9537941217422485,0.046205878257751465,0.9566029965877533,0.043397003412246705,0.9865702003240585,0.013429799675941467,0.7479980379343033,0.2520019620656967,0.8126773834228516,0.18732264637947083
1,0.9993401288986206,0.0006598711013793945,0.9992077499628067,0.0007922500371932983,0.9992461413145065,0.0007538586854934692,0.8185481250286102,0.18145187497138976,0.21894308924674988,0.7810569405555725
1,0.9985672861337662,0.0014327138662338257,0.9984567940235138,0.001543205976486206,0.999141737818718,0.0008582621812820435,0.9917603850364685,0.008239614963531493,0.4909539818763733,0.5090460181236267
1,0.9993336081504822,0.0006663918495178223,0.9991809278726578,0.0008190721273422241,0.9784663259983063,0.021533674001693724,0.021937963366508485,0.9780620366334916,0.49154412746429443,0.5084558725357056
1,0.9995227336883545,0.0004772663116455078,0.9994534969329834,0.0005465030670166015,0.9868564784526825,0.013143521547317506,0.7534454613924026,0.24655453860759735,0.4365629553794861,0.5634371042251587
1,0.9995654791593551,0.00043452084064483644,0.9994914084672928,0.0005085915327072144,0.999547591805458,0.00045240819454193113,0.9947995603084564,0.005200439691543579,0.15596908330917358,0.8440309166908264
1,0.9993974536657333,0.0006025463342666626,0.99932741522789,0.0006725847721099854,0.9995524168014527,0.00044758319854736327,0.9889389485120773,0.011061051487922668,0.3590957224369049,0.6409043073654175
1,0.9995028436183929,0.0004971563816070556,0.9994776666164398,0.0005223333835601806,0.999400469660759,0.0005995303392410279,0.30041355788707735,0.6995864421129226,0.4655006229877472,0.5344993472099304
1,0.9992610394954682,0.0007389605045318604,0.9992215931415558,0.0007784068584442139,0.9436888366937637,0.05631116330623627,0.1345083624124527,0.8654916375875473,0.3203600347042084,0.679639995098114
1,0.9996034055948257,0.00039659440517425537,0.9995422154664994,0.0004577845335006714,0.9995388299226761,0.00046117007732391355,0.9876678109169006,0.012332189083099365,0.8718222379684448,0.12817780673503876
1,0.9994969874620437,0.0005030125379562378,0.9994435697793961,0.0005564302206039429,0.9995588213205338,0.00044117867946624756,0.9956020504236222,0.004397949576377869,0.07705498486757278,0.922944962978363
1,0.9995425134897232,0.00045748651027679446,0.9994883418083191,0.0005116581916809082,0.9003195106983185,0.09968048930168152,0.8528973013162613,0.1471026986837387,0.2868238687515259,0.7131761312484741
1,0.9993502497673035,0.0006497502326965332,0.9992777824401855,0.0007222175598144531,0.9995485365390777,0.0004514634609222412,0.9472529143095016,0.05274708569049835,0.05548844859004021,0.9445115923881531
1,0.9995131552219391,0.00048684477806091306,0.9994410693645477,0.0005589306354522705,0.999456137418747,0.0005438625812530518,0.7637218058109283,0.23627819418907164,0.4767979681491852,0.5232020020484924
1,0.9965830534696579,0.003416946530342102,0.9949311673641205,0.005068832635879516,0.9995480865240097,0.00045191347599029543,0.8981384813785553,0.1018615186214447,0.23753775656223297,0.7624622583389282
1,0.9990336120128631,0.0009663879871368408,0.9988940298557282,0.0011059701442718505,0.9560266256332397,0.04397337436676026,0.5448323130607605,0.4551676869392395,0.6234608888626099,0.37653911113739014
1,0.9994111478328704,0.0005888521671295166,0.9993339449167251,0.0006660550832748413,0.9995596021413803,0.0004403978586196899,0.030267199873924254,0.9697328001260758,0.47679901123046875,0.5232009887695312
1,0.9994829952716827,0.0005170047283172607,0.9994201004505158,0.000579899549484253,0.9995624840259552,0.0004375159740447998,0.9954568654298782,0.004543134570121765,0.23135724663734436,0.7686427235603333
1,0.9988439381122589,0.0011560618877410889,0.9987885087728501,0.0012114912271499634,0.9994604706764221,0.0005395293235778808,0.9295378476381302,0.07046215236186981,0.8668569922447205,0.13314303755760193
1,0.9989732533693314,0.0010267466306686402,0.9988977432250976,0.0011022567749023437,0.999542647600174,0.0004573523998260498,0.9949050188064575,0.005094981193542481,0.04936232790350914,0.9506376385688782
1,0.9991551220417023,0.0008448779582977295,0.9990726917982101,0.0009273082017898559,0.9995451182126999,0.00045488178730010984,0.996247285604477,0.003752714395523071,0.07216474413871765,0.9278352856636047
1,0.9993429064750672,0.0006570935249328614,0.9991892009973526,0.0008107990026473999,0.9995357185602188,0.000464281439781189,0.9745445340871811,0.025455465912818907,0.5816594958305359,0.4183405637741089
1,0.9995277285575866,0.00047227144241333006,0.9994785696268081,0.0005214303731918335,0.9966039329767227,0.003396067023277283,0.9877222657203675,0.012277734279632569,0.33268827199935913,0.6673117280006409
1,0.9994658678770065,0.0005341321229934692,0.999379962682724,0.000620037317276001,0.9995556622743607,0.00044433772563934326,0.8545500457286834,0.14544995427131652,0.05354386568069458,0.9464561343193054
1,0.9992247641086578,0.000775235891342163,0.9991753965616226,0.0008246034383773803,0.9984079152345657,0.0015920847654342651,0.04955631792545319,0.9504436820745468,0.20959562063217163,0.7904043793678284
1,0.9993707120418549,0.0006292879581451416,0.9992456793785095,0.0007543206214904785,0.9963669061660767,0.0036330938339233397,0.9977252423763275,0.0022747576236724853,0.9058981537818909,0.09410184621810913
1,0.999559074640274,0.00044092535972595215,0.9995035648345947,0.0004964351654052734,0.9994246393442154,0.000575360655784607,0.9933955818414688,0.006604418158531189,0.18076322972774506,0.8192368149757385
1,0.31683466732501986,0.6831653326749801,0.09428603649139404,0.905713963508606,0.45456680059432986,0.5454331994056701,0.3240639418363571,0.6759360581636429,0.051213741302490234,0.948786199092865
1,0.9994442105293274,0.0005557894706726074,0.9993892878293991,0.0006107121706008911,0.9960403501987457,0.003959649801254272,0.6535972416400909,0.3464027583599091,0.07413870841264725,0.9258612990379333
1,0.9981834858655929,0.0018165141344070434,0.9984903931617737,0.0015096068382263184,0.9800958126783371,0.0199041873216629,0.5749715149402619,0.42502848505973817,0.047929391264915466,0.9520705342292786
1,0.9995818972587586,0.0004181027412414551,0.9995237797498703,0.0004762202501296997,0.9995628893375397,0.00043711066246032715,0.247321617603302,0.752678382396698,0.07396689802408218,0.9260331392288208
1,0.9983549684286117,0.0016450315713882446,0.9983188062906265,0.0016811937093734741,0.9995446324348449,0.0004553675651550293,0.5915664911270142,0.40843350887298585,0.4979913532733917,0.5020086169242859
1,0.9497294783592224,0.05027052164077759,0.9286814838647842,0.07131851613521575,0.45330226719379424,0.5466977328062057,0.9445142179727555,0.055485782027244565,0.045657552778720856,0.9543424248695374
1,0.9993784308433533,0.0006215691566467286,0.9992693275213241,0.0007306724786758423,0.9375910133123397,0.06240898668766022,0.13751489520072938,0.8624851047992707,0.8948473930358887,0.10515264421701431
1,0.9993091344833374,0.0006908655166625976,0.9992019534111023,0.0007980465888977051,0.999527046084404,0.0004729539155960083,0.8886617124080658,0.1113382875919342,0.8636509776115417,0.13634900748729706
1,0.999320137500763,0.0006798624992370606,0.999252200126648,0.0007477998733520508,0.0498744934797287,0.9501255065202713,0.10643567740917206,0.893564322590828,0.31374308466911316,0.6862569451332092
1,0.9989636301994324,0.001036369800567627,0.9989643871784211,0.0010356128215789795,0.997368785738945,0.0026312142610549925,0.9918814241886139,0.008118575811386109,0.3162938356399536,0.6837061643600464
1,0.999069094657898,0.0009309053421020508,0.9989596128463745,0.0010403871536254882,0.9995400995016098,0.0004599004983901978,0.9979116529226303,0.00208834707736969,0.8277119398117065,0.17228810489177704
1,0.9992584556341171,0.0007415443658828735,0.9991188198328018,0.0008811801671981812,0.986942920088768,0.013057079911231995,0.15328839421272278,0.8467116057872772,0.2464277595281601,0.7535722255706787
1,0.9993979871273041,0.0006020128726959229,0.9993329077959061,0.0006670922040939331,0.9995681464672088,0.0004318535327911377,0.9993341445922852,0.0006658554077148438,0.1785065233707428,0.8214934468269348
1,0.9995521187782288,0.0004478812217712402,0.999491274356842,0.000508725643157959,0.9995297700166702,0.00047022998332977293,0.9645304292440414,0.03546957075595856,0.23910552263259888,0.7608944773674011
1,0.9994716942310333,0.0005283057689666748,0.9993970334529877,0.0006029665470123291,0.9790453433990478,0.020954656600952148,0.0796280026435852,0.9203719973564148,0.22353647649288177,0.7764635682106018
1,0.9982782900333405,0.001721709966659546,0.9979345291852951,0.002065470814704895,0.22370150089263915,0.7762984991073608,0.07158240675926208,0.9284175932407379,0.6418329477310181,0.35816702246665955
1,0.999421027302742,0.0005789726972579956,0.999336713552475,0.0006632864475250244,0.9989693105220795,0.0010306894779205321,0.5523000121116638,0.4476999878883362,0.17756834626197815,0.8224316835403442
1,0.9984748184680938,0.0015251815319061279,0.9979690253734589,0.0020309746265411376,0.9994036316871643,0.0005963683128356933,0.4560674041509628,0.5439325958490372,0.09166411310434341,0.9083358645439148
1,0.9988880544900894,0.0011119455099105834,0.998860114812851,0.0011398851871490478,0.9920279115438462,0.00797208845615387,0.9097571223974228,0.09024287760257721,0.12714402377605438,0.8728559017181396
1,0.9986663401126862,0.0013336598873138427,0.9985580801963806,0.0014419198036193849,0.9995018631219864,0.0004981368780136109,0.9946965962648392,0.005303403735160828,0.5876584649085999,0.41234156489372253
1,0.9995534747838974,0.0004465252161026001,0.9994806349277496,0.0005193650722503662,0.9995618253946305,0.0004381746053695679,0.9991976708173752,0.0008023291826248169,0.7684690356254578,0.23153100907802582
1,0.9984387785196305,0.001561221480369568,0.9983380228281021,0.001661977171897888,0.9990182429552078,0.0009817570447921754,0.49473493099212645,0.5052650690078735,0.0859442725777626,0.9140557646751404
1,0.9987904846668243,0.0012095153331756591,0.9986628979444504,0.0013371020555496215,0.9995155960321427,0.00048440396785736083,0.9986639022827148,0.0013360977172851562,0.6618745923042297,0.33812540769577026
1,0.9994907021522522,0.0005092978477478028,0.9994271725416184,0.0005728274583816529,0.9994942098855972,0.000505790114402771,0.9703127801418304,0.029687219858169557,0.23973660171031952,0.7602633833885193
1,0.9995649605989456,0.0004350394010543823,0.9995001375675201,0.0004998624324798584,0.9995706439018249,0.0004293560981750488,0.883157667517662,0.11684233248233795,0.056669630110263824,0.9433304071426392
1,0.9995535165071487,0.0004464834928512573,0.9994896084070206,0.0005103915929794312,0.9995476007461548,0.00045239925384521484,0.6147009760141373,0.38529902398586274,0.1028967946767807,0.8971031308174133
1,0.9989450186491012,0.0010549813508987428,0.9991808950901031,0.0008191049098968505,0.999108561873436,0.0008914381265640259,0.9830089241266251,0.01699107587337494,0.13049447536468506,0.8695055842399597
1,0.9995695948600769,0.0004304051399230957,0.9994994044303894,0.0005005955696105957,0.9995598733425141,0.00044012665748596194,0.9973459511995315,0.002654048800468445,0.11108681559562683,0.8889132142066956
1,0.9994821608066559,0.0005178391933441162,0.999411192536354,0.000588807463645935,0.9988595753908157,0.0011404246091842652,0.8277348726987839,0.17226512730121613,0.5671975612640381,0.4328024685382843
1,0.9994245737791061,0.0005754262208938598,0.9993236362934113,0.0006763637065887451,0.9995494693517685,0.0004505306482315063,0.9614303290843964,0.038569670915603635,0.0535142607986927,0.946485698223114
1,0.999524500966072,0.0004754990339279175,0.999446964263916,0.0005530357360839844,0.9995546609163284,0.00044533908367156984,0.3498871237039566,0.6501128762960434,0.7763450145721436,0.22365503013134003
1,0.9990494906902313,0.0009505093097686767,0.9989533632993698,0.001046636700630188,0.999564915895462,0.00043508410453796387,0.9226772397756576,0.07732276022434234,0.05963793024420738,0.9403620958328247
1,0.9994617700576782,0.0005382299423217773,0.9993540287017822,0.0006459712982177735,0.999555978178978,0.0004440218210220337,0.9746815323829651,0.025318467617034913,0.05694923177361488,0.943050742149353
1,0.9995920360088348,0.00040796399116516113,0.9995235621929168,0.0004764378070831299,0.9995611011981964,0.00043889880180358887,0.9927959412336349,0.0072040587663650514,0.5618591904640198,0.438140869140625
1,0.9993657022714615,0.0006342977285385132,0.9992938429117203,0.0007061570882797241,0.9983639299869538,0.0016360700130462647,0.9702200353145599,0.029779964685440065,0.38902658224105835,0.6109734177589417
1,0.9984501719474792,0.001549828052520752,0.9986026465892792,0.0013973534107208252,0.9944239735603333,0.005576026439666748,0.9986176788806915,0.0013823211193084717,0.6244205832481384,0.3755794167518616
1,0.9988097518682479,0.0011902481317520141,0.9985898286104202,0.001410171389579773,0.9299972593784332,0.07000274062156678,0.47421694099903106,0.5257830590009689,0.166845440864563,0.8331544995307922
1,0.9987088114023208,0.0012911885976791381,0.9985727608203888,0.001427239179611206,0.9994347602128982,0.0005652397871017456,0.9739153474569321,0.02608465254306793,0.09720417112112045,0.9027957916259766
1,0.9995445162057877,0.0004554837942123413,0.9994830667972565,0.0005169332027435303,0.9995506107807159,0.0004493892192840576,0.9887411922216416,0.01125880777835846,0.14679963886737823,0.853200376033783
1,0.9995624601840973,0.00043753981590270995,0.9995241850614548,0.00047581493854522707,0.9995673060417175,0.0004326939582824707,0.4609938055276871,0.5390061944723129,0.24738550186157227,0.7526144981384277
1,0.9994787454605103,0.0005212545394897461,0.9994138449430465,0.0005861550569534301,0.9936794549226761,0.006320545077323913,0.6376221418380738,0.36237785816192625,0.10287246853113174,0.8971275091171265
1,0.9992775440216064,0.0007224559783935546,0.9990897864103317,0.000910213589668274,0.9990274131298065,0.0009725868701934814,0.4692219585180283,0.5307780414819717,0.6611566543579102,0.33884337544441223
1,0.9982832610607147,0.0017167389392852782,0.9983277320861816,0.0016722679138183594,0.9995295643806458,0.00047043561935424807,0.8067228496074677,0.19327715039253235,0.8324836492538452,0.16751641035079956
1,0.9994213223457337,0.0005786776542663574,0.9993218660354615,0.0006781339645385743,0.99951673746109,0.0004832625389099121,0.8786187320947647,0.12138126790523529,0.060456812381744385,0.9395431876182556
1,0.9994199275970459,0.0005800724029541016,0.9993291586637497,0.0006708413362503052,0.9995267212390899,0.0004732787609100342,0.9960442841053009,0.003955715894699096,0.33171117305755615,0.6682888269424438
1,0.9990189164876938,0.0009810835123062133,0.9988476634025574,0.001152336597442627,0.9995717942714691,0.0004282057285308838,0.9950930386781692,0.004906961321830749,0.044135235249996185,0.9558647871017456
1,0.998518306016922,0.001481693983078003,0.9983238220214844,0.001676177978515625,0.982640665769577,0.017359334230422973,0.07310911417007446,0.9268908858299255,0.08578627556562424,0.9142137765884399
1,0.9995105743408204,0.0004894256591796875,0.9994519472122192,0.0005480527877807617,0.9993967205286026,0.0006032794713973999,0.3423502117395401,0.6576497882604599,0.3488408625125885,0.6511591076850891
1,0.9983503758907318,0.0016496241092681884,0.9980805158615113,0.0019194841384887694,0.93756063580513,0.06243936419486999,0.9648247390985489,0.03517526090145111,0.2404874563217163,0.7595125436782837
1,0.999512666463852,0.0004873335361480713,0.9994769603013992,0.000523039698600769,0.9991741478443146,0.0008258521556854248,0.997497820854187,0.002502179145812988,0.08366089314222336,0.916339099407196
1,0.5458382040262222,0.45416179597377776,0.43910841941833495,0.560891580581665,0.6361366927623748,0.3638633072376251,0.17686719000339507,0.8231328099966049,0.24958351254463196,0.7504165172576904
1,0.9982557088136673,0.0017442911863327025,0.9888205647468566,0.01117943525314331,0.9659068435430527,0.03409315645694733,0.7746218144893646,0.22537818551063538,0.04245792329311371,0.9575421214103699
1,0.9993833482265473,0.0006166517734527588,0.9992934197187424,0.0007065802812576294,0.9475793689489365,0.05242063105106354,0.9101171374320984,0.08988286256790161,0.42051082849502563,0.5794891715049744
1,0.9994466185569764,0.0005533814430236817,0.9993367195129395,0.0006632804870605469,0.9995418578386307,0.00045814216136932375,0.14460549950599672,0.8553945004940033,0.06366031616926193,0.9363396763801575
1,0.9995602339506149,0.0004397660493850708,0.9995057672262192,0.0004942327737808228,0.9995093017816543,0.000490698218345642,0.9986742615699769,0.0013257384300231934,0.07164327055215836,0.9283567070960999
1,0.999429178237915,0.0005708217620849609,0.9993464857339859,0.0006535142660140991,0.9995469093322754,0.0004530906677246094,0.7672897189855575,0.23271028101444244,0.31234633922576904,0.687653660774231
1,0.9995207607746124,0.00047923922538757325,0.9994780510663986,0.0005219489336013794,0.9995603144168854,0.000439685583114624,0.31136194467544553,0.6886380553245545,0.3327173590660095,0.6672827005386353
1,0.9986195713281631,0.001380428671836853,0.998309463262558,0.0016905367374420166,0.7045286267995834,0.29547137320041655,0.12039729058742524,0.8796027094125748,0.1249336525797844,0.875066339969635
1,0.9986595928668975,0.001340407133102417,0.9986032992601395,0.0013967007398605347,0.9994642674922943,0.0005357325077056885,0.7779910415410995,0.22200895845890045,0.653102695941925,0.34689733386039734
1,0.9991926789283753,0.0008073210716247559,0.9991592109203339,0.0008407890796661377,0.9968884468078614,0.0031115531921386717,0.23435514271259308,0.7656448572874069,0.3271045982837677,0.6728954315185547
1,0.9309603929519653,0.06903960704803466,0.9391873300075531,0.0608126699924469,0.8980537503957748,0.10194624960422516,0.40578984618186953,0.5942101538181305,0.452474981546402,0.5475250482559204
1,0.999461567401886,0.0005384325981140137,0.9993914008140564,0.0006085991859436035,0.9995562583208084,0.00044374167919158936,0.9990687638521194,0.0009312361478805542,0.062101349234580994,0.9378986954689026
1,0.9337763905525207,0.06622360944747925,0.9299077033996582,0.0700922966003418,0.6614239454269409,0.33857605457305906,0.051425331830978395,0.9485746681690216,0.049724116921424866,0.9502758979797363
1,0.9989433735609055,0.0010566264390945435,0.9988553941249847,0.0011446058750152587,0.999337700009346,0.0006622999906539917,0.9981300890445709,0.0018699109554290772,0.047722481191158295,0.9522775411605835
1,0.9995107322931289,0.0004892677068710327,0.9994401931762695,0.0005598068237304688,0.9995427876710892,0.00045721232891082764,0.9974866271018982,0.0025133728981018067,0.12149661034345627,0.8785033226013184
1,0.9994911015033722,0.0005088984966278076,0.9994443982839585,0.000555601716041565,0.9975490868091583,0.002450913190841675,0.5559734314680099,0.4440265685319901,0.2938387989997864,0.7061612606048584
1,0.9995738387107849,0.0004261612892150879,0.9995048701763153,0.0004951298236846924,0.9995317459106445,0.00046825408935546875,0.909048217535019,0.09095178246498108,0.9109624028205872,0.08903760462999344
1,0.9993637263774872,0.0006362736225128174,0.9991922944784164,0.0008077055215835571,0.9990609884262085,0.0009390115737915039,0.47798057198524474,0.5220194280147552,0.25881293416023254,0.7411870360374451
1,0.9994172245264054,0.0005827754735946655,0.9993213593959809,0.0006786406040191651,0.9990000694990158,0.0009999305009841919,0.7762803941965103,0.22371960580348968,0.42035600543022156,0.5796440243721008
1,0.9988578885793686,0.0011421114206314087,0.9987589627504349,0.0012410372495651246,0.9995016276836395,0.0004983723163604736,0.31007946133613584,0.6899205386638642,0.04310518503189087,0.9568948149681091
1,0.9995793581008912,0.0004206418991088867,0.9995270729064941,0.00047292709350585935,0.9995660126209259,0.0004339873790740967,0.9988380789756774,0.0011619210243225097,0.25275281071662903,0.7472471594810486
1,0.9989264011383057,0.001073598861694336,0.9988035202026367,0.0011964797973632812,0.9995601892471313,0.00043981075286865235,0.832385978102684,0.16761402189731597,0.0847194492816925,0.9152805209159851
1,0.9990857690572739,0.0009142309427261353,0.9990950971841812,0.0009049028158187866,0.9995596736669541,0.00044032633304595946,0.9992796838283539,0.0007203161716461181,0.5377472639083862,0.462252676486969
1,0.998421260714531,0.001578739285469055,0.998325914144516,0.0016740858554840088,0.9995222687721252,0.00047773122787475586,0.527636644244194,0.47236335575580596,0.04686061665415764,0.9531393647193909
1,0.9994752079248428,0.0005247920751571655,0.9994187951087952,0.000581204891204834,0.9995095819234848,0.0004904180765151978,0.07406684756278992,0.9259331524372101,0.1555447280406952,0.8444553017616272
1,0.9994046270847321,0.0005953729152679444,0.9993624418973923,0.0006375581026077271,0.9851634711027145,0.014836528897285461,0.5458137482404709,0.4541862517595291,0.643369197845459,0.356630802154541
1,0.99913409948349,0.0008659005165100097,0.9989958077669143,0.0010041922330856323,0.9913949489593505,0.008605051040649413,0.8683537364006042,0.13164626359939574,0.4439714252948761,0.5560285449028015
1,0.9992755383253098,0.0007244616746902466,0.999182203412056,0.0008177965879440308,0.999539652466774,0.0004603475332260132,0.9720659583806992,0.027934041619300843,0.07465258985757828,0.9253473877906799
1,0.9990544050931931,0.0009455949068069458,0.9990167647600174,0.000983235239982605,0.9995683491230011,0.00043165087699890135,0.9975025415420532,0.0024974584579467774,0.13036000728607178,0.8696399927139282
1,0.9991037368774414,0.0008962631225585937,0.9991194695234299,0.0008805304765701294,0.9995496988296508,0.0004503011703491211,0.9987476855516434,0.0012523144483566283,0.493272602558136,0.506727397441864
1,0.9843078196048737,0.01569218039512634,0.983588770031929,0.016411229968070984,0.9990218043327331,0.0009781956672668458,0.41271733641624453,0.5872826635837555,0.858100950717926,0.1418990194797516
1,0.999317792057991,0.0006822079420089721,0.9992487102746963,0.0007512897253036499,0.9995414018630981,0.00045859813690185547,0.8754378020763397,0.12456219792366027,0.15261432528495789,0.8473856449127197
1,0.9979939043521882,0.0020060956478118895,0.9983167350292206,0.001683264970779419,0.9993904113769532,0.000609588623046875,0.9719252258539199,0.028074774146080016,0.33617568016052246,0.6638242602348328
1,0.9995011240243912,0.0004988759756088257,0.999448937177658,0.0005510628223419189,0.9995550274848938,0.00044497251510620115,0.9922336101531982,0.0077663898468017575,0.5091012716293335,0.4908987283706665
1,0.9990438133478164,0.0009561866521835327,0.99890056848526,0.0010994315147399903,0.9768842399120331,0.023115760087966918,0.6003321260213852,0.3996678739786148,0.5144394636154175,0.4855605363845825
1,0.9992642432451249,0.0007357567548751831,0.9992104828357696,0.0007895171642303467,0.9995374292135238,0.00046257078647613523,0.9528761684894562,0.04712383151054382,0.11867031455039978,0.8813297152519226
1,0.9994985550642014,0.000501444935798645,0.999458247423172,0.000541752576828003,0.9993558168411255,0.0006441831588745117,0.970063516497612,0.029936483502388,0.2777887284755707,0.7222112417221069
1,0.9992953270673752,0.0007046729326248169,0.9991087853908539,0.0008912146091461182,0.9995659470558167,0.0004340529441833496,0.9985647439956665,0.001435256004333496,0.6902228593826294,0.30977708101272583
1,0.9981654167175293,0.0018345832824707032,0.9981981903314591,0.0018018096685409545,0.7445329636335373,0.25546703636646273,0.053225234150886536,0.9467747658491135,0.563621997833252,0.43637797236442566
1,0.9995535522699356,0.00044644773006439207,0.9994655042886734,0.0005344957113265991,0.9995491743087769,0.00045082569122314455,0.9939107477664948,0.006089252233505249,0.24906641244888306,0.7509335875511169
1,0.9987549036741257,0.0012450963258743286,0.9986184567213059,0.0013815432786941529,0.9994875252246856,0.000512474775314331,0.9984325140714645,0.0015674859285354614,0.7376174926757812,0.2623825669288635
1,0.9802780121564865,0.019721987843513488,0.9649836033582687,0.035016396641731264,0.9994138747453689,0.0005861252546310424,0.9823594123125077,0.01764058768749237,0.3936939239501953,0.6063060760498047
1,0.9968151360750198,0.0031848639249801637,0.9538594990968704,0.04614050090312958,0.8479360699653625,0.15206393003463745,0.4155667334794998,0.5844332665205002,0.04684961214661598,0.9531503915786743
1,0.9994484931230545,0.0005515068769454956,0.9993817299604416,0.0006182700395584107,0.9995108067989349,0.0004891932010650634,0.4467016339302063,0.5532983660697937,0.5621016025543213,0.4378983974456787
1,0.9989438056945801,0.0010561943054199219,0.9987329691648483,0.0012670308351516724,0.9968638926744461,0.003136107325553894,0.988467100262642,0.011532899737358094,0.19888436794281006,0.8011155724525452
1,0.9995447665452957,0.0004552334547042847,0.9994927018880844,0.0005072981119155883,0.9995301991701127,0.0004698008298873901,0.719932833313942,0.280067166686058,0.10448607802391052,0.8955139517784119
1,0.9995424270629882,0.00045757293701171876,0.9994937002658844,0.0005062997341156005,0.9995148420333863,0.00048515796661376955,0.9435850262641907,0.05641497373580932,0.08911135792732239,0.910888671875
1,0.9983907818794251,0.0016092181205749512,0.9982676893472672,0.001732310652732849,0.9995532512664795,0.0004467487335205078,0.7585810780525207,0.24141892194747924,0.048295728862285614,0.9517042636871338
1,0.9987889021635056,0.0012110978364944457,0.9987449049949646,0.0012550950050354004,0.9960813671350479,0.003918632864952087,0.777140998840332,0.22285900115966797,0.07908682525157928,0.9209131598472595
1,0.9994971454143524,0.000502854585647583,0.9994176149368286,0.0005823850631713867,0.9995682656764984,0.0004317343235015869,0.9754889458417892,0.024511054158210754,0.08997493237257004,0.9100250601768494
1,0.9994312286376953,0.0005687713623046875,0.9994207710027695,0.0005792289972305298,0.9995606452226639,0.0004393547773361206,0.9989590883255005,0.0010409116744995116,0.21610356867313385,0.7838963866233826
1,0.998817652463913,0.0011823475360870361,0.9986478149890899,0.0013521850109100343,0.9960345387458801,0.003965461254119873,0.9971078366041184,0.0028921633958816527,0.9031221866607666,0.096877820789814
1,0.999297884106636,0.0007021158933639526,0.9992162257432937,0.0007837742567062377,0.9995630145072937,0.0004369854927062988,0.9977181911468506,0.002281808853149414,0.45414212346076965,0.545857846736908
1,0.9995874434709549,0.000412556529045105,0.9995391249656678,0.0004608750343322754,0.9993164867162705,0.0006835132837295533,0.7433746069669723,0.25662539303302767,0.1163409948348999,0.8836589455604553
1,0.9995284825563431,0.0004715174436569214,0.9994607895612717,0.0005392104387283326,0.9992695152759552,0.0007304847240447998,0.5161255240440369,0.4838744759559631,0.8537166714668274,0.1462833732366562
1,0.999093946814537,0.0009060531854629516,0.9989704817533493,0.0010295182466506958,0.9994736313819885,0.0005263686180114746,0.4874595671892166,0.5125404328107834,0.9078745245933533,0.09212550520896912
1,0.9993884980678558,0.000611501932144165,0.9992917239665985,0.0007082760334014892,0.9690914809703827,0.03090851902961731,0.5445328474044799,0.45546715259552,0.6968360543251038,0.30316391587257385
1,0.9984777987003326,0.0015222012996673584,0.9978616058826446,0.002138394117355347,0.9632694542407989,0.03673054575920105,0.994628769159317,0.005371230840682984,0.04606540873646736,0.9539346098899841
1,0.871604961156845,0.1283950388431549,0.9136019736528397,0.08639802634716034,0.9207290053367615,0.07927099466323853,0.9296031832695008,0.07039681673049927,0.04330558702349663,0.956694483757019
1,0.9846375644207,0.015362435579299926,0.9990215420722961,0.0009784579277038574,0.9657113045454025,0.03428869545459747,0.43969217240810393,0.560307827591896,0.6109334230422974,0.3890666365623474
1,0.9990082830190659,0.000991716980934143,0.9989400833845139,0.001059916615486145,0.9967215657234192,0.0032784342765808105,0.950588658452034,0.049411341547966,0.7219892740249634,0.27801069617271423
1,0.9792082130908966,0.020791786909103393,0.9424777537584305,0.05752224624156952,0.9866111963987351,0.013388803601264954,0.857679158449173,0.14232084155082703,0.04821349307894707,0.951786458492279
1,0.9994071274995804,0.0005928725004196167,0.9993235230445862,0.0006764769554138183,0.9995607048273086,0.0004392951726913452,0.9915992558002472,0.008400744199752808,0.16464237868785858,0.835357666015625
1,0.9994801253080368,0.0005198746919631958,0.9994091629981995,0.0005908370018005371,0.9556379079818725,0.04436209201812744,0.4485662192106247,0.5514337807893753,0.5059422850608826,0.4940577447414398
1,0.9979524731636047,0.002047526836395264,0.9973272174596787,0.00267278254032135,0.9981329649686813,0.0018670350313186646,0.425406351685524,0.574593648314476,0.37314373254776,0.62685626745224
1,0.9994876861572266,0.0005123138427734375,0.9994205057621002,0.0005794942378997802,0.9993962466716766,0.0006037533283233642,0.9848258376121521,0.015174162387847901,0.5006648302078247,0.4993351399898529
1,0.9995656967163086,0.00043430328369140623,0.9995129585266114,0.00048704147338867186,0.9995421677827835,0.0004578322172164917,0.9921081691980362,0.007891830801963807,0.10499991476535797,0.8950000405311584
1,0.9994961500167847,0.0005038499832153321,0.9994498461484909,0.0005501538515090942,0.9985672950744628,0.0014327049255371093,0.7320046961307526,0.2679953038692474,0.14896097779273987,0.8510389924049377
1,0.9991396993398667,0.0008603006601333619,0.9989412605762482,0.001058739423751831,0.03487782180309296,0.965122178196907,0.3917114496231079,0.6082885503768921,0.49775415658950806,0.5022458434104919
1,0.9697287648916244,0.03027123510837555,0.9736131370067597,0.026386862993240355,0.9291078984737396,0.07089210152626038,0.9810936421155929,0.018906357884407043,0.475140780210495,0.5248592495918274
1,0.994500994682312,0.005499005317687988,0.9861905753612519,0.01380942463874817,0.9995456814765931,0.0004543185234069824,0.9499096661806107,0.05009033381938934,0.055468618869781494,0.9445313811302185
1,0.9977903097867966,0.00220969021320343,0.997089296579361,0.002910703420639038,0.5136151582002639,0.486384841799736,0.39856743812561035,0.6014325618743896,0.49991413950920105,0.5000858902931213
1,0.9867178559303283,0.01328214406967163,0.9877658277750015,0.012234172224998474,0.980051440000534,0.01994855999946594,0.7970837116241455,0.2029162883758545,0.9079979658126831,0.09200210869312286
1,0.9986310690641403,0.00136893093585968,0.9984077692031861,0.0015922307968139649,0.9557204186916352,0.04427958130836487,0.12392684519290924,0.8760731548070908,0.12070981413125992,0.8792902231216431
1,0.9995178580284119,0.00048214197158813477,0.9994458198547364,0.0005541801452636719,0.9994110554456711,0.0005889445543289185,0.22716399133205414,0.7728360086679459,0.8138644695281982,0.18613553047180176
1,0.9995484203100204,0.0004515796899795532,0.9995035082101822,0.0004964917898178101,0.9991537183523178,0.0008462816476821899,0.9282128065824509,0.07178719341754913,0.8188381791114807,0.1811618208885193
1,0.9991225451231003,0.0008774548768997192,0.9991236954927445,0.0008763045072555542,0.999537143111229,0.0004628568887710571,0.707130628824234,0.292869371175766,0.09350790083408356,0.9064921140670776
1,0.999492946267128,0.0005070537328720093,0.9994690239429473,0.0005309760570526123,0.9995718240737915,0.0004281759262084961,0.8501600801944733,0.14983991980552674,0.09328829497098923,0.9067116379737854
1,0.9995611727237701,0.0004388272762298584,0.9994945853948594,0.0005054146051406861,0.9995287388563157,0.0004712611436843872,0.9715063005685807,0.028493699431419373,0.8611963391304016,0.1388036608695984
1,0.9993048697710037,0.0006951302289962769,0.9993083387613296,0.0006916612386703491,0.9994376510381698,0.0005623489618301391,0.3500534802675247,0.6499465197324753,0.09431325644254684,0.9056867361068726
1,0.999408558011055,0.0005914419889450073,0.9993315547704696,0.0006684452295303345,0.9995739936828614,0.00042600631713867186,0.9068849146366119,0.09311508536338806,0.059219107031822205,0.9407808780670166
1,0.9995047897100449,0.0004952102899551392,0.9994326412677765,0.0005673587322235108,0.9995612025260925,0.0004387974739074707,0.34431511759757993,0.6556848824024201,0.3528538942337036,0.6471461057662964
1,0.999505952000618,0.000494047999382019,0.9994265049695968,0.0005734950304031372,0.9993955165147781,0.0006044834852218627,0.6836514890193939,0.31634851098060607,0.33967673778533936,0.6603232622146606
1,0.9994019359350205,0.0005980640649795532,0.9993188917636872,0.0006811082363128662,0.8650853663682938,0.13491463363170625,0.03229377269744873,0.9677062273025513,0.5461413860321045,0.4538585841655731
1,0.9995420396327972,0.0004579603672027588,0.9994994729757309,0.000500527024269104,0.9995426744222641,0.00045732557773590086,0.9691712647676468,0.03082873523235321,0.31028515100479126,0.6897148489952087
1,0.9995207548141479,0.00047924518585205076,0.9994478464126587,0.0005521535873413086,0.9992823660373688,0.0007176339626312256,0.6667297303676605,0.33327026963233947,0.5612278580665588,0.43877217173576355
1,0.9995440661907196,0.0004559338092803955,0.9994460731744766,0.0005539268255233765,0.9992812395095825,0.0007187604904174804,0.17030782103538514,0.8296921789646149,0.49211573600769043,0.5078842639923096
1,0.9995226353406906,0.00047736465930938723,0.9994576036930084,0.0005423963069915771,0.9992374867200852,0.000762513279914856,0.14261383414268494,0.8573861658573151,0.24549882113933563,0.754501223564148
1,0.999263134598732,0.0007368654012680053,0.9991751730442047,0.000824826955795288,0.999423760175705,0.000576239824295044,0.9493708223104477,0.05062917768955231,0.12691465020179749,0.8730853199958801
1,0.9978152394294739,0.002184760570526123,0.9941029608249664,0.005897039175033569,0.8607956081628799,0.13920439183712005,0.8698217302560807,0.13017826974391938,0.06850903481245041,0.931490957736969
1,0.7941759049892425,0.20582409501075744,0.4724258273839951,0.5275741726160049,0.7111194908618927,0.2888805091381073,0.07424376904964447,0.9257562309503555,0.5565394759178162,0.44346049427986145
1,0.9992229551076889,0.0007770448923110962,0.9990922719240188,0.0009077280759811401,0.9582083761692047,0.04179162383079529,0.9200880110263825,0.07991198897361755,0.10623322427272797,0.8937667608261108
1,0.9992419600486755,0.0007580399513244628,0.9986425518989563,0.0013574481010437012,0.7143624544143676,0.2856375455856323,0.12349815666675568,0.8765018433332443,0.19578054547309875,0.8042194247245789
1,0.9994687646627426,0.0005312353372573852,0.9994416445493698,0.000558355450630188,0.9995129615068435,0.0004870384931564331,0.9940758377313614,0.005924162268638611,0.21776175498962402,0.782238245010376
1,0.9995123237371445,0.0004876762628555298,0.9994578063488007,0.0005421936511993408,0.9995626032352447,0.00043739676475524903,0.697539535164833,0.3024604648351669,0.6683247685432434,0.331675261259079
1,0.999163669347763,0.0008363306522369384,0.9991002768278122,0.0008997231721878052,0.9995443165302277,0.0004556834697723389,0.9966330975294113,0.003366902470588684,0.20884570479393005,0.7911542654037476
1,0.9993385285139084,0.0006614714860916137,0.9992346704006195,0.0007653295993804932,0.9921575218439103,0.007842478156089783,0.40448344349861143,0.5955165565013886,0.8165996670722961,0.18340031802654266
1,0.9995369404554367,0.0004630595445632935,0.999476769566536,0.0005232304334640503,0.9994531869888306,0.0005468130111694336,0.9969084709882736,0.0030915290117263794,0.36128807067871094,0.6387119889259338
1,0.9879714012145996,0.01202859878540039,0.9938771069049835,0.00612289309501648,0.9992963701486588,0.0007036298513412476,0.9862319111824036,0.013768088817596436,0.045983266085386276,0.9540167450904846
1,0.9995597928762436,0.0004402071237564087,0.9995060831308364,0.0004939168691635131,0.9995012551546096,0.0004987448453903198,0.9942003667354584,0.005799633264541626,0.893089771270752,0.10691028088331223
1,0.9993773251771927,0.000622674822807312,0.9992655098438263,0.0007344901561737061,0.2890670567750931,0.710932943224907,0.09833301603794098,0.901666983962059,0.09212841838598251,0.9078715443611145
1,0.9994645237922668,0.0005354762077331543,0.9993974268436432,0.0006025731563568115,0.998912462592125,0.001087537407875061,0.8160440355539322,0.18395596444606782,0.09970921277999878,0.9002907872200012
1,0.9991772651672364,0.0008227348327636719,0.9991004735231399,0.0008995264768600463,0.9995395541191101,0.0004604458808898926,0.8830367714166641,0.11696322858333588,0.05766906589269638,0.9423308968544006
1,0.9995433032512665,0.00045669674873352053,0.9994844228029252,0.0005155771970748902,0.9994204938411713,0.0005795061588287354,0.995792829990387,0.0042071700096130375,0.10093624144792557,0.8990637063980103
1,0.9994661957025528,0.0005338042974472046,0.9994170188903808,0.0005829811096191406,0.6255467563867569,0.3744532436132431,0.26616914868354796,0.733830851316452,0.619469940662384,0.3805300295352936
1,0.9995678663253784,0.00043213367462158203,0.9995195090770721,0.00048049092292785646,0.9995661944150924,0.00043380558490753175,0.6378563731908798,0.36214362680912016,0.06986594200134277,0.9301339983940125
1,0.9986962080001831,0.0013037919998168945,0.9987501561641693,0.0012498438358306886,0.9995289713144302,0.0004710286855697632,0.70721535384655,0.29278464615345,0.6019524931907654,0.39804747700691223
1,0.9992119461297989,0.0007880538702011109,0.9990722596645355,0.0009277403354644775,0.9991456568241119,0.0008543431758880615,0.946580383181572,0.05341961681842804,0.6828291416168213,0.3171708583831787
1,0.9992844074964523,0.0007155925035476684,0.9992122024297714,0.0007877975702285766,0.975991016626358,0.02400898337364197,0.9539314597845078,0.04606854021549225,0.9083222150802612,0.09167777001857758
1,0.9993613243103028,0.0006386756896972657,0.9992834478616714,0.0007165521383285522,0.9995541125535965,0.0004458874464035034,0.9537592560052872,0.04624074399471283,0.1562165468931198,0.843783438205719
1,0.9995682686567307,0.00043173134326934814,0.9995213866233825,0.00047861337661743165,0.9994267582893371,0.0005732417106628418,0.6229894876480102,0.37701051235198973,0.08396632969379425,0.9160336852073669
1,0.9992769598960877,0.0007230401039123535,0.9991855293512344,0.0008144706487655639,0.9994809329509735,0.0005190670490264893,0.8663982003927231,0.13360179960727692,0.07526134699583054,0.9247387051582336
1,0.9977888494729996,0.002211150527000427,0.9977289378643036,0.002271062135696411,0.9995685338973999,0.00043146610260009767,0.9979270815849304,0.0020729184150695803,0.48845744132995605,0.511542558670044
1,0.9991431653499603,0.0008568346500396728,0.9992058902978898,0.0007941097021102906,0.9981489896774292,0.0018510103225708007,0.9987386465072632,0.0012613534927368164,0.1273774653673172,0.872622549533844
1,0.999312338232994,0.0006876617670059204,0.9991462171077728,0.0008537828922271729,0.9995396435260773,0.0004603564739227295,0.995735964179039,0.004264035820960998,0.8812645077705383,0.11873550713062286
1,0.9970586776733399,0.002941322326660156,0.9964791357517242,0.003520864248275757,0.9995127707719803,0.0004872292280197144,0.9865364074707031,0.013463592529296875,0.4275854527950287,0.5724145174026489
1,0.9991504609584808,0.000849539041519165,0.9991084992885589,0.00089150071144104,0.9995066195726394,0.0004933804273605346,0.9551667392253875,0.04483326077461243,0.045447155833244324,0.9545527696609497
1,0.9995885968208313,0.00041140317916870116,0.9995326638221741,0.00046733617782592776,0.9994035691022873,0.0005964308977127076,0.2565934181213379,0.7434065818786622,0.11626428365707397,0.8837357759475708
1,0.9992703050374985,0.0007296949625015259,0.9991639196872711,0.0008360803127288819,0.9995344310998917,0.0004655689001083374,0.9973674207925797,0.002632579207420349,0.11559057235717773,0.884409487247467
1,0.9992456495761871,0.0007543504238128662,0.9990481555461883,0.0009518444538116455,0.9994342356920243,0.0005657643079757691,0.9887794405221939,0.011220559477806091,0.09769372642040253,0.9023062586784363
1,0.9995337963104248,0.00046620368957519533,0.999470129609108,0.0005298703908920288,0.9990937381982803,0.0009062618017196655,0.08706406950950622,0.9129359304904938,0.06263275444507599,0.9373672008514404
1,0.9995078444480896,0.0004921555519104004,0.9994513601064682,0.0005486398935317993,0.9497996717691422,0.05020032823085785,0.7826991945505142,0.21730080544948577,0.4129500091075897,0.5870500206947327
1,0.9994553714990616,0.0005446285009384155,0.9993677705526351,0.0006322294473648071,0.9995622009038925,0.0004377990961074829,0.9857559323310852,0.014244067668914794,0.8998133540153503,0.10018661618232727
1,0.9993345230817795,0.00066547691822052,0.9992179274559021,0.0007820725440979004,0.9995657920837402,0.00043420791625976564,0.9568438470363617,0.043156152963638304,0.2591054141521454,0.740894615650177
1,0.9994987994432449,0.0005012005567550659,0.9994420796632767,0.0005579203367233277,0.9995131194591522,0.0004868805408477783,0.8729073882102967,0.12709261178970338,0.1329275369644165,0.8670724630355835
1,0.9993919909000397,0.0006080090999603272,0.9992870450019836,0.0007129549980163574,0.9995752036571502,0.0004247963428497314,0.9993106663227082,0.0006893336772918701,0.05135505273938179,0.9486449360847473
1,0.999390572309494,0.0006094276905059814,0.9993115931749343,0.0006884068250656127,0.9995627015829086,0.0004372984170913696,0.9956311255693435,0.004368874430656433,0.12435118854045868,0.8756487965583801
1,0.9990270614624024,0.0009729385375976563,0.9989323556423187,0.0010676443576812743,0.9995586633682251,0.0004413366317749023,0.9909096688032151,0.009090331196784974,0.8644198179244995,0.13558019697666168
1,0.8599686920642853,0.14003130793571472,0.7802023708820343,0.2197976291179657,0.8880739122629165,0.11192608773708343,0.7900914072990417,0.20990859270095824,0.56917804479599,0.43082195520401
1,0.9975973337888717,0.002402666211128235,0.9970057398080826,0.0029942601919174193,0.8477409362792969,0.15225906372070314,0.042307525873184204,0.9576924741268158,0.23436887562274933,0.7656310796737671
1,0.8653838634490967,0.13461613655090332,0.9004478752613068,0.09955212473869324,0.7997559279203414,0.2002440720796585,0.4031382143497467,0.5968617856502533,0.3205340802669525,0.6794658899307251
1,0.9993997186422348,0.0006002813577651977,0.9992907047271729,0.0007092952728271484,0.9899879962205886,0.010012003779411315,0.10852085947990417,0.8914791405200958,0.09718888252973557,0.9028111696243286
1,0.9992340087890625,0.0007659912109375,0.9991555511951447,0.0008444488048553467,0.9960307329893112,0.003969267010688782,0.7392843574285507,0.2607156425714493,0.45596253871917725,0.5440374612808228
1,0.9969319611787796,0.003068038821220398,0.9961573302745819,0.003842669725418091,0.8622184038162232,0.13778159618377686,0.8169698804616928,0.1830301195383072,0.35169216990470886,0.6483078002929688
1,0.9985458105802536,0.001454189419746399,0.9984691381454468,0.0015308618545532226,0.9995577961206437,0.00044220387935638427,0.9993110448122025,0.0006889551877975464,0.05840080976486206,0.9415991306304932
1,0.9993286669254303,0.0006713330745697022,0.9993453830480575,0.0006546169519424438,0.999562406539917,0.00043759346008300783,0.9833605259656906,0.016639474034309387,0.04243827611207962,0.9575616717338562
1,0.9991238087415695,0.0008761912584304809,0.9989654064178467,0.0010345935821533202,0.9995458513498306,0.0004541486501693726,0.9973876446485519,0.0026123553514480593,0.26666632294654846,0.7333336472511292
1,0.9991674929857254,0.0008325070142745971,0.9991012543439866,0.0008987456560134888,0.9992121994495392,0.0007878005504608155,0.9857459008693695,0.014254099130630494,0.4199858009815216,0.5800142288208008
1,0.9990057587623596,0.0009942412376403808,0.9988968729972839,0.0011031270027160645,0.9995697796344757,0.00043022036552429197,0.9991447538137436,0.0008552461862564087,0.3156666159629822,0.6843333840370178
1,0.9994270294904709,0.0005729705095291138,0.9993275195360184,0.0006724804639816284,0.9995657742023468,0.00043422579765319826,0.9979359775781631,0.002064022421836853,0.07155241072177887,0.9284475445747375
1,0.9994958817958832,0.0005041182041168213,0.9994144797325134,0.0005855202674865722,0.9995631992816925,0.00043680071830749513,0.7558735936880112,0.24412640631198884,0.35234057903289795,0.647659420967102
1,0.9992653518915177,0.0007346481084823609,0.9991399198770523,0.0008600801229476929,0.9992824405431747,0.0007175594568252563,0.9700567096471786,0.02994329035282135,0.0820479765534401,0.9179520010948181
1,0.9996007978916168,0.0003992021083831787,0.9995467394590378,0.00045326054096221923,0.9995220571756362,0.0004779428243637085,0.9994016468524933,0.0005983531475067139,0.364416241645813,0.6355836987495422
1,0.9993909537792206,0.000609046220779419,0.9993352562189102,0.0006647437810897827,0.9994918763637543,0.0005081236362457275,0.9852743715047836,0.014725628495216369,0.5604782700538635,0.4395217001438141
1,0.9994504958391189,0.0005495041608810425,0.9993624180555344,0.0006375819444656372,0.9995253950357437,0.00047460496425628663,0.9991738587617874,0.0008261412382125855,0.08709030598402023,0.912909746170044
1,0.9995961010456085,0.0004038989543914795,0.9995565295219422,0.0004434704780578613,0.9995702862739563,0.00042971372604370115,0.9972211986780166,0.0027788013219833376,0.17102986574172974,0.8289701342582703
1,0.9995413422584534,0.00045865774154663086,0.9995267391204834,0.00047326087951660156,0.9995349049568176,0.00046509504318237305,0.9974471300840377,0.0025528699159622194,0.27902913093566895,0.7209708094596863
1,0.9994994074106216,0.0005005925893783569,0.9994275391101837,0.0005724608898162841,0.9995662927627563,0.0004337072372436523,0.8287228554487228,0.17127714455127716,0.06004534661769867,0.9399546384811401
1,0.9994451731443406,0.0005548268556594849,0.9993605583906173,0.0006394416093826294,0.9994648665189743,0.0005351334810256958,0.5090366423130035,0.49096335768699645,0.05514266714453697,0.9448573589324951
1,0.9989225953817368,0.0010774046182632445,0.9982079297304154,0.0017920702695846558,0.3856732428073883,0.6143267571926116,0.30496845245361326,0.6950315475463867,0.22428230941295624,0.7757176756858826
1,0.99945547580719,0.0005445241928100586,0.9994402229785919,0.0005597770214080811,0.9995675623416901,0.00043243765830993655,0.9732640504837036,0.026735949516296386,0.6018999814987183,0.39809995889663696
1,0.9393970310688019,0.06060296893119812,0.8626049488782883,0.13739505112171174,0.9573824822902679,0.04261751770973206,0.7728286474943161,0.2271713525056839,0.06458541005849838,0.9354145526885986
1,0.9993932873010636,0.0006067126989364624,0.9992787837982178,0.0007212162017822266,0.9995575398206711,0.00044246017932891846,0.9845074087381362,0.015492591261863708,0.5691952109336853,0.4308047592639923
1,0.9991391241550446,0.0008608758449554444,0.9990858346223831,0.0009141653776168823,0.949839174747467,0.05016082525253296,0.7801391184329987,0.21986088156700134,0.0900498703122139,0.9099500775337219
1,0.9994748294353485,0.0005251705646514892,0.9994097739458084,0.0005902260541915894,0.999273082613945,0.0007269173860549927,0.3654856294393539,0.6345143705606461,0.06836099177598953,0.9316390156745911
1,0.9993689090013504,0.0006310909986495972,0.9995043337345123,0.0004956662654876709,0.9995439231395722,0.00045607686042785643,0.9924832046031952,0.007516795396804809,0.48728370666503906,0.5127162337303162
1,0.9995438158512115,0.00045618414878845215,0.9994744211435318,0.0005255788564682007,0.9995631486177444,0.0004368513822555542,0.8327159464359284,0.16728405356407167,0.12246651202440262,0.8775335550308228
1,0.996815875172615,0.0031841248273849487,0.9768182039260864,0.023181796073913574,0.9821077436208725,0.017892256379127502,0.5467708110809326,0.4532291889190674,0.04249471426010132,0.9575052857398987
1,0.9994545638561249,0.000545436143875122,0.9993755728006363,0.0006244271993637085,0.9982054650783538,0.0017945349216461181,0.47779727578163145,0.5222027242183686,0.06118693947792053,0.9388130307197571
1,0.9995785474777221,0.00042145252227783204,0.9995205283164978,0.00047947168350219725,0.9995605319738388,0.00043946802616119386,0.10760705471038819,0.8923929452896118,0.057311736047267914,0.9426882863044739
1,0.9981459468603134,0.0018540531396865844,0.9981854736804963,0.0018145263195037842,0.9905513405799866,0.009448659420013428,0.024579420685768127,0.9754205793142319,0.29001089930534363,0.7099891304969788
1,0.9989186435937881,0.0010813564062118531,0.9986686527729034,0.0013313472270965576,0.9995663791894913,0.000433620810508728,0.8453412145376206,0.15465878546237946,0.30779361724853516,0.6922064423561096
1,0.9994326382875443,0.0005673617124557495,0.9993799090385437,0.0006200909614562988,0.9853704035282135,0.014629596471786499,0.8438070148229599,0.1561929851770401,0.21852312982082367,0.7814768552780151
1,0.9995418936014175,0.0004581063985824585,0.9994961827993393,0.0005038172006607055,0.9995665073394775,0.00043349266052246095,0.29716079831123354,0.7028392016887665,0.6031628251075745,0.39683717489242554
1,0.9986054927110672,0.0013945072889328003,0.9983424842357635,0.0016575157642364502,0.702963674068451,0.29703632593154905,0.22184847593307494,0.778151524066925,0.7381308674812317,0.2618691027164459
1,0.9994709581136704,0.0005290418863296509,0.999388474225998,0.0006115257740020752,0.9994868576526642,0.0005131423473358155,0.11680967211723328,0.8831903278827667,0.6505705714225769,0.3494293689727783
1,0.9991743922233581,0.0008256077766418457,0.9990221828222274,0.000977817177772522,0.9993283808231354,0.000671619176864624,0.6803984433412552,0.3196015566587448,0.24201558530330658,0.757984459400177
1,0.9993069171905518,0.0006930828094482422,0.9991656959056854,0.0008343040943145752,0.9995398640632629,0.00046013593673706056,0.9789480268955231,0.02105197310447693,0.49062344431877136,0.5093765258789062
1,0.9955969035625458,0.0044030964374542235,0.9972258001565933,0.002774199843406677,0.9995232313871384,0.0004767686128616333,0.9794003188610076,0.02059968113899231,0.06320483982563019,0.9367951154708862
1,0.9994417369365692,0.0005582630634307862,0.9993645429611206,0.0006354570388793946,0.9982637882232666,0.0017362117767333984,0.8522017300128937,0.14779826998710632,0.39459118247032166,0.6054088473320007
1,0.9978630483150482,0.002136951684951782,0.9976993292570114,0.0023006707429885863,0.999557512998581,0.00044248700141906737,0.4910215824842453,0.5089784175157547,0.5489349365234375,0.4510650634765625
1,0.9994672775268555,0.0005327224731445313,0.9993749022483825,0.0006250977516174316,0.9995392769575119,0.0004607230424880981,0.9970337599515915,0.0029662400484085083,0.6135398149490356,0.38646018505096436
1,0.9994787633419037,0.0005212366580963135,0.999395164847374,0.0006048351526260376,0.9847111970186233,0.015288802981376647,0.9187032222747803,0.08129677772521973,0.8859922885894775,0.11400767415761948
1,0.9993167042732238,0.000683295726776123,0.9992592483758926,0.0007407516241073608,0.9883369088172913,0.011663091182708741,0.6485019296407699,0.35149807035923003,0.17544128000736237,0.824558675289154
1,0.9994880199432373,0.0005119800567626953,0.9994569569826126,0.0005430430173873901,0.9995650559663772,0.0004349440336227417,0.9946627914905548,0.00533720850944519,0.07699558138847351,0.9230044484138489
1,0.9994718790054321,0.0005281209945678711,0.9994011640548706,0.0005988359451293945,0.9995196610689163,0.0004803389310836792,0.9850742042064666,0.014925795793533325,0.1463463455438614,0.8536536693572998
1,0.9988126218318939,0.0011873781681060792,0.9987436652183532,0.0012563347816467285,0.9995357662439346,0.00046423375606536866,0.9990524679422379,0.000947532057762146,0.04290643334388733,0.9570935368537903
1,0.999053168296814,0.0009468317031860352,0.99897241294384,0.001027587056159973,0.3093145936727524,0.6906854063272476,0.6441616028547287,0.3558383971452713,0.8085594177246094,0.1914406269788742
1,0.9995455265045166,0.00045447349548339845,0.9994756639003753,0.0005243360996246338,0.9995449662208558,0.0004550337791442871,0.9961083501577377,0.0038916498422622682,0.23556360602378845,0.7644363641738892
1,0.9995361238718032,0.0004638761281967163,0.9994641125202179,0.0005358874797821045,0.9995470076799393,0.00045299232006072997,0.7827645152807235,0.21723548471927642,0.1400778442621231,0.8599221706390381
1,0.9992480158805848,0.0007519841194152832,0.9990586906671524,0.0009413093328475952,0.32066739201545713,0.6793326079845429,0.09006574153900146,0.9099342584609985,0.4737456738948822,0.5262542963027954
1,0.9993431538343429,0.0006568461656570434,0.9992719262838363,0.0007280737161636352,0.9995494991540909,0.00045050084590911863,0.9961982786655426,0.0038017213344573976,0.5768318176269531,0.4231681525707245
1,0.9992673486471176,0.0007326513528823853,0.9991277992725373,0.0008722007274627686,0.9995336443185806,0.00046635568141937254,0.9988001704216003,0.0011998295783996582,0.20642970502376556,0.793570339679718
1,0.9995448768138886,0.0004551231861114502,0.9994803696870804,0.0005196303129196167,0.999568659067154,0.0004313409328460693,0.9840805053710937,0.01591949462890625,0.10751300305128098,0.8924870491027832
1,0.9990825980901719,0.0009174019098281861,0.9989553153514862,0.001044684648513794,0.999542024731636,0.00045797526836395265,0.9890490889549255,0.010950911045074462,0.7579529881477356,0.24204708635807037
1,0.897758013010025,0.10224198698997497,0.750456041097641,0.249543958902359,0.6808266580104828,0.3191733419895172,0.1597472459077835,0.8402527540922164,0.04601157456636429,0.9539884328842163
1,0.9992823660373688,0.0007176339626312256,0.9991216778755188,0.0008783221244812011,0.746548730134964,0.253451269865036,0.25492420196533205,0.745075798034668,0.4646212160587311,0.5353787541389465
1,0.9992652475833893,0.0007347524166107178,0.9992055714130401,0.0007944285869598388,0.9995625704526901,0.0004374295473098755,0.995822873711586,0.004177126288414002,0.053498804569244385,0.9465011954307556
1,0.9988736063241959,0.0011263936758041382,0.9987221091985703,0.0012778908014297486,0.25812078416347506,0.7418792158365249,0.6541489422321319,0.34585105776786806,0.4263170063495636,0.5736830234527588
1,0.9986557304859162,0.0013442695140838622,0.9977302521467208,0.002269747853279114,0.9898393899202347,0.01016061007976532,0.5776309579610824,0.42236904203891756,0.05366436019539833,0.9463356733322144
1,0.9995533555746079,0.00044664442539215087,0.9995053857564926,0.0004946142435073853,0.999551284313202,0.0004487156867980957,0.8562122464179993,0.14378775358200074,0.1094869002699852,0.8905130624771118
1,0.999600100517273,0.00039989948272705077,0.9995393335819245,0.0004606664180755615,0.9994497567415237,0.0005502432584762573,0.5205866277217865,0.4794133722782135,0.19792425632476807,0.8020757436752319
1,0.986975547671318,0.013024452328681945,0.9917925029993058,0.008207497000694276,0.9962088465690613,0.0037911534309387207,0.9209284514188767,0.07907154858112335,0.055591464042663574,0.9444085359573364
1,0.9972684472799301,0.002731552720069885,0.9963046193122864,0.003695380687713623,0.9928314745426178,0.007168525457382202,0.9657663851976395,0.034233614802360535,0.5132656693458557,0.4867342710494995
1,0.9995302706956863,0.00046972930431365967,0.9994634807109832,0.0005365192890167236,0.9994839668273926,0.0005160331726074219,0.46043136417865754,0.5395686358213425,0.18887341022491455,0.8111265897750854
1,0.999553182721138,0.00044681727886199953,0.9994989067316056,0.0005010932683944703,0.9994369864463806,0.0005630135536193847,0.34663209319114685,0.6533679068088531,0.16638009250164032,0.8336198925971985
1,0.999324381351471,0.0006756186485290527,0.9992492645978928,0.0007507354021072388,0.6976170837879181,0.3023829162120819,0.14705585241317748,0.8529441475868225,0.2637052536010742,0.7362947463989258
1,0.9994637757539749,0.0005362242460250855,0.9993833690881729,0.0006166309118270874,0.9995550453662873,0.0004449546337127686,0.8235988199710846,0.17640118002891542,0.12009018659591675,0.8799098134040833
1,0.9992782026529312,0.0007217973470687866,0.9992182433605195,0.0007817566394805909,0.9216661751270294,0.07833382487297058,0.8340137124061584,0.16598628759384154,0.541374146938324,0.458625853061676
1,0.9993024826049804,0.0006975173950195312,0.9991952359676362,0.0008047640323638916,0.9995285660028458,0.00047143399715423586,0.655164149403572,0.3448358505964279,0.911315381526947,0.08868458867073059
1,0.9994372874498367,0.000562712550163269,0.9993297040462494,0.0006702959537506104,0.9994895309209824,0.0005104690790176392,0.9383571803569793,0.06164281964302063,0.11472983658313751,0.8852701783180237
1,0.9994789183139801,0.0005210816860198974,0.9993725538253784,0.000627446174621582,0.9995700776576996,0.000429922342300415,0.8947737753391266,0.10522622466087342,0.46202537417411804,0.5379745960235596
1,0.9986005008220673,0.0013994991779327393,0.9984969675540925,0.0015030324459075928,0.9991495698690415,0.0008504301309585572,0.40424386560916903,0.595756134390831,0.06583218276500702,0.934167742729187
1,0.9621622383594512,0.03783776164054871,0.9976722478866578,0.002327752113342285,0.9994585752487183,0.0005414247512817383,0.9412233918905258,0.05877660810947418,0.1752193719148636,0.8247806429862976
1,0.9992516577243805,0.0007483422756195069,0.9991811603307724,0.0008188396692276001,0.9991444051265717,0.0008555948734283447,0.7478275507688522,0.2521724492311478,0.21713358163833618,0.7828664183616638
1,0.99935462474823,0.0006453752517700196,0.9991627275943756,0.0008372724056243897,0.9994933098554611,0.0005066901445388794,0.9794018059968949,0.020598194003105162,0.08800846338272095,0.9119915962219238
1,0.9962148070335388,0.0037851929664611816,0.9961512058973312,0.0038487941026687624,0.9994969516992569,0.000503048300743103,0.993379819393158,0.006620180606842041,0.056034959852695465,0.9439650774002075
1,0.9994709551334381,0.0005290448665618896,0.9993678390979767,0.0006321609020233154,0.999559822678566,0.000440177321434021,0.8934191077947616,0.10658089220523834,0.05247141420841217,0.947528600692749
1,0.9995367735624313,0.00046322643756866453,0.9994741648435592,0.0005258351564407348,0.999557426571846,0.0004425734281539917,0.9989945471286774,0.0010054528713226319,0.058256618678569794,0.9417433142662048
1,0.9995700389146804,0.00042996108531951905,0.9995169699192047,0.00048303008079528806,0.9995490580797195,0.00045094192028045655,0.9984074175357819,0.0015925824642181396,0.04804805666208267,0.9519519209861755
1,0.999551659822464,0.0004483401775360107,0.9994745910167694,0.0005254089832305908,0.9995463937520981,0.0004536062479019165,0.12195942997932434,0.8780405700206757,0.1257300078868866,0.874269962310791
1,0.998984944820404,0.0010150551795959472,0.9987926602363586,0.0012073397636413574,0.44367197155952454,0.5563280284404755,0.21454415023326873,0.7854558497667312,0.50408935546875,0.49591064453125
1,0.999312800168991,0.0006871998310089111,0.9991931289434433,0.0008068710565567016,0.9977537900209427,0.002246209979057312,0.9890283077955246,0.010971692204475404,0.07092631608247757,0.929073691368103
1,0.9995313376188278,0.0004686623811721802,0.9994758993387223,0.000524100661277771,0.9992757946252823,0.0007242053747177124,0.18813247978687286,0.8118675202131271,0.4880618453025818,0.5119381546974182
1,0.999432772397995,0.0005672276020050049,0.999361851811409,0.0006381481885910034,0.999537143111229,0.0004628568887710571,0.44676718711853025,0.5532328128814697,0.8841440081596375,0.11585602164268494
1,0.998144555091858,0.0018554449081420899,0.9979802072048187,0.0020197927951812744,0.9995020419359207,0.0004979580640792847,0.9767199635505677,0.023280036449432374,0.056544799357652664,0.943455159664154
1,0.9994346499443054,0.0005653500556945801,0.9993587106466293,0.0006412893533706665,0.9995143055915833,0.00048569440841674807,0.9919216632843018,0.008078336715698242,0.2960728406906128,0.7039271593093872
1,0.9994156420230865,0.0005843579769134521,0.9993290215730667,0.0006709784269332886,0.9985429167747497,0.001457083225250244,0.29143293499946593,0.708567065000534,0.8586046099662781,0.14139536023139954
1,0.9995401501655579,0.00045984983444213867,0.9994987487792969,0.000501251220703125,0.999563705921173,0.0004362940788269043,0.8729911655187607,0.1270088344812393,0.057348161935806274,0.9426518678665161
1,0.9994878679513931,0.0005121320486068725,0.9993959963321686,0.0006040036678314209,0.9995747864246368,0.00042521357536315916,0.8018984019756317,0.19810159802436828,0.23945996165275574,0.7605400681495667
1,0.9995069622993469,0.0004930377006530761,0.9994364321231842,0.0005635678768157959,0.9993781983852387,0.0006218016147613526,0.9017121821641922,0.0982878178358078,0.08480051159858704,0.9151995182037354
1,0.9987094581127167,0.0012905418872833252,0.9986153483390808,0.0013846516609191894,0.9995486170053482,0.0004513829946517944,0.9208332508802414,0.0791667491197586,0.07958430796861649,0.9204156994819641
1,0.9994452625513077,0.0005547374486923218,0.9993765264749527,0.0006234735250473022,0.9994676679372787,0.0005323320627212524,0.994219747185707,0.005780252814292908,0.8940694332122803,0.10593055188655853
1,0.9987603992223739,0.0012396007776260376,0.9988857537508011,0.0011142462491989136,0.999553793668747,0.0004462063312530518,0.9878126710653305,0.012187328934669495,0.10430728644132614,0.8956927061080933
1,0.9995067626237869,0.0004932373762130737,0.9994307279586792,0.0005692720413208007,0.999389186501503,0.0006108134984970093,0.8052115321159363,0.19478846788406373,0.07075369358062744,0.9292462468147278
1,0.9975328415632247,0.0024671584367752077,0.9970161020755768,0.0029838979244232178,0.44952586591243743,0.5504741340875625,0.22142847776412963,0.7785715222358703,0.06334969401359558,0.936650276184082
1,0.9995104491710662,0.0004895508289337158,0.9994341403245925,0.0005658596754074096,0.9993972808122635,0.0006027191877365113,0.4747470855712891,0.5252529144287109,0.08274665474891663,0.917253315448761
1,0.9991925299167633,0.0008074700832366944,0.9991025000810623,0.0008974999189376831,0.9981144100427628,0.0018855899572372437,0.9670498341321945,0.032950165867805484,0.06793409585952759,0.9320659041404724
1,0.9991737067699432,0.0008262932300567627,0.9991477698087692,0.0008522301912307739,0.9995742321014405,0.0004257678985595703,0.9895705848932266,0.010429415106773376,0.07267921417951584,0.9273207783699036
1,0.9990888059139251,0.0009111940860748291,0.9990303248167038,0.0009696751832962037,0.8393381625413895,0.16066183745861054,0.0770271897315979,0.922972810268402,0.5641599893569946,0.435839980840683
1,0.998965984582901,0.0010340154170989991,0.998794212937355,0.0012057870626449585,0.8324786454439164,0.1675213545560837,0.0769418865442276,0.9230581134557724,0.517391562461853,0.48260846734046936
1,0.9992003053426742,0.0007996946573257446,0.999128469824791,0.0008715301752090454,0.9995326220989227,0.0004673779010772705,0.9975234538316726,0.0024765461683273317,0.1583777666091919,0.8416222333908081
1,0.9982594639062882,0.001740536093711853,0.9981712192296982,0.0018287807703018188,0.9995043605566025,0.000495639443397522,0.998977878689766,0.0010221213102340697,0.7688404321670532,0.23115959763526917
1,0.9994811475276947,0.0005188524723052978,0.9994125366210938,0.00058746337890625,0.999566787481308,0.0004332125186920166,0.6566503196954727,0.3433496803045273,0.04501033201813698,0.9549896121025085
1,0.9992393732070923,0.0007606267929077149,0.9911834448575974,0.008816555142402649,0.9995579570531845,0.0004420429468154907,0.7245448648929596,0.2754551351070404,0.20580428838729858,0.7941957116127014
1,0.9936339437961579,0.006366056203842163,0.9941685497760773,0.0058314502239227295,0.997882890701294,0.0021171092987060545,0.9957543283700943,0.004245671629905701,0.07277075946331024,0.9272292852401733
1,0.9993931114673614,0.0006068885326385498,0.9993248701095581,0.0006751298904418945,0.9995082706212998,0.0004917293787002564,0.1725032687187195,0.8274967312812805,0.857650637626648,0.14234939217567444
1,0.99950110912323,0.0004988908767700195,0.9994544744491577,0.0005455255508422851,0.9994407325983048,0.0005592674016952515,0.9333036988973618,0.06669630110263824,0.882723331451416,0.11727670580148697
1,0.9993983894586563,0.000601610541343689,0.9993779867887497,0.0006220132112503052,0.9994176119565964,0.0005823880434036255,0.16405933797359468,0.8359406620264054,0.2850998640060425,0.7149001359939575
1,0.9995507717132568,0.0004492282867431641,0.99948450922966,0.0005154907703399658,0.9995072364807129,0.0004927635192871094,0.9499130368232727,0.0500869631767273,0.49106600880622864,0.508933961391449
1,0.9995635032653809,0.0004364967346191406,0.9995026350021362,0.0004973649978637695,0.9995599508285522,0.0004400491714477539,0.9982630491256714,0.0017369508743286133,0.08536884933710098,0.9146311283111572
1,0.998526394367218,0.0014736056327819824,0.9985262304544449,0.0014737695455551147,0.9995291382074356,0.0004708617925643921,0.9869610339403152,0.013038966059684753,0.1124906837940216,0.8875093460083008
1,0.999301889538765,0.0006981104612350464,0.9992311179637909,0.0007688820362091065,0.9995508044958115,0.0004491955041885376,0.9945345282554626,0.005465471744537353,0.8409810662269592,0.159018874168396
1,0.9990118771791459,0.000988122820854187,0.9988615900278092,0.0011384099721908568,0.9377075850963592,0.06229241490364075,0.6033041924238205,0.3966958075761795,0.5531113147735596,0.4468887150287628
1,0.9646502494812011,0.03534975051879883,0.9937240034341812,0.006275996565818787,0.9995436549186707,0.0004563450813293457,0.8756235748529434,0.12437642514705657,0.07417403906583786,0.9258259534835815
1,0.998916408419609,0.0010835915803909303,0.9988228380680084,0.0011771619319915771,0.9386908352375031,0.06130916476249695,0.3637877255678177,0.6362122744321823,0.8718982338905334,0.12810173630714417
1,0.9994480341672898,0.0005519658327102662,0.9993240743875503,0.000675925612449646,0.9625065296888351,0.03749347031116486,0.040565508604049685,0.9594344913959503,0.2983510196208954,0.701649010181427
1,0.9993889212608338,0.0006110787391662598,0.9992772698402405,0.0007227301597595215,0.9993042707443237,0.0006957292556762695,0.11836862862110138,0.8816313713788986,0.22547470033168793,0.7745253443717957
1,0.9993846625089645,0.0006153374910354614,0.9992890775203704,0.0007109224796295166,0.9995446473360061,0.00045535266399383546,0.7545257270336151,0.24547427296638488,0.8794782757759094,0.1205216720700264
1,0.9947752505540848,0.005224749445915222,0.9916731685400009,0.008326831459999084,0.9994706720113754,0.0005293279886245727,0.7826371729373932,0.21736282706260682,0.06395595520734787,0.9360440969467163
1,0.999460631608963,0.0005393683910369873,0.9993201225996018,0.0006798774003982544,0.999566650390625,0.000433349609375,0.9928613036870957,0.007138696312904358,0.6006370782852173,0.3993628919124603
1,0.9989597052335739,0.0010402947664260864,0.99871626496315,0.0012837350368499756,0.998492369055748,0.001507630944252014,0.2963372677564621,0.7036627322435379,0.48789533972740173,0.5121046304702759
1,0.999462428689003,0.0005375713109970093,0.9994200021028519,0.0005799978971481323,0.9995542198419571,0.0004457801580429077,0.45577512979507445,0.5442248702049255,0.19674348831176758,0.8032565116882324
1,0.999176025390625,0.000823974609375,0.9988930583000183,0.0011069416999816895,0.9995495289564132,0.00045047104358673094,0.3188822716474533,0.6811177283525467,0.04393959045410156,0.9560604095458984
1,0.9993031263351441,0.000696873664855957,0.9992358356714248,0.0007641643285751342,0.9995607554912567,0.00043924450874328614,0.9868213564157486,0.013178643584251405,0.1533459722995758,0.8466539978981018
1,0.9994209080934524,0.0005790919065475463,0.9993392944335937,0.00066070556640625,0.9991210699081421,0.0008789300918579102,0.09514167308807372,0.9048583269119262,0.17694377899169922,0.8230562210083008
1,0.9995793521404266,0.00042064785957336427,0.9995267391204834,0.00047326087951660156,0.9994420140981675,0.0005579859018325806,0.6851867079734802,0.31481329202651975,0.13245795667171478,0.8675420880317688
1,0.999505740404129,0.0004942595958709716,0.9994344353675843,0.0005655646324157715,0.9994297534227371,0.0005702465772628784,0.22894031405448914,0.7710596859455109,0.13160721957683563,0.8683927655220032
1,0.9990508884191514,0.0009491115808486939,0.9988896757364273,0.001110324263572693,0.9993968486785889,0.0006031513214111329,0.9851700901985169,0.014829909801483155,0.6505021452903748,0.34949785470962524
1,0.9989298582077026,0.0010701417922973633,0.998939824104309,0.001060175895690918,0.9995555967092514,0.0004444032907485962,0.9901472389698028,0.009852761030197143,0.5256810784339905,0.4743189811706543
1,0.9995025753974914,0.0004974246025085449,0.9994533061981201,0.0005466938018798828,0.9995658457279205,0.00043415427207946775,0.9150138825178147,0.08498611748218536,0.04167056456208229,0.9583293795585632
1,0.9994807958602905,0.0005192041397094726,0.9994100689888,0.0005899310111999512,0.9995561689138412,0.00044383108615875244,0.9843116402626038,0.01568835973739624,0.07943491637706757,0.9205650687217712
1,0.9993953347206116,0.0006046652793884278,0.9993265300989151,0.0006734699010848999,0.9553101122379303,0.044689887762069704,0.5783504575490952,0.42164954245090486,0.7473339438438416,0.25266608595848083
1,0.9993558555841446,0.0006441444158554078,0.9991929084062576,0.0008070915937423706,0.9995561927556992,0.0004438072443008423,0.7784554392099381,0.22154456079006196,0.11523284018039703,0.8847671151161194
1,0.9995389103889465,0.0004610896110534668,0.9994737148284912,0.0005262851715087891,0.9972924023866654,0.0027075976133346556,0.95622778236866,0.043772217631340024,0.24586042761802673,0.7541395425796509
1,0.9670801758766174,0.03291982412338257,0.935175147652626,0.06482485234737397,0.9663769721984863,0.033623027801513675,0.05852197706699371,0.9414780229330063,0.04433811455965042,0.9556618928909302
1,0.9981489479541779,0.0018510520458221436,0.9981134802103042,0.0018865197896957397,0.9995342910289764,0.0004657089710235596,0.8700653374195099,0.1299346625804901,0.4110719561576843,0.5889280438423157
1,0.9994260191917419,0.0005739808082580566,0.9993984133005143,0.0006015866994857789,0.9994880288839341,0.000511971116065979,0.9689980059862137,0.031001994013786317,0.11744529008865356,0.8825546503067017
1,0.9992657214403152,0.0007342785596847534,0.9991937905550003,0.0008062094449996949,0.0042886555194854735,0.9957113444805146,0.3116166204214096,0.6883833795785904,0.20587095618247986,0.7941290736198425
1,0.9994633615016937,0.0005366384983062744,0.9993824869394302,0.0006175130605697632,0.9994792640209198,0.0005207359790802002,0.9163711994886399,0.08362880051136017,0.5426391959190369,0.4573608636856079
1,0.9995290488004684,0.0004709511995315552,0.9994552314281464,0.0005447685718536377,0.9951221287250519,0.0048778712749481205,0.9636114001274109,0.03638859987258911,0.49857398867607117,0.5014260411262512
1,0.9995543509721756,0.00044564902782440186,0.9995034575462342,0.0004965424537658692,0.9995514512062073,0.0004485487937927246,0.9790002673864364,0.020999732613563537,0.254523366689682,0.7454766035079956
1,0.9993622779846192,0.0006377220153808594,0.9993025898933411,0.0006974101066589356,0.9214278042316437,0.07857219576835632,0.32379546761512756,0.6762045323848724,0.5059804320335388,0.49401959776878357
1,0.9991329133510589,0.00086708664894104,0.9989801824092865,0.001019817590713501,0.9810958296060562,0.018904170393943785,0.6577548086643219,0.3422451913356781,0.6621377468109131,0.3378622531890869
1,0.9978627473115921,0.002137252688407898,0.9931634992361069,0.006836500763893127,0.9118738919496536,0.08812610805034637,0.7325584173202515,0.26744158267974855,0.16348454356193542,0.836515486240387
1,0.9995553195476532,0.00044468045234680176,0.9994761884212494,0.0005238115787506104,0.9995705962181092,0.00042940378189086913,0.9986272573471069,0.0013727426528930664,0.19458316266536713,0.8054168224334717
1,0.9993034631013871,0.0006965368986129761,0.999276465177536,0.0007235348224639892,0.9994933485984803,0.0005066514015197754,0.8741142451763153,0.1258857548236847,0.07494065910577774,0.9250593185424805
1,0.9992693483829498,0.0007306516170501709,0.9992294847965241,0.0007705152034759522,0.9697483390569687,0.030251660943031312,0.9556006550788879,0.04439934492111206,0.2043343484401703,0.7956656217575073
1,0.9995190978050232,0.00048090219497680663,0.9994463622570038,0.0005536377429962158,0.9995573431253433,0.00044265687465667726,0.5869852781295777,0.4130147218704224,0.21228882670402527,0.7877111434936523
1,0.4132536470890045,0.5867463529109955,0.3858259320259094,0.6141740679740906,0.8728016823530197,0.12719831764698028,0.8733546644449234,0.1266453355550766,0.19545935094356537,0.8045406937599182
1,0.9995318830013276,0.00046811699867248534,0.9994700253009796,0.0005299746990203857,0.9995646059513092,0.0004353940486907959,0.9985961616039276,0.0014038383960723877,0.2556774914264679,0.7443225383758545
1,0.9994967997074127,0.0005032002925872802,0.9994513243436813,0.0005486756563186646,0.9995405882596969,0.00045941174030303953,0.9929521441459656,0.0070478558540344235,0.13232500851154327,0.8676750063896179
1,0.5126200735569,0.48737992644309996,0.3626007497310638,0.6373992502689362,0.779787877202034,0.220212122797966,0.45573383271694184,0.5442661672830582,0.06319661438465118,0.93680340051651
1,0.9995011329650879,0.0004988670349121094,0.9994365096092224,0.0005634903907775878,0.9993427157402038,0.0006572842597961426,0.9982977569103241,0.0017022430896759034,0.10337086766958237,0.8966290950775146
1,0.9994641661643981,0.0005358338356018066,0.9994196981191635,0.0005803018808364868,0.9993083328008652,0.0006916671991348267,0.9957624763250351,0.004237523674964905,0.06943836063146591,0.9305616021156311
1,0.9995327413082122,0.00046725869178771974,0.9994593560695648,0.0005406439304351807,0.9994652092456817,0.0005347907543182373,0.7093714594841003,0.29062854051589965,0.1055634617805481,0.8944365382194519
1,0.9995087057352066,0.000491294264793396,0.9993923783302308,0.0006076216697692872,0.9909998565912247,0.00900014340877533,0.5591697037220001,0.44083029627799986,0.28754130005836487,0.7124586701393127
1,0.9995353847742081,0.00046461522579193114,0.9994599252939225,0.0005400747060775757,0.9995749950408935,0.0004250049591064453,0.9636710852384567,0.03632891476154328,0.9054020643234253,0.09459792822599411
1,0.9988383024930954,0.001161697506904602,0.9988162159919739,0.001183784008026123,0.9994809806346894,0.000519019365310669,0.9910500645637512,0.00894993543624878,0.25177502632141113,0.7482249736785889
1,0.9993453949689866,0.0006546050310134888,0.9992446064949035,0.0007553935050964355,0.9995340436697007,0.00046595633029937743,0.990064850449562,0.009935149550437927,0.13402457535266876,0.8659754395484924
1,0.9993871659040451,0.000612834095954895,0.9992978125810623,0.0007021874189376831,0.9989170789718628,0.0010829210281372071,0.9958164602518081,0.004183539748191833,0.8121415972709656,0.18785841763019562
1,0.9963387101888657,0.0036612898111343384,0.9962846159934997,0.0037153840065002443,0.9993721812963485,0.0006278187036514282,0.9847934663295745,0.015206533670425414,0.5598700046539307,0.44012999534606934
1,0.9994484037160873,0.0005515962839126587,0.9993961960077286,0.0006038039922714233,0.9916189283132553,0.00838107168674469,0.9956136345863342,0.0043863654136657715,0.05451734736561775,0.9454826712608337
1,0.9977596819400787,0.002240318059921265,0.9976918369531631,0.002308163046836853,0.9958797931671143,0.0041202068328857425,0.4459900945425034,0.5540099054574966,0.04886491224169731,0.9511350393295288
1,0.9991523176431656,0.0008476823568344116,0.9990828782320023,0.0009171217679977417,0.5081787705421448,0.4918212294578552,0.15711469948291779,0.8428853005170822,0.3042583763599396,0.695741593837738
1,0.9987659305334091,0.0012340694665908813,0.9986598253250122,0.001340174674987793,0.9993983536958695,0.0006016463041305542,0.721773311495781,0.27822668850421906,0.054731372743844986,0.9452686309814453
1,0.9995012223720551,0.0004987776279449463,0.9994367599487305,0.0005632400512695313,0.9993366569280624,0.000663343071937561,0.9720453083515167,0.027954691648483278,0.05858025699853897,0.9414197206497192
1,0.9986874878406524,0.0013125121593475341,0.9986213684082031,0.001378631591796875,0.9995294362306595,0.00047056376934051514,0.9971945881843567,0.0028054118156433105,0.8098871111869812,0.19011290371418
1,0.999551796913147,0.00044820308685302737,0.9995021015405655,0.0004978984594345093,0.999565714597702,0.00043428540229797365,0.9863900542259216,0.01360994577407837,0.7611823678016663,0.23881763219833374
1,0.9995588898658753,0.0004411101341247559,0.999510931968689,0.0004890680313110352,0.9995678991079331,0.00043210089206695556,0.5585703134536744,0.4414296865463257,0.05358701944351196,0.946412980556488
1,0.9979257315397263,0.0020742684602737425,0.9977224558591843,0.0022775441408157348,0.9995523780584336,0.0004476219415664673,0.3628955900669098,0.6371044099330903,0.2561141848564148,0.7438857555389404
1,0.999563467502594,0.00043653249740600587,0.9994911462068558,0.000508853793144226,0.9995531797409057,0.00044682025909423826,0.8669012814760209,0.1330987185239792,0.5066425800323486,0.49335744976997375
1,0.9995108485221863,0.0004891514778137207,0.9994529217481614,0.0005470782518386841,0.999512693285942,0.00048730671405792234,0.7449331015348435,0.25506689846515657,0.18997381627559662,0.8100261092185974
1,0.9989446997642517,0.001055300235748291,0.9988907605409623,0.0011092394590377808,0.9995524495840072,0.0004475504159927368,0.990862175822258,0.009137824177742004,0.0778825581073761,0.9221174716949463
1,0.9985632300376892,0.001436769962310791,0.9985197275876999,0.0014802724123001098,0.10619347989559173,0.8938065201044083,0.8050682514905929,0.19493174850940703,0.2094348669052124,0.7905651926994324
1,0.9993344306945801,0.0006655693054199219,0.9992398858070374,0.0007601141929626465,0.9993516385555268,0.0006483614444732666,0.5264215797185898,0.47357842028141023,0.16939125955104828,0.8306087255477905
1,0.999258604645729,0.000741395354270935,0.9990933567285538,0.0009066432714462281,0.9995582401752472,0.0004417598247528076,0.9991587072610855,0.0008412927389144897,0.05143585428595543,0.9485641121864319
1,0.588850736618042,0.411149263381958,0.09799608588218689,0.9020039141178131,0.6373659193515777,0.36263408064842223,0.36486203968524933,0.6351379603147507,0.04797757416963577,0.9520224928855896
1,0.9975698858499527,0.0024301141500473024,0.9964728146791458,0.003527185320854187,0.899202898144722,0.10079710185527802,0.8745866179466247,0.12541338205337524,0.04954962059855461,0.9504504203796387
1,0.9995218992233277,0.00047810077667236327,0.9994571357965469,0.000542864203453064,0.9995711863040924,0.0004288136959075928,0.9969503909349442,0.003049609065055847,0.14713577926158905,0.8528642058372498
1,0.9995853066444397,0.0004146933555603027,0.9995181679725647,0.00048183202743530275,0.9995152086019516,0.00048479139804840087,0.9880503237247467,0.011949676275253295,0.8850672245025635,0.11493277549743652
1,0.9995063781738281,0.000493621826171875,0.9994307965040207,0.0005692034959793091,0.9995587050914765,0.00044129490852355956,0.9924432516098023,0.007556748390197754,0.07338222116231918,0.9266178011894226
1,0.9995001047849655,0.0004998952150344849,0.9994287341833115,0.0005712658166885376,0.9995354294776917,0.0004645705223083496,0.810891205072403,0.18910879492759705,0.5737559199333191,0.4262440800666809
1,0.9995708465576172,0.0004291534423828125,0.9995111584663391,0.0004888415336608887,0.9995548069477082,0.00044519305229187014,0.8521135419607162,0.14788645803928374,0.694584846496582,0.30541521310806274
1,0.9994761794805527,0.0005238205194473267,0.9993959397077561,0.0006040602922439576,0.9995711445808411,0.00042885541915893555,0.9990661948919296,0.0009338051080703735,0.24346430599689484,0.7565357089042664
1,0.998984369635582,0.0010156303644180298,0.9952819406986236,0.004718059301376342,0.9908954709768295,0.00910452902317047,0.5902567952871323,0.40974320471286774,0.04168420657515526,0.9583158493041992
1,0.9989998877048493,0.0010001122951507567,0.9988259077072144,0.0011740922927856445,0.9320824921131134,0.0679175078868866,0.5550109624862671,0.4449890375137329,0.4607701301574707,0.5392298698425293
1,0.9994288623332978,0.0005711376667022705,0.9993326306343079,0.0006673693656921387,0.9995630890130996,0.00043691098690032957,0.9931779861450195,0.006822013854980468,0.25402793288230896,0.7459720373153687
1,0.9994803041219711,0.0005196958780288696,0.9994081348180771,0.0005918651819229126,0.9991732895374298,0.0008267104625701904,0.9397391617298126,0.06026083827018738,0.39981427788734436,0.600185751914978
1,0.9995453417301178,0.0004546582698822021,0.9994974851608276,0.0005025148391723632,0.9951917976140976,0.004808202385902405,0.3926992744207382,0.6073007255792617,0.1267450600862503,0.8732548952102661
1,0.9955549269914628,0.004445073008537292,0.9951940387487411,0.00480596125125885,0.9821634262800216,0.017836573719978332,0.8737184941768646,0.12628150582313538,0.3204701244831085,0.6795298457145691
1,0.9993108570575714,0.0006891429424285888,0.9993112683296204,0.0006887316703796387,0.9335362434387207,0.0664637565612793,0.15245265066623687,0.8475473493337631,0.09003065526485443,0.9099693298339844
1,0.9987160831689834,0.0012839168310165405,0.9985963791608811,0.0014036208391189574,0.949497252702713,0.05050274729728699,0.8568596780300141,0.14314032196998597,0.38912147283554077,0.6108785271644592
1,0.9994905680418015,0.0005094319581985474,0.9994147539138794,0.0005852460861206054,0.9995721340179443,0.00042786598205566404,0.9591430634260177,0.04085693657398224,0.27168601751327515,0.7283139824867249
1,0.9995111972093582,0.0004888027906417847,0.9994271099567413,0.000572890043258667,0.9995377391576767,0.0004622608423233032,0.9385643124580383,0.06143568754196167,0.10878119617700577,0.8912188410758972
1,0.9991165816783905,0.000883418321609497,0.9990449666976928,0.0009550333023071289,0.9872932761907578,0.01270672380924225,0.9750258833169937,0.024974116683006288,0.08177385479211807,0.9182261228561401
1,0.9994881898164749,0.0005118101835250854,0.9994510620832443,0.0005489379167556762,0.9991865783929825,0.0008134216070175171,0.9833543241024018,0.016645675897598265,0.3206789791584015,0.6793210506439209
1,0.9995441764593125,0.000455823540687561,0.9994926512241363,0.0005073487758636474,0.9995253175497055,0.00047468245029449465,0.8746785372495651,0.12532146275043488,0.2088559865951538,0.791144073009491
1,0.9983410060405731,0.0016589939594268798,0.9980378836393357,0.0019621163606643676,0.5779065459966659,0.42209345400333403,0.8990232825279236,0.10097671747207641,0.09963616728782654,0.9003638625144958
1,0.9995135843753815,0.00048641562461853026,0.9994394659996033,0.0005605340003967286,0.9995372116565704,0.00046278834342956544,0.9895558834075928,0.010444116592407227,0.3792087137699127,0.6207912564277649
1,0.4920031279325485,0.5079968720674515,0.058017924427986145,0.9419820755720139,0.924637857079506,0.07536214292049408,0.17989914119243622,0.8201008588075638,0.6355074644088745,0.3644925057888031
1,0.9994943588972092,0.0005056411027908325,0.9994426459074021,0.0005573540925979614,0.9991134464740753,0.0008865535259246826,0.3083725094795227,0.6916274905204773,0.08913674205541611,0.9108632802963257
1,0.9993833810091018,0.0006166189908981323,0.9992803126573563,0.0007196873426437378,0.9994496017694473,0.0005503982305526733,0.9532708525657654,0.04672914743423462,0.08174146711826324,0.9182586073875427
1,0.5978202521800995,0.4021797478199005,0.21438910067081451,0.7856108993291855,0.9774107575416565,0.022589242458343504,0.32306135892868043,0.6769386410713196,0.05446290597319603,0.9455370306968689
1,0.9982048124074936,0.0017951875925064087,0.9981196284294128,0.0018803715705871583,0.9994836777448655,0.0005163222551345826,0.9008755624294281,0.0991244375705719,0.24472905695438385,0.7552708983421326
1,0.9991497933864594,0.0008502066135406494,0.9990471839904785,0.0009528160095214844,0.9994999468326569,0.0005000531673431396,0.9782359510660171,0.02176404893398285,0.7026322484016418,0.2973676919937134
1,0.999240317940712,0.0007596820592880249,0.999137619137764,0.000862380862236023,0.9995628505945205,0.00043714940547943113,0.9675840586423874,0.03241594135761261,0.15814413130283356,0.8418558835983276
1,0.9994181305170059,0.0005818694829940796,0.9993611931800842,0.0006388068199157715,0.9994859397411346,0.0005140602588653564,0.2117962896823883,0.7882037103176117,0.06983258575201035,0.9301674365997314
1,0.9994570523500442,0.0005429476499557495,0.9994019597768784,0.0005980402231216431,0.9927882373332977,0.007211762666702271,0.9610811591148376,0.038918840885162356,0.13065196573734283,0.8693480491638184
1,0.9994939953088761,0.0005060046911239624,0.9994228094816208,0.0005771905183792114,0.9995539516210556,0.00044604837894439696,0.09802932441234588,0.9019706755876541,0.7327077388763428,0.2672922611236572
1,0.9991268754005432,0.0008731245994567871,0.9990965366363526,0.000903463363647461,0.9995395570993424,0.0004604429006576538,0.9930661618709564,0.006933838129043579,0.12681393325328827,0.8731861114501953
1,0.9993093401193619,0.0006906598806381226,0.9992577701807022,0.0007422298192977905,0.9554496556520462,0.044550344347953796,0.9420794188976288,0.057920581102371214,0.1450609266757965,0.8549390435218811
1,0.9994227916002274,0.0005772083997726441,0.9993560910224915,0.0006439089775085449,0.9994440048933029,0.0005559951066970825,0.9929343521595001,0.007065647840499878,0.1630285233259201,0.8369714021682739
1,0.9994664847850799,0.0005335152149200439,0.9994011461734772,0.0005988538265228272,0.9984174937009811,0.0015825062990188598,0.14097595512866973,0.8590240448713302,0.5854337215423584,0.4145662784576416
1,0.9993196129798889,0.000680387020111084,0.9992442786693573,0.0007557213306427002,0.9994470924139023,0.0005529075860977173,0.8695341020822525,0.1304658979177475,0.11979856342077255,0.8802013993263245
1,0.9982290625572204,0.001770937442779541,0.997928935289383,0.0020710647106170653,0.9988557755947113,0.0011442244052886964,0.8362406104803085,0.16375938951969146,0.44921204447746277,0.5507879853248596
1,0.9996078222990036,0.0003921777009963989,0.9995590507984161,0.0004409492015838623,0.999561220407486,0.0004387795925140381,0.9651180446147919,0.03488195538520813,0.23276720941066742,0.7672327756881714
1,0.9995521306991577,0.00044786930084228516,0.9994901418685913,0.0005098581314086914,0.9979050427675247,0.002094957232475281,0.16192711591720582,0.8380728840827942,0.07836945354938507,0.9216305017471313
1,0.9994844168424606,0.0005155831575393676,0.9994517296552659,0.0005482703447341919,0.9943035960197448,0.005696403980255127,0.04594445526599884,0.9540555447340011,0.4683191478252411,0.5316808819770813
1,0.9994384199380875,0.0005615800619125366,0.9993536859750748,0.000646314024925232,0.9995578557252884,0.0004421442747116089,0.9993198573589325,0.0006801426410675049,0.10223424434661865,0.8977656960487366
1,0.9995257556438446,0.0004742443561553955,0.9994385987520218,0.0005614012479782104,0.999549862742424,0.0004501372575759888,0.9310468375682831,0.06895316243171692,0.10311567038297653,0.8968842625617981
1,0.9994362413883209,0.0005637586116790771,0.9993180185556412,0.0006819814443588257,0.9690818369388581,0.03091816306114197,0.9820717245340347,0.01792827546596527,0.5005166530609131,0.4994833171367645
1,0.9993608176708222,0.0006391823291778565,0.9992773026227951,0.000722697377204895,0.9992480486631393,0.0007519513368606567,0.8946400433778763,0.10535995662212372,0.06072361022233963,0.939276397228241
1,0.9995006382465362,0.0004993617534637451,0.9994525939226151,0.0005474060773849488,0.9703717291355133,0.029628270864486696,0.5212363243103028,0.47876367568969724,0.5666402578353882,0.4333597421646118
1,0.9986537575721741,0.0013462424278259278,0.9986753106117249,0.0013246893882751464,0.999542698264122,0.0004573017358779907,0.9971967339515686,0.0028032660484313965,0.5127955079078674,0.48720449209213257
1,0.9988727360963822,0.0011272639036178588,0.9967123985290527,0.003287601470947266,0.9920538812875748,0.007946118712425232,0.9201101392507554,0.07988986074924469,0.061133645474910736,0.9388664364814758
1,0.999467459321022,0.0005325406789779663,0.9994078546762466,0.0005921453237533569,0.9903060495853424,0.009693950414657593,0.2731261819601059,0.7268738180398941,0.1007264107465744,0.8992736339569092
1,0.9993952542543412,0.0006047457456588746,0.9993535429239273,0.0006464570760726929,0.9995105564594269,0.0004894435405731201,0.9879761725664139,0.012023827433586121,0.37680989503860474,0.62319016456604
1,0.9985999912023544,0.0014000087976455688,0.9982578784227372,0.0017421215772628785,0.8078145295381546,0.1921854704618454,0.5187455952167511,0.4812544047832489,0.16406631469726562,0.8359336853027344
1,0.9994936168193818,0.0005063831806182862,0.9994340479373932,0.0005659520626068115,0.9995704174041748,0.0004295825958251953,0.9974211186170578,0.0025788813829421995,0.3763156235218048,0.6236844062805176
1,0.9983046233654023,0.0016953766345977784,0.9980321377515793,0.0019678622484207153,0.999571031332016,0.00042896866798400877,0.8068971902132034,0.19310280978679656,0.0681743249297142,0.9318256974220276
1,0.9994568079710007,0.0005431920289993286,0.9993622809648514,0.0006377190351486206,0.9902366280555726,0.009763371944427491,0.10530024170875549,0.8946997582912445,0.25010591745376587,0.7498941421508789
1,0.9983618497848511,0.0016381502151489257,0.9983369708061218,0.0016630291938781738,0.999467346072197,0.0005326539278030396,0.9976677179336548,0.0023322820663452147,0.2976977527141571,0.7023022770881653
1,0.9995602309703827,0.0004397690296173096,0.9994911193847656,0.000508880615234375,0.9995592832565308,0.0004407167434692383,0.7068410366773605,0.29315896332263947,0.1322968602180481,0.8677031397819519
1,0.9995358258485794,0.00046417415142059327,0.9994830399751663,0.0005169600248336792,0.99956394135952,0.0004360586404800415,0.9782756060361862,0.02172439396381378,0.2976115047931671,0.7023885250091553
1,0.9994845151901245,0.0005154848098754883,0.9994129747152328,0.0005870252847671509,0.9984171718358994,0.001582828164100647,0.6376877933740616,0.36231220662593844,0.7897627949714661,0.21023720502853394
1,0.9995236247777939,0.0004763752222061157,0.999445915222168,0.0005540847778320312,0.9995699882507324,0.0004300117492675781,0.8167752861976624,0.18322471380233765,0.5968153476715088,0.4031846523284912
1,0.999564254283905,0.0004357457160949707,0.999509459733963,0.0004905402660369873,0.9995233803987503,0.00047661960124969485,0.7848482370376587,0.21515176296234131,0.1484105885028839,0.8515894412994385
1,0.9991896510124206,0.0008103489875793457,0.9991463124752045,0.0008536875247955322,0.9994531005620957,0.000546899437904358,0.24697032570838928,0.7530296742916107,0.059008385986089706,0.9409915804862976
1,0.9994809031486511,0.000519096851348877,0.9994045913219451,0.0005954086780548095,0.9995692014694214,0.0004307985305786133,0.9943971127271652,0.005602887272834778,0.06655582785606384,0.9334442019462585
1,0.9993615210056305,0.0006384789943695068,0.9992723405361176,0.0007276594638824463,0.9995705246925354,0.0004294753074645996,0.9972696274518966,0.0027303725481033327,0.09908247739076614,0.9009175300598145
1,0.9992494732141495,0.0007505267858505249,0.9991254776716232,0.00087452232837677,0.9994923502206803,0.0005076497793197632,0.9885287016630173,0.011471298336982728,0.30406638979911804,0.6959335803985596
1,0.9960750222206116,0.0039249777793884276,0.9956239014863968,0.0043760985136032104,0.9649155676364899,0.03508443236351013,0.3414477169513702,0.6585522830486298,0.35365673899650574,0.6463432312011719
1,0.9973285913467407,0.0026714086532592775,0.9990366727113724,0.0009633272886276246,0.9992969781160355,0.0007030218839645386,0.7148183137178421,0.2851816862821579,0.737369179725647,0.26263079047203064
1,0.9989603996276856,0.001039600372314453,0.9988741844892501,0.0011258155107498169,0.9995732069015503,0.000426793098449707,0.9994701415300369,0.0005298584699630737,0.4071626365184784,0.5928373336791992
1,0.999447175860405,0.0005528241395950318,0.9993800610303879,0.0006199389696121216,0.9995627760887146,0.00043722391128540037,0.9641365587711335,0.035863441228866574,0.10413046926259995,0.8958695530891418
1,0.9988098084926605,0.0011901915073394775,0.9984671920537949,0.0015328079462051392,0.9502933382987976,0.049706661701202394,0.17513789236545563,0.8248621076345444,0.2551942467689514,0.7448056936264038
1,0.9993310272693634,0.0006689727306365967,0.9992223829030991,0.0007776170969009399,0.9991602569818496,0.0008397430181503295,0.19378526508808136,0.8062147349119186,0.8505405783653259,0.1494593769311905
1,0.9984830528497696,0.0015169471502304078,0.9984092503786087,0.0015907496213912963,0.9995434492826462,0.0004565507173538208,0.9986716777086257,0.0013283222913742065,0.3429127335548401,0.6570872664451599
1,0.999556902050972,0.0004430979490280151,0.9994891971349716,0.0005108028650283814,0.9995577454566955,0.00044225454330444337,0.5277266204357147,0.4722733795642853,0.08121402561664581,0.9187859892845154
1,0.9994792699813843,0.0005207300186157226,0.9994186729192733,0.0005813270807266235,0.998499596118927,0.001500403881072998,0.19061580300331116,0.8093841969966888,0.2245163768529892,0.7754836082458496
1,0.9988443583250046,0.0011556416749954224,0.998749390244484,0.0012506097555160522,0.84554702937603,0.15445297062397004,0.3878998339176178,0.6121001660823822,0.47121018171310425,0.5287898182868958
1,0.9993131071329117,0.0006868928670883178,0.9992466539144516,0.0007533460855484008,0.09200965464115143,0.9079903453588486,0.5598029524087906,0.4401970475912094,0.45575326681137085,0.5442467331886292
1,0.9995374411344529,0.00046255886554718016,0.999469330906868,0.000530669093132019,0.9994057565927505,0.0005942434072494507,0.4080061435699463,0.5919938564300538,0.07168488204479218,0.9283151030540466
1,0.9993563950061798,0.0006436049938201904,0.9993093609809875,0.0006906390190124512,0.999517971277237,0.00048202872276306155,0.7344149500131607,0.2655850499868393,0.8655707836151123,0.13442929089069366
1,0.8393097013235092,0.1606902986764908,0.9525401204824447,0.04745987951755524,0.5193330019712448,0.4806669980287552,0.8948137074708938,0.10518629252910613,0.05421493947505951,0.9457849860191345
1,0.999246346950531,0.0007536530494689942,0.9992678910493851,0.0007321089506149292,0.9995498836040497,0.00045011639595031737,0.896961435675621,0.10303856432437897,0.05440942198038101,0.9455905556678772
1,0.9990973830223083,0.0009026169776916504,0.9990002006292343,0.000999799370765686,0.9981394201517105,0.0018605798482894897,0.9887737452983856,0.01122625470161438,0.09054721891880035,0.9094527959823608
1,0.9994828879833222,0.0005171120166778565,0.9994338363409042,0.0005661636590957641,0.999521654844284,0.0004783451557159424,0.9839878141880035,0.01601218581199646,0.9124221205711365,0.08757785707712173
1,0.9993796437978745,0.0006203562021255493,0.9993415504693985,0.0006584495306015015,0.9558111399412155,0.04418886005878449,0.7338288813829422,0.2661711186170578,0.07789325714111328,0.9221067428588867
1,0.9988693118095398,0.001130688190460205,0.9987971842288971,0.0012028157711029054,0.9994687020778656,0.0005312979221343995,0.06593852043151856,0.9340614795684814,0.09267053753137589,0.9073294997215271
1,0.9995301544666291,0.00046984553337097167,0.9994921177625656,0.0005078822374343872,0.9995483458042145,0.00045165419578552246,0.9969655305147171,0.0030344694852828978,0.08176355063915253,0.918236494064331
1,0.9992662459611893,0.00073375403881073,0.9990988373756409,0.0009011626243591309,0.9995702743530274,0.00042972564697265627,0.5525439888238907,0.44745601117610934,0.07259220629930496,0.9274078607559204
1,0.9991338223218917,0.0008661776781082153,0.9990182369947433,0.0009817630052566528,0.9995290696620941,0.00047093033790588377,0.9986855179071427,0.0013144820928573608,0.4953576326370239,0.5046424269676208
1,0.9994852215051651,0.0005147784948348999,0.999423161149025,0.0005768388509750366,0.9995581328868866,0.00044186711311340333,0.9860947012901307,0.013905298709869385,0.11381423473358154,0.8861857652664185
1,0.9992147475481034,0.0007852524518966675,0.9990780293941498,0.0009219706058502197,0.9994745582342148,0.0005254417657852173,0.9705266416072845,0.029473358392715455,0.12074518203735352,0.8792548179626465
1,0.998164227604866,0.0018357723951339723,0.9978477507829666,0.0021522492170333862,0.947228479385376,0.05277152061462402,0.3020176500082016,0.6979823499917984,0.11968643218278885,0.880313515663147
1,0.999541985988617,0.00045801401138305663,0.9994840532541275,0.0005159467458724975,0.9995517343282699,0.0004482656717300415,0.9850558876991272,0.014944112300872803,0.1821623295545578,0.8178377151489258
1,0.9965822398662567,0.003417760133743286,0.9952304512262344,0.004769548773765564,0.9995393365621567,0.00046066343784332273,0.991836667060852,0.00816333293914795,0.04455247521400452,0.9554475545883179
1,0.9987225264310837,0.0012774735689163208,0.9983748286962509,0.0016251713037490844,0.9758765816688537,0.02412341833114624,0.9242365807294846,0.07576341927051544,0.18233171105384827,0.8176683187484741
1,0.9993956536054611,0.0006043463945388794,0.9993043780326843,0.0006956219673156738,0.9995718717575073,0.0004281282424926758,0.9987264424562454,0.0012735575437545776,0.14187109470367432,0.8581289052963257
1,0.9981968462467193,0.0018031537532806397,0.9978881478309631,0.0021118521690368652,0.9995377063751221,0.0004622936248779297,0.9923105418682099,0.007689458131790161,0.05454999580979347,0.9454500079154968
1,0.9995156079530716,0.00048439204692840576,0.9994430989027023,0.0005569010972976685,0.9995626389980317,0.0004373610019683838,0.9961176484823226,0.0038823515176773073,0.2896242141723633,0.7103757858276367
1,0.9994460612535476,0.0005539387464523315,0.9993519753217697,0.0006480246782302856,0.9995720565319062,0.00042794346809387206,0.9897614389657974,0.010238561034202575,0.40355774760246277,0.5964422225952148
1,0.9973641961812973,0.0026358038187026976,0.9972171425819397,0.0027828574180603026,0.9991355121135712,0.000864487886428833,0.8247161388397217,0.17528386116027833,0.08780179917812347,0.9121981859207153
1,0.9989752233028412,0.0010247766971588136,0.9987141519784928,0.0012858480215072632,0.8779283076524734,0.12207169234752654,0.1481453686952591,0.8518546313047409,0.8934220671653748,0.10657794028520584
1,0.9990439921617508,0.0009560078382492065,0.9989859580993652,0.0010140419006347656,0.49503029584884645,0.5049697041511536,0.7757377356290818,0.22426226437091829,0.5339558720588684,0.4660441279411316
1,0.9993803977966309,0.0006196022033691407,0.999345725774765,0.0006542742252349853,0.9018315464258194,0.09816845357418061,0.5373836845159531,0.4626163154840469,0.487673819065094,0.512326180934906
1,0.9993964284658432,0.0006035715341567993,0.9993522852659226,0.0006477147340774536,0.9995233714580536,0.00047662854194641113,0.9729552626609802,0.027044737339019777,0.38488563895225525,0.6151143908500671
1,0.9994744271039963,0.0005255728960037231,0.9993818134069443,0.0006181865930557251,0.9993697166442871,0.0006302833557128906,0.549760228395462,0.450239771604538,0.11899138242006302,0.8810086250305176
1,0.9994577765464783,0.0005422234535217285,0.9994007557630539,0.0005992442369461059,0.9995466202497483,0.00045337975025177,0.8451061457395553,0.15489385426044464,0.5563024878501892,0.4436975121498108
1,0.9993425846099854,0.0006574153900146485,0.9992152333259583,0.0007847666740417481,0.9775040805339813,0.022495919466018678,0.774999937415123,0.225000062584877,0.05821859836578369,0.9417814016342163
1,0.9994322568178177,0.000567743182182312,0.9993666529655456,0.0006333470344543457,0.9995375245809555,0.00046247541904449464,0.629099914431572,0.370900085568428,0.5216121673583984,0.47838783264160156
1,0.9377978444099426,0.06220215559005737,0.837191241979599,0.162808758020401,0.8621843606233597,0.13781563937664032,0.17862841486930847,0.8213715851306915,0.0523478165268898,0.9476522207260132
1,0.9995593577623367,0.00044064223766326904,0.9995023936033249,0.0004976063966751099,0.9993632555007934,0.0006367444992065429,0.8367712676525116,0.16322873234748841,0.7765878438949585,0.2234121710062027
1,0.9992063194513321,0.0007936805486679077,0.9991135060787201,0.0008864939212799072,0.9920617282390595,0.007938271760940552,0.8663155108690261,0.1336844891309738,0.2892436683177948,0.7107563614845276
1,0.9995141416788101,0.0004858583211898804,0.999449822306633,0.0005501776933670044,0.9993847101926804,0.0006152898073196411,0.9967358440160752,0.0032641559839248655,0.146201491355896,0.853798508644104
1,0.9994535624980927,0.0005464375019073487,0.9993620604276657,0.0006379395723342896,0.9995158106088639,0.00048418939113616946,0.8746299505233764,0.12537004947662353,0.7793424129486084,0.22065763175487518
1,0.9979067981243134,0.0020932018756866454,0.9975202351808548,0.002479764819145203,0.999557164311409,0.00044283568859100343,0.09509380459785462,0.9049061954021453,0.07309387624263763,0.9269061088562012
1,0.9993989378213882,0.0006010621786117553,0.9992957025766372,0.0007042974233627319,0.9995480388402939,0.0004519611597061157,0.8010672748088836,0.19893272519111632,0.052571069449186325,0.9474289417266846
1,0.9993457049131393,0.0006542950868606567,0.9992019474506378,0.0007980525493621826,0.9994691193103791,0.0005308806896209717,0.9931396543979645,0.0068603456020355225,0.12409910559654236,0.87590092420578
1,0.999539515376091,0.00046048462390899656,0.999494668841362,0.0005053311586380004,0.9995630621910095,0.00043693780899047854,0.9980900764465332,0.001909923553466797,0.49535611271858215,0.5046439170837402
1,0.9995613783597946,0.0004386216402053833,0.9995027899742126,0.0004972100257873535,0.9995605707168579,0.0004394292831420898,0.8330880552530289,0.16691194474697113,0.20414356887340546,0.7958563566207886
1,0.999527993798256,0.0004720062017440796,0.9994831204414367,0.0005168795585632324,0.999296236038208,0.0007037639617919922,0.990388211607933,0.009611788392066955,0.5247058868408203,0.4752941131591797
1,0.9995110601186752,0.000488939881324768,0.9994248509407043,0.0005751490592956543,0.999563604593277,0.00043639540672302246,0.9666549861431122,0.03334501385688782,0.4681865870952606,0.5318134427070618
1,0.9988882720470429,0.0011117279529571534,0.9989144235849381,0.0010855764150619507,0.9995633691549302,0.00043663084506988524,0.9965396106243134,0.0034603893756866453,0.19566911458969116,0.8043308854103088
1,0.9993370801210404,0.0006629198789596558,0.9992617040872573,0.0007382959127426147,0.9994500368833542,0.000549963116645813,0.9276658296585083,0.0723341703414917,0.7212672233581543,0.2787328064441681
1,0.9995104819536209,0.0004895180463790894,0.999448499083519,0.000551500916481018,0.9995546072721482,0.00044539272785186766,0.9966502457857132,0.0033497542142868044,0.2577226758003235,0.7422773241996765
1,0.9995026379823685,0.0004973620176315308,0.9994459539651871,0.0005540460348129273,0.999537143111229,0.0004628568887710571,0.999481949210167,0.0005180507898330689,0.11792347580194473,0.8820765614509583
1,0.997560453414917,0.002439546585083008,0.9986054420471191,0.0013945579528808593,0.9516811579465866,0.04831884205341339,0.9598922848701477,0.0401077151298523,0.07698975503444672,0.9230102896690369
1,0.9993034482002259,0.00069655179977417,0.9992816299200058,0.0007183700799942017,0.9995337873697281,0.0004662126302719116,0.9966478258371353,0.003352174162864685,0.3694934546947479,0.6305065155029297
1,0.9993664354085923,0.0006335645914077759,0.9992675095796585,0.0007324904203414917,0.9993330538272858,0.0006669461727142334,0.9492418885231018,0.050758111476898196,0.06292235106229782,0.9370777010917664
1,0.9995903253555298,0.00040967464447021483,0.9995553195476532,0.00044468045234680176,0.9989112883806228,0.0010887116193771362,0.9839824229478836,0.016017577052116393,0.06608958542346954,0.9339103698730469
1,0.9992679715156555,0.0007320284843444824,0.9991902649402619,0.0008097350597381592,0.9965655595064163,0.003434440493583679,0.9606689929962158,0.03933100700378418,0.4624187648296356,0.5375812649726868
1,0.9993343323469162,0.0006656676530838012,0.9992179602384568,0.000782039761543274,0.9994777828454972,0.0005222171545028687,0.710372480750084,0.2896275192499161,0.39056408405303955,0.6094359755516052
1,0.999389699101448,0.0006103008985519409,0.9992811769247055,0.0007188230752944947,0.9990599393844605,0.0009400606155395508,0.5504397720098495,0.44956022799015044,0.6864753365516663,0.31352460384368896
1,0.9995682656764984,0.0004317343235015869,0.9995163798332214,0.00048362016677856446,0.9995542466640472,0.0004457533359527588,0.9952752828598023,0.004724717140197754,0.1089586541056633,0.8910413384437561
1,0.999592000246048,0.0004079997539520264,0.9995473772287369,0.00045262277126312256,0.9995166480541229,0.0004833519458770752,0.27708625197410586,0.7229137480258941,0.06310321390628815,0.9368967413902283
1,0.9995384603738785,0.000461539626121521,0.999459046125412,0.0005409538745880127,0.9921168476343155,0.00788315236568451,0.6160484910011291,0.38395150899887087,0.4889691174030304,0.5110308527946472
1,0.999380749464035,0.0006192505359649658,0.9992873638868331,0.000712636113166809,0.9993612974882126,0.0006387025117874145,0.9916306555271148,0.008369344472885131,0.3257385194301605,0.6742615103721619
1,0.9991176396608352,0.0008823603391647338,0.9990178763866424,0.000982123613357544,0.9813776522874832,0.018622347712516786,0.8355336278676987,0.16446637213230134,0.5264387130737305,0.47356125712394714
1,0.9994846493005752,0.0005153506994247436,0.9994319587945938,0.0005680412054061889,0.9995568662881851,0.0004431337118148804,0.9875361800193787,0.012463819980621339,0.2059636116027832,0.794036328792572
1,0.9985509186983108,0.001449081301689148,0.9983652889728546,0.0016347110271453858,0.9872913062572479,0.012708693742752075,0.9635694563388825,0.03643054366111755,0.2556236684322357,0.7443763613700867
1,0.9994913458824157,0.0005086541175842285,0.9994068056344986,0.0005931943655014038,0.998639491200447,0.0013605087995529174,0.07608045041561126,0.9239195495843887,0.13966311514377594,0.8603368997573853
1,0.998542383313179,0.0014576166868209839,0.9983834326267242,0.0016165673732757568,0.9675601065158844,0.0324398934841156,0.029311782121658324,0.9706882178783417,0.21334946155548096,0.786650538444519
1,0.9978843033313751,0.002115696668624878,0.99775310754776,0.00224689245223999,0.9995654940605163,0.0004345059394836426,0.6716697454452515,0.3283302545547485,0.740974485874176,0.25902554392814636
1,0.9995714008808136,0.00042859911918640136,0.9995112538337707,0.000488746166229248,0.9995662629604339,0.00043373703956604,0.9971321612596512,0.002867838740348816,0.1934249997138977,0.8065750002861023
1,0.999117112159729,0.0008828878402709961,0.9989331036806106,0.0010668963193893432,0.999551060795784,0.0004489392042160034,0.8024972200393676,0.1975027799606323,0.6047930717468262,0.39520689845085144
1,0.9988621324300766,0.0011378675699234009,0.998738831281662,0.0012611687183380128,0.9995422571897506,0.0004577428102493286,0.9618288218975067,0.038171178102493285,0.08976399898529053,0.9102360606193542
1,0.9993596017360687,0.0006403982639312744,0.9993052423000336,0.0006947576999664307,0.9980173736810685,0.0019826263189315794,0.9825825333595276,0.01741746664047241,0.29264509677886963,0.7073549032211304
1,0.9995542526245117,0.00044574737548828123,0.9994699269533157,0.0005300730466842651,0.9995563417673111,0.00044365823268890383,0.9773800641298294,0.022619935870170593,0.08691176027059555,0.9130882024765015
1,0.9993216454982757,0.0006783545017242431,0.9992044538259506,0.0007955461740493774,0.968665498495102,0.03133450150489807,0.5437053948640823,0.4562946051359177,0.7686677575111389,0.23133227229118347
1,0.9994044065475464,0.0005955934524536133,0.9993147492408753,0.0006852507591247559,0.9991952657699585,0.000804734230041504,0.9011920690536499,0.0988079309463501,0.41726234555244446,0.5827376246452332
1,0.9161912232637406,0.08380877673625946,0.9056269586086273,0.09437304139137268,0.9746383041143417,0.025361695885658266,0.501244243979454,0.49875575602054595,0.5297353863716125,0.47026464343070984
1,0.9990849465131759,0.0009150534868240356,0.999062505364418,0.0009374946355819702,0.9995500922203064,0.0004499077796936035,0.997540631890297,0.002459368109703064,0.9117359519004822,0.088264100253582
1,0.9952564865350724,0.004743513464927673,0.9948022603988648,0.005197739601135254,0.2741247445344925,0.7258752554655075,0.6039159923791886,0.3960840076208115,0.6332981586456299,0.3667018711566925
1,0.9993162721395492,0.0006837278604507446,0.9992885768413544,0.0007114231586456299,0.9995589196681977,0.0004410803318023682,0.9976669877767563,0.002333012223243713,0.890479564666748,0.10952039062976837
1,0.9993129432201385,0.0006870567798614502,0.9991861552000045,0.0008138447999954223,0.9995662987232208,0.0004337012767791748,0.9509110510349273,0.04908894896507263,0.25813814997673035,0.7418618202209473
1,0.9979946225881576,0.0020053774118423463,0.9978674113750458,0.0021325886249542237,0.09794735312461852,0.9020526468753814,0.27731759548187257,0.7226824045181275,0.34040287137031555,0.6595971584320068
1,0.9991080343723298,0.0008919656276702881,0.998966908454895,0.0010330915451049806,0.9792776495218277,0.0207223504781723,0.047639203071594236,0.9523607969284058,0.3591194450855255,0.6408805847167969
1,0.9987396270036697,0.0012603729963302612,0.9988652110099793,0.0011347889900207519,0.9995311379432679,0.0004688620567321777,0.8742786377668381,0.12572136223316194,0.22991253435611725,0.7700875401496887
1,0.9994515120983124,0.0005484879016876221,0.9993662327528,0.0006337672472000122,0.9995478987693787,0.0004521012306213379,0.9903822302818298,0.009617769718170166,0.05435881018638611,0.9456411600112915
1,0.9913238227367401,0.008676177263259888,0.9910418868064881,0.008958113193511964,0.8920495390892029,0.10795046091079712,0.8300916284322739,0.16990837156772615,0.5173876881599426,0.48261237144470215
1,0.9994559675455094,0.0005440324544906616,0.9993814021348953,0.0006185978651046753,0.9995488524436951,0.00045114755630493164,0.9971150010824203,0.002884998917579651,0.9071887135505676,0.09281132370233536
1,0.9989309340715409,0.0010690659284591675,0.9987951576709747,0.0012048423290252686,0.9992809444665909,0.0007190555334091187,0.9921307325363159,0.007869267463684082,0.6107962131500244,0.3892037570476532
1,0.9994803726673126,0.0005196273326873779,0.999424809217453,0.0005751907825469971,0.970943933725357,0.029056066274642946,0.9862475037574768,0.013752496242523194,0.23163795471191406,0.7683620452880859
1,0.9995606660842895,0.00043933391571044923,0.999501895904541,0.0004981040954589843,0.9995051443576812,0.0004948556423187255,0.9968999087810516,0.0031000912189483643,0.08606132864952087,0.9139386415481567
1,0.9992453664541244,0.0007546335458755493,0.9991418212652207,0.0008581787347793579,0.9994735896587372,0.0005264103412628174,0.8335751980543137,0.16642480194568635,0.15107426047325134,0.848925769329071
1,0.9995436787605285,0.00045632123947143556,0.9994774341583252,0.0005225658416748047,0.9995675086975098,0.0004324913024902344,0.46019861102104187,0.5398013889789581,0.6683349013328552,0.3316650986671448
1,0.9994368076324462,0.0005631923675537109,0.999425283074379,0.0005747169256210327,0.9995469063520431,0.0004530936479568481,0.578653073310852,0.42134692668914797,0.06273072957992554,0.9372692704200745
1,0.9911023288965225,0.008897671103477478,0.9947904169559478,0.005209583044052124,0.999537593126297,0.0004624068737030029,0.8724310904741287,0.12756890952587127,0.32798314094543457,0.6720168590545654
1,0.9976486414670944,0.0023513585329055786,0.9972295641899109,0.002770435810089111,0.999532374739647,0.00046762526035308837,0.6540745288133621,0.34592547118663786,0.17423772811889648,0.8257622122764587
1,0.9582084715366364,0.04179152846336365,0.9492714017629623,0.05072859823703766,0.9842502176761627,0.01574978232383728,0.9989569067955018,0.001043093204498291,0.04960344359278679,0.9503965973854065
1,0.9994161069393158,0.0005838930606842041,0.9993444591760635,0.0006555408239364624,0.9995025783777237,0.0004974216222763062,0.9301860213279725,0.06981397867202759,0.8139247298240662,0.18607528507709503
1,0.995292815566063,0.004707184433937073,0.9897109478712082,0.010289052128791809,0.769827589392662,0.23017241060733795,0.9090076446533203,0.09099235534667968,0.6207984089851379,0.37920162081718445
1,0.9995449334383011,0.0004550665616989136,0.9994806617498397,0.0005193382501602172,0.9994217127561569,0.0005782872438430786,0.8078107893466949,0.19218921065330505,0.19172406196594238,0.8082759380340576
1,0.707914724946022,0.29208527505397797,0.7075593918561935,0.29244060814380646,0.8028469413518906,0.19715305864810945,0.8135836869478226,0.18641631305217743,0.04958508908748627,0.9504148960113525
1,0.999072739481926,0.0009272605180740357,0.9989435553550721,0.0010564446449279786,0.999567860364914,0.0004321396350860596,0.9280990242958069,0.07190097570419311,0.10404132306575775,0.8959587216377258
1,0.9994676381349563,0.0005323618650436401,0.9993835240602493,0.0006164759397506714,0.9673020780086518,0.032697921991348265,0.44482694268226625,0.5551730573177338,0.4907175898551941,0.5092824101448059
1,0.999332070350647,0.0006679296493530273,0.9992450684309006,0.0007549315690994262,0.9513046741485596,0.04869532585144043,0.6459183514118194,0.35408164858818053,0.6470950245857239,0.3529049754142761
1,0.9995479166507721,0.00045208334922790526,0.9994752377271652,0.0005247622728347778,0.9993145078420639,0.0006854921579360962,0.7118944346904754,0.2881055653095245,0.4842264950275421,0.5157735347747803
1,0.9992893189191818,0.0007106810808181763,0.9992031455039978,0.0007968544960021973,0.9995686054229737,0.0004313945770263672,0.9982275128364563,0.0017724871635437013,0.07140441238880157,0.9285956621170044
1,0.9995901674032212,0.00040983259677886965,0.9995383054018021,0.000461694598197937,0.9995583593845367,0.00044164061546325684,0.9663179516792297,0.033682048320770264,0.1774751991033554,0.8225247859954834
1,0.9989338964223862,0.0010661035776138306,0.9988880544900894,0.0011119455099105834,0.9994614899158478,0.0005385100841522217,0.9655717223882675,0.034428277611732484,0.28454694151878357,0.7154530882835388
1,0.9995295435190201,0.0004704564809799194,0.9994594186544419,0.0005405813455581665,0.999565190076828,0.00043480992317199705,0.9825376152992249,0.017462384700775147,0.09900960326194763,0.90099036693573
1,0.9993182063102722,0.0006817936897277832,0.999262523651123,0.0007374763488769531,0.9995524495840072,0.0004475504159927368,0.9987674236297608,0.0012325763702392579,0.9113290309906006,0.08867092430591583
1,0.9994709253311157,0.0005290746688842773,0.9994245320558548,0.0005754679441452026,0.9372456461191178,0.06275435388088227,0.8279231667518616,0.17207683324813844,0.8351160287857056,0.16488395631313324
1,0.9995739459991455,0.0004260540008544922,0.9995161026716233,0.00048389732837677,0.9991743803024292,0.0008256196975708008,0.9971377283334732,0.0028622716665267943,0.21389541029930115,0.7861046195030212
1,0.9994203180074692,0.0005796819925308228,0.9993576049804688,0.00064239501953125,0.9995661705732346,0.0004338294267654419,0.9724107146263122,0.027589285373687746,0.07238297909498215,0.927617073059082
1,0.9960579872131348,0.003942012786865234,0.9960332691669465,0.003966730833053589,0.9968424350023269,0.0031575649976730348,0.9940204709768296,0.0059795290231704715,0.31669703125953674,0.6833029389381409
1,0.9986305058002471,0.0013694941997528076,0.9986100107431412,0.0013899892568588258,0.8814413219690322,0.11855867803096772,0.9273158341646195,0.07268416583538055,0.19738611578941345,0.8026138544082642
1,0.9994412720203399,0.0005587279796600342,0.9993931382894516,0.0006068617105484009,0.9938392907381057,0.006160709261894226,0.01720298230648041,0.9827970176935196,0.28014734387397766,0.7198526859283447
1,0.9995575577020646,0.00044244229793548583,0.9995057225227356,0.0004942774772644043,0.9995750725269318,0.0004249274730682373,0.9176328748464584,0.08236712515354157,0.8883563876152039,0.11164362728595734
1,0.9991463035345077,0.0008536964654922485,0.9990520119667053,0.0009479880332946778,0.9995726883411408,0.00042731165885925295,0.7977068662643433,0.20229313373565674,0.05462532117962837,0.9453746676445007
1,0.9996025562286377,0.0003974437713623047,0.9995499521493911,0.0004500478506088257,0.9995692372322083,0.00043076276779174805,0.9992243587970734,0.0007756412029266358,0.40973401069641113,0.5902659893035889
1,0.999453404545784,0.0005465954542160034,0.9993851274251938,0.0006148725748062134,0.9991963982582093,0.0008036017417907715,0.8076322883367538,0.19236771166324615,0.07926400005817413,0.9207359552383423
1,0.9995622873306275,0.0004377126693725586,0.9994989991188049,0.0005010008811950683,0.9995711743831635,0.00042882561683654785,0.9983366340398788,0.0016633659601211549,0.2793484330177307,0.7206516265869141
1,0.9993489921092987,0.000651007890701294,0.9992790549993515,0.0007209450006484986,0.9910311877727509,0.008968812227249146,0.9316440045833587,0.06835599541664124,0.2251909077167511,0.7748091220855713
1,0.9984811067581176,0.0015188932418823242,0.9985280871391297,0.0014719128608703612,0.9994787991046905,0.0005212008953094482,0.8538971066474914,0.14610289335250853,0.5813878178596497,0.41861218214035034
1,0.9995636403560638,0.0004363596439361572,0.9995021164417267,0.0004978835582733155,0.9995278805494309,0.00047211945056915285,0.7664775073528289,0.233522492647171,0.557541012763977,0.44245895743370056
1,0.9994744241237641,0.000525575876235962,0.9994028627872467,0.0005971372127532959,0.9995519787073135,0.0004480212926864624,0.985133096575737,0.014866903424263,0.35375136137008667,0.6462485790252686
1,0.9995495468378067,0.00045045316219329836,0.999492484331131,0.0005075156688690186,0.999546954035759,0.00045304596424102785,0.7152898877859115,0.28471011221408843,0.13577745854854584,0.864222526550293
1,0.9991201311349869,0.0008798688650131226,0.9988917529582977,0.0011082470417022705,0.9995665431022644,0.0004334568977355957,0.6758823096752167,0.3241176903247833,0.11145307868719101,0.8885469436645508
1,0.999435955286026,0.000564044713973999,0.9993698626756669,0.000630137324333191,0.9995677977800369,0.0004322022199630737,0.9967870771884918,0.003212922811508179,0.0691114217042923,0.9308885335922241
1,0.9989022940397263,0.0010977059602737427,0.9986421048641205,0.0013578951358795166,0.9920965939760208,0.007903406023979187,0.5830307304859161,0.41696926951408386,0.9016280174255371,0.09837205708026886
1,0.9973932355642319,0.0026067644357681274,0.9966669052839279,0.0033330947160720827,0.3302084177732468,0.6697915822267533,0.23617276847362517,0.7638272315263748,0.16509580612182617,0.8349041938781738
1,0.9995935142040253,0.00040648579597473143,0.9995337575674057,0.0004662424325942993,0.9995293527841568,0.00047064721584320066,0.9963305115699768,0.0036694884300231935,0.5678191184997559,0.43218082189559937
1,0.999475234746933,0.0005247652530670166,0.9993988633155823,0.0006011366844177246,0.9995084345340729,0.000491565465927124,0.9983713567256928,0.0016286432743072509,0.08944950997829437,0.9105504155158997
1,0.99952712059021,0.0004728794097900391,0.9994685530662537,0.0005314469337463379,0.9995340555906296,0.00046594440937042236,0.9887079745531082,0.011292025446891785,0.2951953709125519,0.7048046588897705
1,0.9995462030172348,0.00045379698276519774,0.9994884371757508,0.0005115628242492676,0.9995605111122131,0.0004394888877868652,0.9951639890670776,0.0048360109329223635,0.5230979919433594,0.4769020080566406
1,0.9993302077054977,0.0006697922945022583,0.9992443203926087,0.0007556796073913575,0.9991545677185059,0.0008454322814941406,0.9429777801036835,0.05702221989631653,0.05208195745944977,0.9479179978370667
1,0.9994086802005768,0.0005913197994232178,0.9993261635303498,0.0006738364696502686,0.9994782477617263,0.0005217522382736206,0.35179577171802523,0.6482042282819748,0.9033819437026978,0.09661802649497986
1,0.9993134081363678,0.0006865918636322022,0.9992215454578399,0.0007784545421600341,0.9965688765048981,0.0034311234951019285,0.5255831599235534,0.4744168400764465,0.643280029296875,0.3567200303077698
1,0.9984331607818604,0.0015668392181396485,0.9984605640172959,0.0015394359827041626,0.9975059628486633,0.00249403715133667,0.980125504732132,0.019874495267868043,0.3609646260738373,0.6390353441238403
1,0.9991902947425843,0.0008097052574157715,0.9991314440965653,0.0008685559034347535,0.9884145587682724,0.0115854412317276,0.9774581551551819,0.022541844844818117,0.5399028658866882,0.46009713411331177
1,0.9991673946380615,0.0008326053619384765,0.999091574549675,0.0009084254503250122,0.9995595842599869,0.00044041574001312255,0.9764523476362228,0.02354765236377716,0.2724185585975647,0.7275814414024353
1,0.9994723826646805,0.0005276173353195191,0.9993912100791931,0.0006087899208068847,0.9995464593172073,0.00045354068279266355,0.9819646894931793,0.018035310506820678,0.09823723882436752,0.9017627239227295
1,0.9994236707687378,0.0005763292312622071,0.9993671655654908,0.0006328344345092774,0.9995589941740036,0.00044100582599639895,0.9905820727348328,0.009417927265167237,0.6255415081977844,0.37445852160453796
1,0.9995500087738037,0.0004499912261962891,0.9994909703731537,0.0005090296268463135,0.9995315372943878,0.0004684627056121826,0.8450500190258026,0.15494998097419738,0.6624013781547546,0.33759862184524536
1,0.9995152741670609,0.00048472583293914797,0.9994789332151413,0.0005210667848587036,0.9995229542255402,0.00047704577445983887,0.999409967660904,0.0005900323390960694,0.08459019660949707,0.9154098629951477
1,0.999610310792923,0.00038968920707702635,0.9995569139719009,0.00044308602809906006,0.9995685398578644,0.0004314601421356201,0.9991844594478607,0.0008155405521392822,0.07349499315023422,0.9265050292015076
1,0.999468469619751,0.0005315303802490235,0.9993902295827866,0.0006097704172134399,0.9994953006505967,0.0005046993494033814,0.2817848682403564,0.7182151317596436,0.056011103093624115,0.9439888596534729
1,0.9988703012466431,0.0011296987533569336,0.9987682193517685,0.0012317806482315063,0.9993918776512146,0.0006081223487854004,0.9988160699605941,0.0011839300394058227,0.8838509321212769,0.11614908277988434
1,0.9994755446910858,0.0005244553089141845,0.9994233131408692,0.0005766868591308594,0.9979495435953141,0.002050456404685974,0.9344112902879715,0.0655887097120285,0.1578996479511261,0.8421003818511963
1,0.9994813710451126,0.0005186289548873901,0.9994176894426345,0.0005823105573654174,0.9995613366365432,0.0004386633634567261,0.9959800153970718,0.004019984602928161,0.3423112630844116,0.6576887369155884
1,0.9991188168525695,0.0008811831474304199,0.9990224599838257,0.0009775400161743165,0.9995178788900375,0.00048212110996246336,0.9937620878219604,0.006237912178039551,0.9066037535667419,0.09339620172977448
1,0.9992237716913224,0.0007762283086776734,0.9991285413503647,0.0008714586496353149,0.9995139688253403,0.000486031174659729,0.9901530057191849,0.009846994280815124,0.09765198081731796,0.9023480415344238
1,0.9968563169240952,0.003143683075904846,0.9965213268995285,0.0034786731004714964,0.999427679181099,0.0005723208189010621,0.5023582756519318,0.49764172434806825,0.16460414230823517,0.8353958129882812
1,0.9994212120771409,0.0005787879228591919,0.9993774920701981,0.000622507929801941,0.999553593993187,0.0004464060068130493,0.9896956622600556,0.010304337739944458,0.17017118632793427,0.8298287987709045
1,0.9994593977928161,0.0005406022071838378,0.9993736922740937,0.0006263077259063721,0.9995127975940704,0.0004872024059295654,0.5802789896726608,0.41972101032733916,0.06937979906797409,0.9306202530860901
1,0.9995396286249161,0.00046037137508392334,0.9994981288909912,0.0005018711090087891,0.9995690524578095,0.0004309475421905518,0.41352364122867585,0.5864763587713242,0.6619915962219238,0.33800840377807617
1,0.9994977146387101,0.0005022853612899781,0.9994378924369812,0.0005621075630187988,0.9995686113834381,0.00043138861656188965,0.9918355911970138,0.008164408802986144,0.8765063881874084,0.12349355965852737
1,0.9963901340961456,0.00360986590385437,0.9951365858316421,0.004863414168357849,0.999047902226448,0.0009520977735519409,0.6502714186906815,0.34972858130931855,0.0556521899998188,0.9443478584289551
1,0.9992882668972015,0.0007117331027984619,0.9990895032882691,0.000910496711730957,0.9961692333221436,0.0038307666778564452,0.1165954440832138,0.8834045559167862,0.7729441523551941,0.22705592215061188
1,0.9968584686517715,0.0031415313482284547,0.9963525235652924,0.0036474764347076416,0.9995481193065643,0.00045188069343566896,0.7803370386362076,0.21966296136379243,0.913821280002594,0.08617869019508362
1,0.9989825934171677,0.0010174065828323364,0.998743200302124,0.0012567996978759765,0.9689607053995133,0.031039294600486756,0.4582915484905243,0.5417084515094757,0.4605183005332947,0.5394816994667053
1,0.9995495080947876,0.00045049190521240234,0.9994795501232148,0.0005204498767852784,0.9950234681367874,0.004976531863212586,0.811542397737503,0.18845760226249694,0.4846028983592987,0.5153971314430237
1,0.99948171377182,0.0005182862281799316,0.9994625329971314,0.0005374670028686524,0.9995648056268692,0.00043519437313079836,0.9986617803573609,0.00133821964263916,0.4583605229854584,0.541639506816864
1,0.999470916390419,0.0005290836095809936,0.9994087457656861,0.0005912542343139649,0.9983478575944901,0.0016521424055099486,0.9714492917060852,0.028550708293914796,0.05888242647051811,0.941117525100708
1,0.9990611970424652,0.00093880295753479,0.9989862889051437,0.0010137110948562622,0.9987910568714142,0.0012089431285858155,0.9952349811792374,0.004765018820762634,0.06896365433931351,0.9310363531112671
1,0.9994739800691604,0.0005260199308395386,0.9994136899709701,0.0005863100290298462,0.998730793595314,0.0012692064046859741,0.5305848985910415,0.4694151014089584,0.7176823019981384,0.28231775760650635
1,0.9992612868547439,0.0007387131452560424,0.9992001950740814,0.0007998049259185791,0.9995375782251358,0.00046242177486419676,0.9953174293041229,0.004682570695877075,0.14715078473091125,0.8528492450714111
1,0.9993404656648636,0.0006595343351364136,0.9992258965969085,0.0007741034030914306,0.9990406036376953,0.0009593963623046875,0.7138443738222122,0.2861556261777878,0.21140898764133453,0.7885910272598267
1,0.9992635667324066,0.0007364332675933837,0.9991229504346848,0.0008770495653152466,0.9995608150959014,0.00043918490409851075,0.8449276447296142,0.15507235527038574,0.04932248592376709,0.9506775140762329
1,0.9995100289583206,0.0004899710416793823,0.9994269400835037,0.0005730599164962769,0.9914199918508529,0.008580008149147033,0.499441060423851,0.5005589395761489,0.17640165984630585,0.8235983848571777
1,0.9995214879512787,0.0004785120487213135,0.9994634449481964,0.0005365550518035888,0.9995064795017242,0.0004935204982757568,0.9876611173152924,0.012338882684707642,0.17325589060783386,0.8267441391944885
1,0.9995814263820648,0.00041857361793518066,0.9995177239179611,0.0004822760820388794,0.9995675325393677,0.00043246746063232424,0.9968009233474732,0.0031990766525268554,0.8430940508842468,0.15690593421459198
1,0.9982503354549408,0.001749664545059204,0.9863713920116425,0.013628607988357544,0.9845112442970276,0.015488755702972413,0.747889694571495,0.25211030542850493,0.04223013296723366,0.9577698707580566
1,0.9995283514261246,0.00047164857387542724,0.9994534194469452,0.0005465805530548096,0.9992633163928986,0.0007366836071014404,0.9902265101671219,0.009773489832878113,0.49748408794403076,0.5025159120559692
1,0.999484583735466,0.0005154162645339966,0.9993893831968308,0.0006106168031692505,0.9995626389980317,0.0004373610019683838,0.9933356493711472,0.006664350628852844,0.3736671507358551,0.6263328790664673
1,0.9993932217359542,0.0006067782640457153,0.9993161976337432,0.0006838023662567138,0.9995186477899551,0.00048135221004486084,0.3673176109790802,0.6326823890209198,0.1884651631116867,0.8115348219871521
1,0.9994337677955627,0.0005662322044372558,0.9993434906005859,0.0006565093994140625,0.9877453535795212,0.012254646420478821,0.2484772950410843,0.7515227049589157,0.06487330794334412,0.9351266622543335
1,0.9995476633310318,0.00045233666896820067,0.9994909226894378,0.0005090773105621338,0.9995599806308746,0.0004400193691253662,0.7620320439338684,0.23796795606613158,0.8698492050170898,0.13015083968639374
1,0.9987792670726776,0.0012207329273223877,0.9985919713973999,0.0014080286026000976,0.9987791627645493,0.0012208372354507446,0.9980070531368256,0.0019929468631744384,0.3594162166118622,0.6405837535858154
1,0.9993826001882553,0.0006173998117446899,0.9992800712585449,0.0007199287414550781,0.9994310051202774,0.0005689948797225952,0.9989217281341553,0.0010782718658447266,0.0517909973859787,0.9482090473175049
1,0.9995399355888367,0.0004600644111633301,0.9994837820529938,0.0005162179470062256,0.9995583206415176,0.0004416793584823608,0.8678175747394562,0.13218242526054383,0.055672064423561096,0.9443279504776001
1,0.9995904356241226,0.0004095643758773804,0.9995398491621017,0.0004601508378982544,0.999556839466095,0.0004431605339050293,0.9715718150138855,0.0284281849861145,0.14239099621772766,0.85760897397995
1,0.99955894947052,0.0004410505294799805,0.9994774639606476,0.000522536039352417,0.9995595544576645,0.00044044554233551024,0.8798508167266845,0.12014918327331543,0.5349805951118469,0.4650193750858307
1,0.9994776904582977,0.0005223095417022705,0.9994166404008865,0.0005833595991134643,0.9737558424472809,0.026244157552719118,0.857392305135727,0.14260769486427308,0.5457019805908203,0.4542980194091797
1,0.8150808632373809,0.184919136762619,0.624088704586029,0.37591129541397095,0.9806070178747177,0.019392982125282288,0.6895498484373093,0.31045015156269073,0.09107401221990585,0.9089260101318359
1,0.9994461238384247,0.0005538761615753174,0.9993289172649383,0.0006710827350616455,0.9994848221540451,0.000515177845954895,0.977337971329689,0.022662028670310974,0.3007514774799347,0.6992485523223877
1,0.9993706941604614,0.0006293058395385742,0.9992823272943496,0.0007176727056503295,0.9995486229658127,0.0004513770341873169,0.9953485250473022,0.004651474952697754,0.38932326436042786,0.6106767654418945
1,0.9995436906814575,0.0004563093185424805,0.9994766265153885,0.0005233734846115112,0.9994087219238281,0.000591278076171875,0.1675362765789032,0.8324637234210968,0.6564062237739563,0.3435938060283661
1,0.9995575457811355,0.0004424542188644409,0.9994861513376236,0.0005138486623764039,0.9995256900787354,0.00047430992126464846,0.8933502674102783,0.10664973258972169,0.19869855046272278,0.8013014793395996
1,0.9995108544826508,0.0004891455173492432,0.9994555979967117,0.000544402003288269,0.9995693266391754,0.00043067336082458496,0.9639170378446579,0.0360829621553421,0.8898626565933228,0.11013738811016083
1,0.9995088458061219,0.0004911541938781739,0.9994231641292572,0.0005768358707427979,0.9995577514171601,0.0004422485828399658,0.9066203385591507,0.0933796614408493,0.6152692437171936,0.384730726480484
1,0.9994071125984192,0.0005928874015808105,0.9993022948503494,0.0006977051496505737,0.9995332360267639,0.000466763973236084,0.5917198896408081,0.4082801103591919,0.46811026334762573,0.5318897366523743
1,0.9992765188217163,0.0007234811782836914,0.9991712808609009,0.0008287191390991211,0.9256142109632493,0.07438578903675079,0.5718619167804718,0.4281380832195282,0.05835060402750969,0.9416493773460388
1,0.9992336302995681,0.0007663697004318237,0.9991390019655227,0.0008609980344772339,0.2350004345178604,0.7649995654821395,0.13368450999259948,0.8663154900074005,0.368422269821167,0.631577730178833
1,0.9994546055793763,0.0005453944206237793,0.9994314819574356,0.0005685180425643921,0.9995618641376496,0.00043813586235046386,0.9701782822608948,0.029821717739105226,0.23278376460075378,0.7672162055969238
1,0.999573540687561,0.00042645931243896485,0.9995273113250732,0.0004726886749267578,0.9994715869426727,0.0005284130573272705,0.1832660585641861,0.8167339414358139,0.9028083682060242,0.0971917062997818
1,0.9994097381830216,0.0005902618169784546,0.9993622064590454,0.0006377935409545898,0.995256444811821,0.004743555188179016,0.7341830760240555,0.26581692397594453,0.15158464014530182,0.8484153151512146
1,0.9995216429233551,0.00047835707664489746,0.9994535744190216,0.0005464255809783936,0.9487694561481476,0.05123054385185242,0.130135640501976,0.869864359498024,0.05663079768419266,0.9433692097663879
1,0.9995107412338257,0.0004892587661743164,0.9994656473398209,0.0005343526601791382,0.9995591849088669,0.00044081509113311765,0.9989019632339478,0.001098036766052246,0.8414855599403381,0.15851446986198425
1,0.9994370341300964,0.0005629658699035645,0.9993346959352494,0.0006653040647506714,0.9994250625371933,0.0005749374628067017,0.21187379360198974,0.7881262063980102,0.697663426399231,0.30233657360076904
1,0.9992083668708801,0.000791633129119873,0.9991024911403656,0.0008975088596343995,0.7692338198423385,0.23076618015766143,0.6348891347646713,0.36511086523532865,0.2936519980430603,0.7063479423522949
1,0.9995378643274307,0.0004621356725692749,0.9994389802217484,0.000561019778251648,0.9995528072118759,0.00044719278812408445,0.9961238116025924,0.003876188397407532,0.20658060908317566,0.793419361114502
1,0.9994559019804001,0.0005440980195999146,0.9994082450866699,0.0005917549133300781,0.9994997888803482,0.0005002111196517944,0.9974502474069595,0.0025497525930404663,0.3610604703426361,0.6389395594596863
1,0.9995795041322708,0.000420495867729187,0.9995221048593521,0.0004778951406478882,0.9995535671710968,0.0004464328289031982,0.9992320209741592,0.0007679790258407592,0.3521346151828766,0.6478654146194458
1,0.99954172372818,0.0004582762718200684,0.9994808167219162,0.0005191832780838013,0.999539190530777,0.0004608094692230225,0.851799139380455,0.148200860619545,0.225388303399086,0.7746117115020752
1,0.9992390394210815,0.000760960578918457,0.999114316701889,0.0008856832981109619,0.9995534390211105,0.00044656097888946534,0.9912329107522965,0.008767089247703553,0.9106449484825134,0.08935502171516418
1,0.9994780004024506,0.0005219995975494385,0.9994032353162765,0.0005967646837234497,0.9995670318603516,0.0004329681396484375,0.9524520576000214,0.047547942399978636,0.5352813601493835,0.46471866965293884
0,0.9992237359285354,0.0007762640714645385,0.9992190152406693,0.0007809847593307495,0.9995024770498275,0.0004975229501724243,0.6820774078369141,0.31792259216308594,0.34711623191833496,0.6528837084770203
0,0.9994362473487854,0.0005637526512145997,0.9993433684110642,0.0006566315889358521,0.9872756987810135,0.012724301218986512,0.7516279935836792,0.2483720064163208,0.9033157229423523,0.09668423235416412
0,0.999487179517746,0.0005128204822540284,0.999408808350563,0.0005911916494369506,0.9994747966527939,0.0005252033472061158,0.9577390313148498,0.04226096868515015,0.9128234386444092,0.08717659115791321
0,0.9994833588600158,0.0005166411399841308,0.9994524091482162,0.0005475908517837524,0.9993198096752167,0.0006801903247833252,0.48677991330623627,0.5132200866937637,0.49789556860923767,0.5021044015884399
0,0.9992931813001633,0.000706818699836731,0.9991590261459351,0.0008409738540649414,0.9744332790374756,0.025566720962524415,0.03776555359363556,0.9622344464063645,0.6167280673980713,0.3832719027996063
0,0.9994682133197784,0.0005317866802215576,0.9993522793054581,0.0006477206945419312,0.9993959993124009,0.0006040006875991822,0.43933203518390657,0.5606679648160935,0.4721514880657196,0.527848482131958
0,0.9995398908853531,0.00046010911464691164,0.999491560459137,0.0005084395408630372,0.9995396196842193,0.0004603803157806396,0.9751249223947525,0.024875077605247497,0.2967303693294525,0.7032696604728699
0,0.9994646877050399,0.0005353122949600219,0.9994331151247025,0.0005668848752975464,0.9990473747253418,0.0009526252746582031,0.8985808312892913,0.10141916871070862,0.4356611967086792,0.5643388032913208
0,0.9994852066040039,0.0005147933959960937,0.9994211107492447,0.00057888925075531,0.5569928824901581,0.4430071175098419,0.02618216574192047,0.9738178342580796,0.8383646011352539,0.1616353988647461
0,0.9994237840175628,0.0005762159824371337,0.9994170725345611,0.0005829274654388428,0.9985351920127868,0.0014648079872131349,0.9994113355875015,0.0005886644124984741,0.9135705828666687,0.08642937988042831
0,0.9995021283626556,0.0004978716373443603,0.9994547188282012,0.000545281171798706,0.999406036734581,0.0005939632654190063,0.9933206915855408,0.006679308414459228,0.904508113861084,0.0954919382929802
0,0.9989407360553741,0.0010592639446258545,0.9988124072551727,0.0011875927448272705,0.9995548486709595,0.0004451513290405273,0.9987344384193421,0.001265561580657959,0.8982493877410889,0.10175064951181412
0,0.9994644075632095,0.0005355924367904663,0.9994235515594483,0.0005764484405517579,0.9987203657627106,0.0012796342372894288,0.11820649206638337,0.8817935079336167,0.9099192023277283,0.09008082002401352
0,0.9992281377315522,0.000771862268447876,0.9991443634033204,0.0008556365966796875,0.9991406619548797,0.0008593380451202392,0.9825592488050461,0.01744075119495392,0.8006302118301392,0.19936975836753845
0,0.9984570056200027,0.0015429943799972535,0.9984046161174774,0.001595383882522583,0.9785705149173737,0.02142948508262634,0.6646347671747208,0.33536523282527925,0.6767334938049316,0.32326647639274597
0,0.9995074570178986,0.0004925429821014404,0.9994295448064804,0.0005704551935195923,0.9995613187551499,0.0004386812448501587,0.9977512389421463,0.0022487610578536986,0.5926602482795715,0.40733978152275085
0,0.9993733167648315,0.000626683235168457,0.9993420988321304,0.0006579011678695679,0.3000147134065628,0.6999852865934372,0.5260837286710739,0.4739162713289261,0.9020978808403015,0.09790218621492386
0,0.9995184898376465,0.0004815101623535156,0.9994586110115051,0.000541388988494873,0.9995666384696961,0.0004333615303039551,0.4097828358411789,0.5902171641588211,0.9117954969406128,0.08820450305938721
0,0.9995431393384934,0.00045686066150665285,0.9994749426841736,0.000525057315826416,0.9995664626359939,0.0004335373640060425,0.9885914534330368,0.011408546566963195,0.8383249640464783,0.1616750955581665
0,0.9995548576116562,0.00044514238834381104,0.9994917035102844,0.0005082964897155761,0.9995631396770477,0.0004368603229522705,0.9077592015266418,0.09224079847335816,0.8842964768409729,0.11570350080728531
0,0.9995143115520477,0.0004856884479522705,0.9994152843952179,0.0005847156047821045,0.99956716299057,0.00043283700942993165,0.9984657436609268,0.0015342563390731811,0.713127613067627,0.28687235713005066
0,0.9994958847761154,0.0005041152238845825,0.9994468092918396,0.0005531907081604004,0.9989154636859894,0.0010845363140106201,0.24877748787403106,0.7512225121259689,0.6099010109901428,0.39009901881217957
0,0.998744222521782,0.0012557774782180787,0.9986551642417908,0.0013448357582092284,0.8934328138828278,0.10656718611717224,0.17270035147666932,0.8272996485233307,0.21885930001735687,0.7811406850814819
0,0.9994952023029328,0.0005047976970672608,0.9994470715522766,0.0005529284477233887,0.9992960691452026,0.0007039308547973633,0.9958024531602859,0.00419754683971405,0.9023352861404419,0.09766469150781631
0,0.9995731353759766,0.0004268646240234375,0.9995197504758835,0.0004802495241165161,0.9995282411575317,0.00047175884246826173,0.9981268763542175,0.0018731236457824707,0.9048174619674683,0.09518256783485413
0,0.9995112419128418,0.0004887580871582031,0.9994483292102814,0.0005516707897186279,0.9835936576128006,0.016406342387199402,0.6908072888851166,0.30919271111488345,0.14459358155727386,0.8554064035415649
0,0.9995338469743729,0.00046615302562713623,0.9994524568319321,0.0005475431680679321,0.9995314568281174,0.0004685431718826294,0.9978992313146591,0.0021007686853408815,0.8747299909591675,0.1252700388431549
0,0.9994883865118027,0.0005116134881973267,0.999467733502388,0.0005322664976119996,0.9992229908704757,0.0007770091295242309,0.9981230020523071,0.001876997947692871,0.7749409675598145,0.22505901753902435
0,0.9995055377483368,0.000494462251663208,0.9994245409965515,0.0005754590034484863,0.9994842827320098,0.0005157172679901123,0.01851973235607147,0.9814802676439285,0.5863007307052612,0.41369929909706116
0,0.9995551586151123,0.0004448413848876953,0.9994935750961303,0.0005064249038696289,0.9995620816946029,0.0004379183053970337,0.9609445631504059,0.039055436849594116,0.9032854437828064,0.09671449661254883
0,0.9991606056690217,0.0008393943309783936,0.9990229606628418,0.0009770393371582031,0.9866908401250839,0.013309159874916076,0.9957496613264084,0.004250338673591614,0.8681559562683105,0.13184404373168945
0,0.9992087125778198,0.0007912874221801758,0.9991550743579865,0.0008449256420135498,0.99931021630764,0.0006897836923599243,0.7184960216283798,0.28150397837162017,0.9037593007087708,0.09624064713716507
0,0.9987440586090088,0.001255941390991211,0.9986615955829621,0.001338404417037964,0.9993419468402862,0.0006580531597137451,0.9242219030857086,0.07577809691429138,0.9061273336410522,0.09387260675430298
0,0.9995115548372269,0.0004884451627731323,0.9994394183158875,0.0005605816841125488,0.9951570838689804,0.004842916131019592,0.4741999596357346,0.5258000403642654,0.9024997353553772,0.0975002720952034
0,0.9996130585670471,0.00038694143295288087,0.9995611101388931,0.0004388898611068726,0.9995691984891891,0.00043080151081085203,0.9974431216716766,0.0025568783283233644,0.9100759029388428,0.08992406725883484
0,0.9993799865245819,0.0006200134754180908,0.9992970138788223,0.0007029861211776733,0.999554431438446,0.00044556856155395506,0.9985759526491165,0.0014240473508834838,0.27834489941596985,0.7216550707817078
0,0.9995123863220214,0.00048761367797851564,0.9994458466768265,0.0005541533231735229,0.9995620310306549,0.00043796896934509275,0.9201801180839538,0.07981988191604614,0.8935838937759399,0.10641613602638245
0,0.9995742321014405,0.0004257678985595703,0.9995152175426483,0.0004847824573516846,0.9995457500219345,0.00045424997806549073,0.9435552358627319,0.056444764137268066,0.8922791481018066,0.10772089660167694
0,0.9975180953741074,0.002481904625892639,0.9969973295927048,0.003002670407295227,0.9954772919416428,0.004522708058357239,0.9586446732282639,0.041355326771736145,0.5500209331512451,0.4499790370464325
0,0.9994639813899994,0.0005360186100006103,0.9994071424007416,0.0005928575992584229,0.9995598167181015,0.00044018328189849855,0.9952652454376221,0.00473475456237793,0.908598780632019,0.09140129387378693
0,0.9991289138793945,0.0008710861206054687,0.999013963341713,0.0009860366582870484,0.9866005450487136,0.013399454951286315,0.7458379924297333,0.25416200757026675,0.8888300061225891,0.11117000132799149
0,0.999507337808609,0.0004926621913909912,0.9994642972946167,0.0005357027053833008,0.9994764685630798,0.000523531436920166,0.9159754514694214,0.08402454853057861,0.9092399477958679,0.09076003730297089
0,0.9985869824886322,0.0014130175113677979,0.9983931988477707,0.0016068011522293092,0.9995076894760132,0.0004923105239868164,0.9982254385948182,0.0017745614051818848,0.9122936129570007,0.08770639449357986
0,0.9992170751094818,0.0007829248905181884,0.9991663515567779,0.0008336484432220459,0.999560084939003,0.0004399150609970093,0.9988435328006744,0.0011564671993255615,0.7446718811988831,0.25532814860343933
0,0.9992597937583924,0.000740206241607666,0.999224391579628,0.0007756084203720092,0.9995659857988357,0.0004340142011642456,0.9985954374074936,0.0014045625925064088,0.9131638407707214,0.08683618903160095
0,0.9849014133214951,0.015098586678504944,0.975266969203949,0.024733030796051027,0.7587903827428818,0.24120961725711823,0.496316009759903,0.503683990240097,0.8842141628265381,0.11578580737113953
0,0.9987136960029602,0.0012863039970397948,0.998445200920105,0.0015547990798950196,0.999521479010582,0.0004785209894180298,0.9731079906225204,0.026892009377479553,0.9057260155677795,0.09427400678396225
0,0.9992196440696717,0.0007803559303283692,0.9992248266935349,0.0007751733064651489,0.7763316631317139,0.22366833686828613,0.9443362265825271,0.05566377341747284,0.3661627471446991,0.6338372826576233
0,0.9995279967784881,0.0004720032215118408,0.9994395494461059,0.0005604505538940429,0.9995551258325577,0.0004448741674423218,0.2803254008293152,0.7196745991706848,0.3593904376029968,0.6406095623970032
0,0.9991059303283691,0.0008940696716308594,0.9994386941194534,0.0005613058805465698,0.999218401312828,0.000781598687171936,0.8453292071819305,0.15467079281806945,0.9135338068008423,0.08646619319915771
0,0.9993598341941834,0.0006401658058166504,0.9993366777896882,0.0006633222103118897,0.9995465576648712,0.0004534423351287842,0.9981348961591721,0.001865103840827942,0.3648424446582794,0.6351575255393982
0,0.9995520114898682,0.00044798851013183594,0.9994808882474899,0.0005191117525100708,0.9992663115262985,0.000733688473701477,0.9843841403722763,0.015615859627723694,0.58559650182724,0.4144035279750824
0,0.9756146728992462,0.024385327100753786,0.992279002070427,0.007720997929573059,0.5156781375408173,0.48432186245918274,0.9752295583486557,0.0247704416513443,0.9126515984535217,0.08734834939241409
0,0.9993173807859421,0.0006826192140579224,0.9992143392562867,0.000785660743713379,0.37968091368675233,0.6203190863132477,0.03758017122745514,0.9624198287725448,0.9019168615341187,0.09808312356472015
0,0.9995302766561508,0.0004697233438491821,0.9994589775800705,0.0005410224199295044,0.9995428204536438,0.00045717954635620116,0.9919668883085251,0.008033111691474915,0.8937501907348633,0.10624981671571732
0,0.9992196172475815,0.000780382752418518,0.9991589426994324,0.000841057300567627,0.9995597839355469,0.000440216064453125,0.9982790768146514,0.0017209231853485107,0.9028668403625488,0.09713311493396759
0,0.9993666529655456,0.0006333470344543457,0.9992647558450699,0.0007352441549301148,0.9995473444461822,0.00045265555381774903,0.9308964014053345,0.06910359859466553,0.8021184206008911,0.19788159430027008
0,0.9995631754398346,0.00043682456016540526,0.9994914799928665,0.0005085200071334838,0.9995544880628586,0.00044551193714141845,0.9900821566581726,0.009917843341827392,0.906184196472168,0.09381576627492905
0,0.9995353668928146,0.00046463310718536377,0.9994826585054397,0.0005173414945602417,0.9991870850324631,0.0008129149675369263,0.908298733830452,0.09170126616954803,0.8706617951393127,0.12933817505836487
0,0.9995954871177674,0.00040451288223266604,0.9995338499546051,0.00046615004539489745,0.9995636880397797,0.00043631196022033694,0.4640187114477158,0.5359812885522842,0.9120510816574097,0.08794888854026794
0,0.9995239913463593,0.0004760086536407471,0.9994491964578629,0.000550803542137146,0.9995189905166626,0.00048100948333740234,0.7499030977487564,0.2500969022512436,0.8302742838859558,0.1697256863117218
0,0.9995443761348725,0.0004556238651275635,0.999489375948906,0.0005106240510940552,0.9991969496011734,0.0008030503988265992,0.06763575971126556,0.9323642402887344,0.8597885966300964,0.14021146297454834
0,0.9993466824293137,0.0006533175706863404,0.9991694122552872,0.0008305877447128296,0.4370477110147476,0.5629522889852524,0.8146844863891601,0.18531551361083984,0.56143718957901,0.43856287002563477
0,0.9995368957519531,0.000463104248046875,0.9994836211204529,0.0005163788795471191,0.999566313624382,0.00043368637561798097,0.9905314564704895,0.009468543529510497,0.9110066294670105,0.08899341523647308
0,0.9994595289230347,0.000540471076965332,0.9994610905647278,0.0005389094352722168,0.9995496362447739,0.0004503637552261353,0.9972805082798004,0.002719491720199585,0.9049927592277527,0.09500721096992493
0,0.9992673844099045,0.00073261559009552,0.9992438703775406,0.0007561296224594116,0.999432897567749,0.0005671024322509765,0.978767603635788,0.021232396364212036,0.9090531468391418,0.09094689786434174
0,0.9995197623968124,0.00048023760318756105,0.9994710206985473,0.0005289793014526367,0.9995161116123199,0.0004838883876800537,0.7287848979234696,0.27121510207653043,0.25850966572761536,0.741490364074707
0,0.9991602271795272,0.0008397728204727172,0.9990825593471527,0.0009174406528472901,0.9990879356861114,0.0009120643138885498,0.9969935864210129,0.0030064135789871216,0.9133375287055969,0.08666244894266129
0,0.9984858125448227,0.001514187455177307,0.998792240023613,0.0012077599763870238,0.999522253870964,0.0004777461290359497,0.996859821677208,0.003140178322792053,0.9084763526916504,0.09152362495660782
0,0.8990964949131012,0.1009035050868988,0.8331731259822845,0.16682687401771545,0.8882997661828995,0.11170023381710052,0.9671323716640472,0.03286762833595276,0.9080243110656738,0.09197571873664856
0,0.9994272738695145,0.0005727261304855347,0.9993634939193725,0.0006365060806274414,0.9994353830814362,0.0005646169185638428,0.9208897560834884,0.07911024391651153,0.8593337535858154,0.14066630601882935
0,0.9994130879640579,0.0005869120359420776,0.999291929602623,0.0007080703973770142,0.9817926585674286,0.01820734143257141,0.9572362452745438,0.04276375472545624,0.25565749406814575,0.744342565536499
0,0.9995239734649658,0.00047602653503417967,0.999463152885437,0.0005368471145629882,0.9995428562164307,0.00045714378356933596,0.9205071657896042,0.07949283421039581,0.9083471894264221,0.09165280312299728
0,0.9995253622531891,0.0004746377468109131,0.99945327937603,0.0005467206239700318,0.9995273053646088,0.00047269463539123535,0.9402138710021972,0.05978612899780274,0.8934338688850403,0.1065661683678627
0,0.9978185176849366,0.0021814823150634764,0.997311919927597,0.002688080072402954,0.9994941681623459,0.0005058318376541138,0.8946929574012756,0.10530704259872437,0.8908900022506714,0.1091100201010704
0,0.9976967871189117,0.002303212881088257,0.9981136322021484,0.0018863677978515625,0.9974933981895446,0.0025066018104553224,0.5965673446655273,0.40343265533447265,0.6797679662704468,0.32023200392723083
0,0.9992595225572586,0.000740477442741394,0.9991913795471191,0.0008086204528808594,0.9995447129011155,0.0004552870988845825,0.9992557138204574,0.0007442861795425415,0.9135573506355286,0.08644265681505203
0,0.9994158565998077,0.0005841434001922607,0.9993396699428558,0.000660330057144165,0.9995554387569427,0.000444561243057251,0.9962882727384568,0.0037117272615432738,0.6800432205200195,0.31995680928230286
0,0.9995232582092285,0.00047674179077148435,0.9994361013174057,0.0005638986825942993,0.9995607763528824,0.00043922364711761474,0.996039804816246,0.0039601951837539675,0.9023228883743286,0.09767710417509079
0,0.9989007115364075,0.0010992884635925293,0.9988633126020432,0.0011366873979568482,0.9995587140321731,0.00044128596782684327,0.9886237353086471,0.011376264691352844,0.9107993841171265,0.08920064568519592
0,0.9991472065448761,0.0008527934551239014,0.9990088254213333,0.000991174578666687,0.9675610095262528,0.03243899047374725,0.9338217586278915,0.06617824137210845,0.7566441893577576,0.24335578083992004
0,0.9995893120765686,0.0004106879234313965,0.9995352923870087,0.000464707612991333,0.9995696008205414,0.00043039917945861814,0.961636409163475,0.03836359083652496,0.8845571875572205,0.11544277518987656
0,0.9994407564401626,0.0005592435598373413,0.9993739783763885,0.0006260216236114502,0.9994745314121246,0.0005254685878753662,0.7828849345445633,0.2171150654554367,0.9006681442260742,0.09933186322450638
0,0.9994559496641159,0.0005440503358840942,0.9993469715118408,0.0006530284881591797,0.9994960874319077,0.0005039125680923462,0.39713228344917295,0.602867716550827,0.7663348913192749,0.2336651086807251
0,0.99811449944973,0.0018855005502700806,0.9977000802755356,0.0022999197244644165,0.9940388828516007,0.005961117148399353,0.8898398876190186,0.11016011238098145,0.7067996859550476,0.2932003140449524
0,0.9993633896112442,0.0006366103887557983,0.9992879182100296,0.000712081789970398,0.9991458833217621,0.0008541166782379151,0.8166567981243134,0.18334320187568665,0.8912113308906555,0.10878869146108627
0,0.9995992302894592,0.0004007697105407715,0.9995383113622666,0.0004616886377334595,0.9994926124811172,0.0005073875188827514,0.9581604361534118,0.041839563846588136,0.5333572626113892,0.4666427671909332
0,0.9995514959096908,0.00044850409030914304,0.9994910329580307,0.0005089670419692993,0.9995534271001816,0.0004465728998184204,0.9953949272632598,0.0046050727367401125,0.9107030630111694,0.08929692208766937
0,0.9995932281017303,0.0004067718982696533,0.9995344370603562,0.0004655629396438599,0.9995712399482727,0.0004287600517272949,0.7115308910608291,0.2884691089391708,0.7746258974075317,0.22537407279014587
0,0.9992289572954178,0.0007710427045822144,0.9991442292928696,0.0008557707071304322,0.9995618522167206,0.0004381477832794189,0.9991443544626236,0.0008556455373764038,0.12132109701633453,0.8786789178848267
0,0.9994250327348709,0.0005749672651290894,0.999325892329216,0.0006741076707839966,0.9995373874902725,0.00046261250972747805,0.6603756576776505,0.33962434232234956,0.8904942274093628,0.10950576514005661
0,0.9995057046413421,0.0004942953586578369,0.9994444608688354,0.0005555391311645508,0.9802758991718292,0.019724100828170776,0.3915103077888489,0.6084896922111511,0.6430519223213196,0.3569480776786804
0,0.9994856089353561,0.0005143910646438598,0.9994272828102112,0.0005727171897888184,0.9901501297950744,0.009849870204925537,0.9515358030796051,0.0484641969203949,0.8468683362007141,0.1531316488981247
0,0.9969411492347717,0.0030588507652282715,0.9969067215919495,0.003093278408050537,0.9995418637990952,0.0004581362009048462,0.997663626074791,0.0023363739252090453,0.7185946702957153,0.28140532970428467
0,0.999128645658493,0.000871354341506958,0.9990501940250397,0.0009498059749603272,0.9995685696601868,0.0004314303398132324,0.17726683616638184,0.8227331638336182,0.25333213806152344,0.7466678619384766
0,0.9992526561021805,0.0007473438978195191,0.9991668879985809,0.0008331120014190673,0.999452781677246,0.0005472183227539062,0.146378093957901,0.853621906042099,0.2402368038892746,0.759763240814209
0,0.9943789929151535,0.005621007084846497,0.9931171864271164,0.006882813572883606,0.9439366608858109,0.05606333911418915,0.2792095184326172,0.7207904815673828,0.37552985548973083,0.6244701743125916
0,0.9995139330625534,0.00048606693744659426,0.999435555934906,0.0005644440650939941,0.8433466285467148,0.15665337145328523,0.36157838106155393,0.6384216189384461,0.6715660691261292,0.32843393087387085
0,0.9995769798755646,0.0004230201244354248,0.9995361536741256,0.0004638463258743286,0.9995650768280029,0.0004349231719970703,0.9967395484447479,0.0032604515552520754,0.8689300417900085,0.13107000291347504
0,0.9993135690689087,0.0006864309310913086,0.9992120653390885,0.0007879346609115601,0.9945894658565522,0.005410534143447876,0.9061871409416199,0.09381285905838013,0.9118618965148926,0.08813805878162384
0,0.9995039969682693,0.0004960030317306518,0.9994431883096695,0.0005568116903305054,0.9995478391647339,0.0004521608352661133,0.9712341755628586,0.02876582443714142,0.9018840193748474,0.09811598062515259
0,0.9995477825403214,0.0004522174596786499,0.999497801065445,0.0005021989345550537,0.9995609492063522,0.0004390507936477661,0.6349292904138565,0.3650707095861435,0.8838142156600952,0.11618576943874359
0,0.9995426416397095,0.00045735836029052733,0.9994901657104492,0.0005098342895507813,0.9987157821655274,0.0012842178344726562,0.9986446082592011,0.0013553917407989502,0.29626989364624023,0.7037301063537598
0,0.9995539844036102,0.0004460155963897705,0.9994618594646454,0.0005381405353546143,0.9994981050491333,0.0005018949508666992,0.8820429563522338,0.11795704364776612,0.4955204725265503,0.5044795274734497
0,0.9995127648115159,0.0004872351884841919,0.9994587004184723,0.00054129958152771,0.9995151430368423,0.0004848569631576538,0.9940673619508743,0.005932638049125671,0.880899965763092,0.11910006403923035
0,0.997828134894371,0.002171865105628967,0.9969436675310135,0.0030563324689865112,0.8914776682853699,0.10852233171463013,0.38600329756736756,0.6139967024326325,0.4904988706111908,0.5095011591911316
0,0.9993346154689788,0.0006653845310211181,0.9992600917816162,0.0007399082183837891,0.999496242403984,0.0005037575960159302,0.8823361724615097,0.11766382753849029,0.6794453859329224,0.32055458426475525
0,0.9994017153978347,0.0005982846021652221,0.999354112148285,0.0006458878517150879,0.9989659786224365,0.0010340213775634766,0.7981995195150375,0.20180048048496246,0.9108074903488159,0.08919254690408707
0,0.999186846613884,0.0008131533861160279,0.9993912100791931,0.0006087899208068847,0.9468211740255356,0.05317882597446442,0.8407303750514984,0.15926962494850158,0.9142320156097412,0.085767962038517
0,0.9995237916707993,0.0004762083292007446,0.9994750648736954,0.0005249351263046265,0.9995455622673035,0.0004544377326965332,0.5822100013494491,0.41778999865055083,0.678896427154541,0.321103572845459
0,0.9995964765548706,0.00040352344512939453,0.9995515316724777,0.00044846832752227784,0.9995685040950775,0.00043149590492248536,0.9941666781902313,0.005833321809768676,0.7808086276054382,0.21919140219688416
0,0.9994184255599976,0.0005815744400024414,0.9993717789649963,0.0006282210350036621,0.9994900733232498,0.0005099266767501831,0.9985932022333145,0.001406797766685486,0.7021194100379944,0.2978806495666504
0,0.998150360584259,0.0018496394157409668,0.998247030377388,0.0017529696226119996,0.9992709338665009,0.0007290661334991456,0.991835817694664,0.008164182305335999,0.9144295454025269,0.08557046949863434
0,0.9993578255176544,0.000642174482345581,0.999270886182785,0.0007291138172149658,0.9976657092571258,0.0023342907428741456,0.9708541035652161,0.029145896434783936,0.9102927446365356,0.08970730751752853
0,0.9994949132204056,0.0005050867795944214,0.9994178056716919,0.0005821943283081055,0.9995629549026489,0.0004370450973510742,0.3456319749355316,0.6543680250644683,0.8154821395874023,0.18451783061027527
0,0.9986668109893799,0.0013331890106201172,0.9986701160669327,0.0013298839330673218,0.9994906067848206,0.0005093932151794434,0.9948954105377197,0.005104589462280274,0.16939416527748108,0.8306058049201965
0,0.9994328707456589,0.0005671292543411255,0.9993697434663773,0.0006302565336227417,0.9990978837013245,0.0009021162986755371,0.9404776304960251,0.059522369503974916,0.4979875981807709,0.5020123720169067
0,0.999206405878067,0.0007935941219329834,0.9990483582019806,0.0009516417980194092,0.999493870139122,0.0005061298608779908,0.9041810214519501,0.09581897854804992,0.8925866484642029,0.10741330683231354
0,0.9994953542947769,0.0005046457052230835,0.9994237422943115,0.0005762577056884766,0.9941841930150985,0.005815806984901428,0.9968454986810684,0.0031545013189315796,0.8929010629653931,0.10709890723228455
0,0.999622005224228,0.0003779947757720947,0.9995564997196198,0.000443500280380249,0.9995262354612351,0.0004737645387649536,0.6780492663383484,0.3219507336616516,0.8898283839225769,0.11017156392335892
0,0.9994420945644379,0.0005579054355621338,0.999366044998169,0.0006339550018310547,0.9963742166757583,0.0036257833242416384,0.964138874411583,0.03586112558841705,0.9112237095832825,0.08877626806497574
0,0.9971290677785873,0.0028709322214126587,0.9967528879642487,0.0032471120357513428,0.9576949447393417,0.04230505526065827,0.9896470069885254,0.010352993011474609,0.9098666906356812,0.09013328701257706
0,0.9995962679386139,0.0004037320613861084,0.9995442003011703,0.0004557996988296509,0.9451501876115799,0.054849812388420106,0.87529336810112,0.12470663189888001,0.8864169120788574,0.11358309537172318
0,0.9992792934179306,0.000720706582069397,0.9992449134588242,0.0007550865411758423,0.9993581056594849,0.0006418943405151368,0.370889613032341,0.629110386967659,0.9028294086456299,0.0971706211566925
0,0.9995577514171601,0.0004422485828399658,0.9994696915149689,0.000530308485031128,0.9985331922769547,0.0014668077230453492,0.8923598229885101,0.10764017701148987,0.8870362639427185,0.1129637137055397
0,0.9995299100875854,0.0004700899124145508,0.9994498074054718,0.0005501925945281983,0.9426741749048233,0.0573258250951767,0.29059397280216215,0.7094060271978379,0.8730016350746155,0.1269983947277069
0,0.9993903487920761,0.0006096512079238892,0.9993781059980392,0.0006218940019607544,0.9983076065778732,0.00169239342212677,0.9978819757699966,0.002118024230003357,0.8308908939361572,0.16910909116268158
0,0.9995495468378067,0.00045045316219329836,0.9994815945625305,0.0005184054374694824,0.9995480328798294,0.00045196712017059326,0.9977634221315383,0.002236577868461609,0.7354027628898621,0.26459723711013794
0,0.9991406410932541,0.0008593589067459106,0.9990437895059585,0.0009562104940414428,0.9951442688703537,0.004855731129646301,0.13500774800777435,0.8649922519922256,0.6254276633262634,0.3745723366737366
0,0.9995290547609329,0.0004709452390670776,0.9994615614414215,0.0005384385585784912,0.9995078116655349,0.0004921883344650268,0.9924785256385803,0.007521474361419677,0.9045377373695374,0.09546226263046265
0,0.9995229572057724,0.0004770427942276001,0.9994424134492874,0.0005575865507125854,0.9994563370943069,0.0005436629056930542,0.9968372046947479,0.0031627953052520753,0.9101312756538391,0.08986876159906387
0,0.999443718791008,0.0005562812089920044,0.9993695020675659,0.000630497932434082,0.9995553523302079,0.0004446476697921753,0.9840795010328293,0.015920498967170717,0.5312181711196899,0.46878182888031006
0,0.9995829463005066,0.0004170536994934082,0.9995285898447037,0.00047141015529632567,0.9995257735252381,0.0004742264747619629,0.6692423403263092,0.3307576596736908,0.4655447006225586,0.5344552993774414
0,0.9994750469923019,0.0005249530076980591,0.9994248211383819,0.000575178861618042,0.9995281010866165,0.00047189891338348387,0.9962380081415176,0.003761991858482361,0.5138653516769409,0.4861346483230591
0,0.9994269669055938,0.0005730330944061279,0.9993503451347351,0.0006496548652648926,0.9995288193225861,0.00047118067741394045,0.5302039921283722,0.4697960078716278,0.9003936052322388,0.09960637986660004
0,0.998749166727066,0.00125083327293396,0.9985593080520629,0.0014406919479370117,0.8688132405281067,0.13118675947189332,0.057985931634902954,0.942014068365097,0.9119684100151062,0.0880315750837326
0,0.9985340416431427,0.0014659583568572998,0.9982484489679336,0.0017515510320663453,0.5308428168296814,0.4691571831703186,0.9959484606981277,0.004051539301872254,0.8797863721847534,0.12021361291408539
0,0.9991492539644241,0.0008507460355758667,0.9989580601453781,0.0010419398546218871,0.9995149672031403,0.0004850327968597412,0.9925326377153396,0.0074673622846603395,0.7975014448165894,0.20249858498573303
0,0.999454015493393,0.0005459845066070557,0.9993877559900284,0.0006122440099716187,0.9992716491222382,0.0007283508777618409,0.061137691140174866,0.9388623088598251,0.9107121825218201,0.08928782492876053
0,0.9995666146278381,0.00043338537216186523,0.9994816422462464,0.0005183577537536621,0.999563917517662,0.00043608248233795166,0.7108504235744476,0.2891495764255524,0.36384546756744385,0.6361545324325562
0,0.9993833839893341,0.0006166160106658936,0.9993523985147477,0.0006476014852523804,0.9989261776208878,0.0010738223791122437,0.932215330004692,0.06778466999530793,0.19892728328704834,0.8010726571083069
0,0.998641774058342,0.00135822594165802,0.9984802633523941,0.001519736647605896,0.9688050806522369,0.031194919347763063,0.7955786347389221,0.20442136526107788,0.9069605469703674,0.09303940832614899
0,0.9991312056779862,0.000868794322013855,0.9989388227462769,0.0010611772537231444,0.9994925647974015,0.0005074352025985718,0.318557944893837,0.6814420551061631,0.47420287132263184,0.5257971882820129
0,0.9993388086557389,0.0006611913442611695,0.9992617428302765,0.0007382571697235107,0.9994850635528565,0.0005149364471435547,0.9771945625543594,0.022805437445640564,0.48129427433013916,0.5187056660652161
0,0.999619460105896,0.0003805398941040039,0.9995760232210159,0.0004239767789840698,0.9776405274868012,0.022359472513198853,0.9288246661424637,0.07117533385753631,0.9136208295822144,0.08637920767068863
0,0.9995052933692932,0.0004947066307067871,0.9994528532028198,0.0005471467971801758,0.9977202117443085,0.0022797882556915283,0.475589793920517,0.5244102060794831,0.4862081706523895,0.5137918591499329
0,0.999375730752945,0.0006242692470550537,0.9993565648794174,0.0006434351205825805,0.999547678232193,0.0004523217678070068,0.9798072904348374,0.02019270956516266,0.9127904176712036,0.08720956742763519
0,0.9992852598428726,0.0007147401571273804,0.9992122232913971,0.0007877767086029053,0.9995685994625092,0.0004314005374908447,0.9991927891969681,0.0008072108030319214,0.904453456401825,0.09554654359817505
0,0.999567037820816,0.00043296217918395994,0.9994981259107589,0.0005018740892410278,0.999562892317772,0.00043710768222808837,0.8986567258834839,0.10134327411651611,0.9096100926399231,0.09038995206356049
0,0.9994383752346039,0.0005616247653961182,0.9993369311094285,0.0006630688905715943,0.9993038207292557,0.0006961792707443238,0.777754420042038,0.22224557995796204,0.8315355777740479,0.16846445202827454
0,0.9995543211698532,0.00044567883014678955,0.9994820266962051,0.0005179733037948608,0.9993647068738938,0.0006352931261062623,0.7706109017133713,0.22938909828662873,0.5001024603843689,0.4998975396156311
0,0.9995095908641816,0.0004904091358184815,0.9994260519742966,0.0005739480257034302,0.9995342135429383,0.0004657864570617676,0.9728977113962174,0.027102288603782655,0.8929282426834106,0.10707177966833115
0,0.9995535284280777,0.00044647157192230226,0.9994888931512833,0.0005111068487167359,0.9995518565177918,0.000448143482208252,0.9549650847911835,0.04503491520881653,0.6202311515808105,0.37976887822151184
0,0.9994646459817886,0.0005353540182113647,0.9993878036737442,0.0006121963262557984,0.999255046248436,0.0007449537515640259,0.3332976073026657,0.6667023926973343,0.47238242626190186,0.5276175737380981
0,0.9744041740894318,0.025595825910568238,0.9588430881500244,0.04115691184997559,0.9948055684566498,0.00519443154335022,0.986514788866043,0.013485211133956908,0.9067745804786682,0.09322546422481537
0,0.998993057012558,0.0010069429874420166,0.9988950520753861,0.0011049479246139527,0.9995737135410309,0.0004262864589691162,0.9940869688987732,0.0059130311012268065,0.8172867298126221,0.1827133148908615
0,0.9991276562213898,0.0008723437786102295,0.9989641159772873,0.0010358840227127075,0.6124522447586059,0.38754775524139407,0.6640478104352951,0.3359521895647049,0.37599483132362366,0.624005138874054
0,0.9992848128080368,0.0007151871919631958,0.9992025017738342,0.0007974982261657714,0.9928972393274307,0.007102760672569275,0.3427357763051987,0.6572642236948013,0.9088496565818787,0.09115029871463776
0,0.9843377083539963,0.015662291646003725,0.9837478578090668,0.016252142190933228,0.9907497525215149,0.009250247478485107,0.13949914276599884,0.8605008572340012,0.3368614614009857,0.6631385087966919
0,0.9994611978530884,0.0005388021469116211,0.9994283080101013,0.0005716919898986816,0.9995498836040497,0.00045011639595031737,0.9974772155284881,0.002522784471511841,0.8451117277145386,0.15488824248313904
0,0.9993281155824661,0.0006718844175338745,0.999200364947319,0.0007996350526809692,0.9995615243911743,0.00043847560882568357,0.8054868876934052,0.19451311230659485,0.9056350588798523,0.09436492621898651
0,0.9995647013187409,0.0004352986812591553,0.9994997322559357,0.0005002677440643311,0.9995474547147751,0.00045254528522491454,0.9990141004323959,0.000985899567604065,0.7949663996696472,0.2050335854291916
0,0.9993326514959335,0.0006673485040664673,0.999267840385437,0.0007321596145629883,0.9995636016130447,0.00043639838695526124,0.9671458065509796,0.03285419344902039,0.9070525765419006,0.09294747561216354
0,0.9994997560977936,0.0005002439022064209,0.999397873878479,0.0006021261215209961,0.999570494890213,0.0004295051097869873,0.7977275848388672,0.2022724151611328,0.17284052073955536,0.8271594643592834
0,0.9987353563308716,0.001264643669128418,0.9985952049493789,0.0014047950506210327,0.9995514452457428,0.00044855475425720215,0.9985971361398697,0.0014028638601303101,0.7592319250106812,0.24076801538467407
0,0.9995056569576264,0.0004943430423736573,0.9994642496109009,0.0005357503890991211,0.9995310604572296,0.00046893954277038574,0.99777692258358,0.002223077416419983,0.9112116694450378,0.08878838270902634
0,0.9995623886585235,0.0004376113414764404,0.9994938999414444,0.0005061000585556031,0.9989500969648362,0.0010499030351638794,0.9759281218051911,0.02407187819480896,0.8450995087623596,0.154900461435318
0,0.9995460897684098,0.000453910231590271,0.9994761615991592,0.0005238384008407592,0.9995563477277756,0.00044365227222442627,0.9061709553003311,0.09382904469966888,0.7584361433982849,0.2415638267993927
0,0.99953134059906,0.0004686594009399414,0.9994698703289032,0.0005301296710968018,0.9991875052452087,0.0008124947547912597,0.848724314570427,0.15127568542957306,0.9030155539512634,0.09698448330163956
0,0.9995487421751023,0.00045125782489776613,0.9994869887828827,0.0005130112171173095,0.999540239572525,0.0004597604274749756,0.8325642108917236,0.16743578910827636,0.9036035537719727,0.09639646112918854
0,0.9978550344705581,0.0021449655294418337,0.9978435933589935,0.0021564066410064697,0.9995296329259873,0.00047036707401275634,0.9961947351694107,0.0038052648305892944,0.5531101822853088,0.44688984751701355
0,0.9983616203069687,0.001638379693031311,0.9984148114919662,0.0015851885080337524,0.9995273649692535,0.00047263503074645996,0.9928095370531083,0.0071904629468917845,0.9112343788146973,0.08876558393239975
0,0.9992712408304214,0.0007287591695785522,0.9991529285907745,0.0008470714092254639,0.9993628114461899,0.0006371885538101196,0.9951360583305359,0.004863941669464111,0.7446369528770447,0.2553630769252777
0,0.9994812846183777,0.0005187153816223145,0.9994397819042206,0.0005602180957794189,0.999560222029686,0.0004397779703140259,0.979870930314064,0.020129069685935974,0.773568332195282,0.22643166780471802
0,0.9992616057395936,0.0007383942604064942,0.9991220891475677,0.000877910852432251,0.9971659421920777,0.002834057807922363,0.8711984276771545,0.12880157232284545,0.6435592770576477,0.3564407229423523
0,0.999585747718811,0.00041425228118896484,0.9995323807001114,0.00046761929988861086,0.9994283944368363,0.0005716055631637574,0.8849439144134521,0.11505608558654785,0.6145069003105164,0.38549309968948364
0,0.9989832133054733,0.0010167866945266723,0.998890271782875,0.001109728217124939,0.9909507513046265,0.009049248695373536,0.9937288343906403,0.006271165609359741,0.9143152236938477,0.08568484336137772
0,0.9992689102888107,0.00073108971118927,0.999184188246727,0.0008158117532730102,0.9981697887182236,0.0018302112817764281,0.9931087225675583,0.006891277432441711,0.9054468870162964,0.09455307573080063
0,0.9994607120752335,0.0005392879247665405,0.9993705600500107,0.0006294399499893188,0.9541504085063934,0.04584959149360657,0.16047515571117402,0.839524844288826,0.4902424216270447,0.5097575783729553
0,0.9995175063610077,0.00048249363899230955,0.9994407773017884,0.00055922269821167,0.9995712220668793,0.00042877793312072753,0.9994583487510681,0.0005416512489318847,0.6603341698646545,0.33966583013534546
0,0.9990838259458542,0.000916174054145813,0.9989895701408387,0.001010429859161377,0.4383192449808121,0.5616807550191879,0.28944769203662873,0.7105523079633713,0.9096718430519104,0.0903281718492508
0,0.9995170831680298,0.00048291683197021484,0.9994660139083862,0.0005339860916137695,0.9995404422283173,0.0004595577716827393,0.910128852725029,0.089871147274971,0.911211371421814,0.08878869563341141
0,0.999334517121315,0.0006654828786849976,0.9992301821708679,0.0007698178291320801,0.9994430899620056,0.0005569100379943847,0.9815245926380157,0.018475407361984254,0.8621455430984497,0.1378544569015503
0,0.9994350552558899,0.0005649447441101075,0.9993079543113709,0.0006920456886291504,0.9995487272739411,0.00045127272605896,0.9944947361946106,0.005505263805389404,0.8643099665641785,0.13569004833698273
0,0.9994019329547882,0.000598067045211792,0.9992759853601456,0.0007240146398544312,0.9656749486923217,0.034325051307678225,0.4897219628095627,0.5102780371904373,0.5069333910942078,0.49306657910346985
0,0.9988842368125915,0.0011157631874084474,0.9986795872449875,0.0013204127550125121,0.9995553731918335,0.00044462680816650393,0.9870161950588227,0.012983804941177369,0.8836663961410522,0.11633355915546417
0,0.9994911342859268,0.0005088657140731812,0.9994282007217408,0.0005717992782592774,0.9995403558015823,0.0004596441984176636,0.9866063922643662,0.01339360773563385,0.8915868401527405,0.10841314494609833
0,0.9992385327816009,0.0007614672183990478,0.9991434216499329,0.0008565783500671387,0.9994874119758606,0.0005125880241394043,0.9978092432022094,0.0021907567977905275,0.8908922076225281,0.10910776257514954
0,0.9995548039674759,0.00044519603252410887,0.999481600522995,0.0005183994770050048,0.9995591580867768,0.0004408419132232666,0.20959468185901642,0.7904053181409836,0.9120093584060669,0.0879906713962555
0,0.9995401203632355,0.00045987963676452637,0.9994710236787796,0.000528976321220398,0.9995476633310318,0.00045233666896820067,0.9704181909561157,0.02958180904388428,0.906710684299469,0.09328930079936981
0,0.9995561718940735,0.00044382810592651366,0.999527034163475,0.0004729658365249634,0.9994767546653748,0.0005232453346252442,0.9669117778539658,0.03308822214603424,0.9131157398223877,0.08688420802354813
0,0.9995051324367523,0.0004948675632476807,0.99944788813591,0.0005521118640899658,0.9994862049818038,0.0005137950181961059,0.3854562044143677,0.6145437955856323,0.7417760491371155,0.2582239508628845
0,0.9988912105560303,0.0011087894439697266,0.9987257331609726,0.0012742668390274049,0.9995597511529922,0.00044024884700775144,0.883545994758606,0.11645400524139404,0.9129575490951538,0.0870424136519432
0,0.9858689248561859,0.014131075143814087,0.9927780598402023,0.007221940159797669,0.9872688770294189,0.012731122970581054,0.8137221366167069,0.18627786338329316,0.9084442853927612,0.09155574440956116
0,0.9994827181100845,0.0005172818899154663,0.9994274586439132,0.0005725413560867309,0.9994812548160553,0.0005187451839447022,0.8535520493984222,0.14644795060157775,0.7845960855484009,0.21540388464927673
0,0.9994561910629273,0.0005438089370727539,0.9993967205286026,0.0006032794713973999,0.9995585829019547,0.0004414170980453491,0.9562334954738617,0.043766504526138304,0.8291212916374207,0.17087869346141815
0,0.999583101272583,0.00041689872741699217,0.9995294153690338,0.00047058463096618655,0.9986936807632446,0.0013063192367553712,0.9994340151548385,0.000565984845161438,0.9055559039115906,0.09444412589073181
0,0.9995061188936234,0.000493881106376648,0.9994475394487381,0.0005524605512619019,0.9993362754583359,0.0006637245416641236,0.14957387745380402,0.850426122546196,0.9065935611724854,0.09340642392635345
0,0.9994086414575577,0.0005913585424423218,0.9993786573410034,0.000621342658996582,0.9988360047340393,0.0011639952659606933,0.814911687374115,0.18508831262588502,0.6610619425773621,0.3389380872249603
0,0.9987012803554535,0.0012987196445465089,0.9985400557518005,0.0014599442481994628,0.999078169465065,0.0009218305349349976,0.997628515958786,0.0023714840412139893,0.4102932810783386,0.5897067785263062
0,0.9994912981987,0.0005087018013000488,0.9994143277406693,0.0005856722593307496,0.9995088815689087,0.0004911184310913086,0.926369309425354,0.073630690574646,0.581863284111023,0.4181366562843323
0,0.9995314091444015,0.0004685908555984497,0.9994562327861786,0.0005437672138214111,0.9995235651731491,0.0004764348268508911,0.9011791080236435,0.0988208919763565,0.7965971827507019,0.20340277254581451
0,0.998649063706398,0.0013509362936019898,0.9987802296876908,0.001219770312309265,0.9769351780414581,0.02306482195854187,0.34092386066913605,0.659076139330864,0.8391749262809753,0.16082505881786346
0,0.9995561122894288,0.00044388771057128905,0.9994916945695878,0.0005083054304122925,0.9995494723320008,0.0004505276679992676,0.9976819276809692,0.002318072319030762,0.9106500744819641,0.08934996277093887
0,0.8351356774568558,0.16486432254314423,0.8908780038356781,0.1091219961643219,0.7183482110500335,0.28165178894996645,0.5109490513801574,0.48905094861984255,0.8596733808517456,0.14032655954360962
0,0.9995887756347657,0.000411224365234375,0.9995293736457824,0.0004706263542175293,0.9071738421916962,0.09282615780830383,0.8819300770759583,0.11806992292404175,0.7883262634277344,0.21167375147342682
0,0.9994487702846527,0.0005512297153472901,0.9994031727313996,0.0005968272686004639,0.9988297015428543,0.0011702984571456908,0.9265522837638855,0.0734477162361145,0.43694937229156494,0.5630505681037903
0,0.9989147126674652,0.00108528733253479,0.998692974448204,0.0013070255517959595,0.9994999587535858,0.0005000412464141845,0.9293729275465011,0.07062707245349883,0.775599479675293,0.22440050542354584
0,0.9991987347602844,0.0008012652397155762,0.9991321623325348,0.0008678376674652099,0.9995311409235,0.00046885907649993894,0.9922246187925339,0.0077753812074661255,0.8545116186141968,0.1454884111881256
0,0.9993214577436447,0.0006785422563552856,0.9992059677839279,0.0007940322160720825,0.9750003308057785,0.024999669194221495,0.7828333675861359,0.21716663241386414,0.5289205312728882,0.4710794687271118
0,0.9994914889335632,0.0005085110664367676,0.999407684803009,0.0005923151969909668,0.9995577961206437,0.00044220387935638427,0.7515007317066192,0.24849926829338073,0.8652942180633545,0.13470575213432312
0,0.9993140488862992,0.0006859511137008667,0.9992923825979233,0.0007076174020767212,0.9995438158512115,0.00045618414878845215,0.9959749549627304,0.0040250450372695925,0.8929707407951355,0.10702930390834808
0,0.9994364649057388,0.0005635350942611694,0.9993590712547302,0.0006409287452697754,0.9882224410772323,0.011777558922767639,0.7464055806398392,0.2535944193601608,0.9090928435325623,0.09090711176395416
0,0.9992534279823303,0.0007465720176696777,0.9992425739765167,0.0007574260234832764,0.9995365768671036,0.00046342313289642333,0.9628863483667374,0.037113651633262634,0.9108575582504272,0.08914250880479813
0,0.9995122283697129,0.0004877716302871704,0.9994440227746964,0.0005559772253036499,0.99946930706501,0.0005306929349899292,0.9989026606082916,0.001097339391708374,0.8375886678695679,0.1624113768339157
0,0.9994365274906158,0.0005634725093841553,0.9993748992681504,0.0006251007318496705,0.9992708712816238,0.0007291287183761597,0.3369857907295227,0.6630142092704773,0.2337576448917389,0.7662423253059387
0,0.9993525296449661,0.0006474703550338745,0.9992623031139374,0.0007376968860626221,0.9995572179555893,0.00044278204441070554,0.9928269177675247,0.007173082232475281,0.9110963344573975,0.08890362083911896
0,0.9975769132375717,0.0024230867624282838,0.9941828072071075,0.005817192792892456,0.9618380039930343,0.03816199600696564,0.4551853686571121,0.5448146313428879,0.910980761051178,0.08901925384998322
0,0.9996477723121643,0.00035222768783569334,0.9995985150337219,0.0004014849662780762,0.9995624780654907,0.0004375219345092773,0.9988604336977005,0.0011395663022994995,0.22884567081928253,0.7711542844772339
0,0.9987570583820343,0.0012429416179656982,0.9984804183244705,0.00151958167552948,0.8864224702119827,0.11357752978801727,0.1207087904214859,0.8792912095785141,0.7674339413642883,0.23256607353687286
0,0.999527907371521,0.0004720926284790039,0.9994675904512406,0.0005324095487594605,0.9994636535644531,0.000536346435546875,0.47201359570026397,0.527986404299736,0.8974879384040833,0.10251203179359436
0,0.9993762999773026,0.0006237000226974488,0.9993251830339431,0.0006748169660568237,0.18911089599132538,0.8108891040086746,0.762478843331337,0.23752115666866302,0.22614960372447968,0.7738503813743591
0,0.9996070295572281,0.0003929704427719116,0.9995481342077255,0.0004518657922744751,0.9995471894741058,0.000452810525894165,0.8573412388563156,0.1426587611436844,0.8997530937194824,0.10024688392877579
0,0.9991227149963379,0.0008772850036621094,0.9989898055791855,0.0010101944208145142,0.999570894241333,0.0004291057586669922,0.9504533886909485,0.04954661130905151,0.2926957607269287,0.7073042392730713
0,0.9992280960083008,0.0007719039916992187,0.999108636379242,0.0008913636207580567,0.9994169145822525,0.0005830854177474975,0.8792875438928605,0.12071245610713958,0.7970300912857056,0.20296984910964966
0,0.9994190067052842,0.0005809932947158814,0.9993495464324951,0.0006504535675048828,0.9995390266180039,0.0004609733819961548,0.1391227811574936,0.8608772188425065,0.8909245729446411,0.10907547175884247
0,0.9994892060756684,0.0005107939243316651,0.999428927898407,0.0005710721015930176,0.9994408816099167,0.000559118390083313,0.998592135310173,0.0014078646898269653,0.6936566829681396,0.30634331703186035
0,0.9995042085647583,0.0004957914352416992,0.9994119435548783,0.0005880564451217652,0.9438313394784927,0.05616866052150726,0.5034173130989075,0.49658268690109253,0.746086597442627,0.2539134621620178
0,0.9981808841228486,0.0018191158771514893,0.9978848308324814,0.002115169167518616,0.9994717180728913,0.0005282819271087647,0.8830849766731262,0.11691502332687378,0.3566891849040985,0.6433107852935791
0,0.9995078623294831,0.0004921376705169678,0.9994471281766891,0.000552871823310852,0.9995521128177642,0.0004478871822357178,0.8456235229969025,0.15437647700309753,0.900075376033783,0.09992466121912003
0,0.9993821978569031,0.0006178021430969238,0.9992806732654571,0.0007193267345428466,0.9969564437866211,0.0030435562133789063,0.8882803976535797,0.11171960234642028,0.9126331210136414,0.08736684173345566
0,0.9992627561092376,0.0007372438907623291,0.9991333514451981,0.000866648554801941,0.8967186242341996,0.10328137576580047,0.4238308906555176,0.5761691093444824,0.47356370091438293,0.5264362692832947
0,0.9995925724506378,0.0004074275493621826,0.9995491862297058,0.00045081377029418943,0.9994974941015243,0.000502505898475647,0.637429729104042,0.36257027089595795,0.9114049077033997,0.08859509974718094
0,0.9990100532770156,0.000989946722984314,0.9989430993795395,0.0010569006204605102,0.9658153057098389,0.03418469429016113,0.9886969983577728,0.011303001642227173,0.15172822773456573,0.8482717871665955
0,0.9991811215877533,0.0008188784122467041,0.9990844309329987,0.0009155690670013428,0.9989276975393295,0.0010723024606704712,0.9987893611192703,0.0012106388807296754,0.5133707523345947,0.4866292476654053
0,0.9994966506958007,0.0005033493041992187,0.9994249373674393,0.00057506263256073,0.9995242953300476,0.0004757046699523926,0.9976951688528061,0.0023048311471939088,0.4159119427204132,0.5840880274772644
0,0.9995188742876053,0.00048112571239471434,0.9994595468044281,0.0005404531955718994,0.9994488090276719,0.0005511909723281861,0.2584502935409546,0.7415497064590454,0.8984895348548889,0.10151052474975586
0,0.9993935495615005,0.0006064504384994506,0.9993208020925521,0.0006791979074478149,0.9934016287326812,0.006598371267318726,0.5179704546928405,0.4820295453071594,0.7462994456291199,0.25370052456855774
0,0.9989476531744004,0.0010523468255996705,0.9987196326255798,0.001280367374420166,0.9986015349626541,0.0013984650373458861,0.2164430797100067,0.7835569202899932,0.8344404101371765,0.1655595451593399
0,0.9995540916919708,0.0004459083080291748,0.9995289713144302,0.0004710286855697632,0.9995531409978866,0.0004468590021133423,0.9991996347904205,0.0008003652095794678,0.9120279550552368,0.08797207474708557
0,0.9995243906974792,0.00047560930252075193,0.9994596064090728,0.000540393590927124,0.9931679993867875,0.006832000613212585,0.5318261086940765,0.46817389130592346,0.17644275724887848,0.8235571980476379
0,0.9995460629463195,0.00045393705368041993,0.9994894146919251,0.0005105853080749512,0.9995685696601868,0.0004314303398132324,0.9972483545541764,0.0027516454458236693,0.11809738725423813,0.8819025754928589
0,0.9992228388786316,0.0007771611213684082,0.9991513788700104,0.000848621129989624,0.9995237767696381,0.00047622323036193847,0.9982224881649018,0.0017775118350982666,0.9135976433753967,0.08640233427286148
0,0.9994412869215011,0.0005587130784988403,0.9993835747241974,0.0006164252758026123,0.989377224445343,0.010622775554656983,0.5973909676074982,0.40260903239250184,0.8833441734313965,0.1166558712720871
0,0.9986176013946533,0.0013823986053466796,0.9982822626829148,0.001717737317085266,0.580489718914032,0.419510281085968,0.7862086713314056,0.21379132866859435,0.8790937662124634,0.1209062933921814
0,0.9994482964277267,0.0005517035722732544,0.9993831545114518,0.0006168454885482789,0.9984965711832047,0.001503428816795349,0.5652615994215011,0.43473840057849883,0.912440836429596,0.08755919337272644
0,0.9994059383869172,0.0005940616130828858,0.9993224143981934,0.0006775856018066406,0.9994956642389298,0.0005043357610702515,0.37589952945709226,0.6241004705429077,0.901807963848114,0.09819205105304718
0,0.9995252519845963,0.00047474801540374755,0.9994581192731857,0.00054188072681427,0.9995591372251511,0.000440862774848938,0.9883257359266281,0.011674264073371887,0.8617694973945618,0.13823050260543823
0,0.9994064301252366,0.0005935698747634888,0.9992983728647232,0.0007016271352767945,0.9994406700134277,0.0005593299865722656,0.5309312105178833,0.4690687894821167,0.9003355503082275,0.09966450929641724
0,0.999402928352356,0.000597071647644043,0.9993529111146927,0.000647088885307312,0.9994392365217208,0.0005607634782791137,0.8622572213411331,0.1377427786588669,0.9068110585212708,0.09318891912698746
0,0.9992774456739426,0.0007225543260574341,0.9991688579320908,0.0008311420679092407,0.9994988948106766,0.0005011051893234253,0.9779871672391891,0.02201283276081085,0.6055424213409424,0.39445754885673523
0,0.9992346137762069,0.0007653862237930297,0.9991299390792847,0.0008700609207153321,0.9992758482694626,0.0007241517305374146,0.25513641238212587,0.7448635876178742,0.4970405399799347,0.5029594898223877
0,0.9993091464042664,0.0006908535957336426,0.9992820382118225,0.0007179617881774902,0.9988593697547913,0.0011406302452087401,0.5514351099729538,0.4485648900270462,0.6415228843688965,0.35847708582878113
0,0.998458343744278,0.001541656255722046,0.9983484238386154,0.0016515761613845824,0.9986202239990234,0.0013797760009765625,0.9965123564004899,0.0034876435995101927,0.7207059264183044,0.27929410338401794
0,0.9990382313728332,0.000961768627166748,0.9989565998315811,0.0010434001684188842,0.9014964252710342,0.09850357472896576,0.17990919053554535,0.8200908094644547,0.8372083306312561,0.16279171407222748
0,0.9992822498083115,0.0007177501916885376,0.9992241054773331,0.0007758945226669312,0.9995726406574249,0.0004273593425750732,0.4390627771615982,0.5609372228384018,0.9078954458236694,0.09210457652807236
0,0.9987868249416352,0.0012131750583648682,0.998676186800003,0.0013238131999969483,0.9988703221082688,0.0011296778917312621,0.9894598513841629,0.010540148615837098,0.9084173440933228,0.09158267825841904
0,0.9993313401937485,0.0006686598062515259,0.9992084175348281,0.0007915824651718139,0.9598311424255371,0.04016885757446289,0.4073525696992874,0.5926474303007125,0.6463649272918701,0.3536350727081299
0,0.9984365940093994,0.0015634059906005859,0.9980207502841949,0.001979249715805054,0.83400898873806,0.16599101126194,0.09434940218925476,0.9056505978107452,0.8865627646446228,0.1134372353553772
0,0.9994360476732254,0.0005639523267745971,0.9993961304426193,0.0006038695573806763,0.43934340476989747,0.5606565952301026,0.3735247015953064,0.6264752984046936,0.5599778890609741,0.4400221109390259
0,0.9995614409446716,0.00043855905532836915,0.9995266228914261,0.00047337710857391356,0.9990854442119599,0.0009145557880401612,0.981998673081398,0.01800132691860199,0.7560886740684509,0.24391135573387146
0,0.9995625078678131,0.0004374921321868896,0.999506163597107,0.0004938364028930664,0.9995459407567978,0.0004540592432022095,0.9896425038576127,0.01035749614238739,0.8849648833274841,0.11503507941961288
0,0.9995514929294587,0.0004485070705413818,0.9994946092367172,0.0005053907632827758,0.9995530098676682,0.00044699013233184814,0.9362345457077026,0.06376545429229737,0.8250618577003479,0.17493808269500732
0,0.8786717504262924,0.12132824957370758,0.8488107472658157,0.15118925273418427,0.7220383733510971,0.2779616266489029,0.9934361517429352,0.00656384825706482,0.9139875769615173,0.08601245284080505
0,0.9994367122650146,0.0005632877349853515,0.9993711203336716,0.0006288796663284302,0.9722160220146179,0.02778397798538208,0.15492941439151764,0.8450705856084824,0.8327587842941284,0.16724121570587158
0,0.9994344264268875,0.0005655735731124878,0.9993504881858826,0.0006495118141174316,0.999557688832283,0.00044231116771698,0.9969787627458573,0.003021237254142761,0.7824550867080688,0.21754492819309235
0,0.9992770999670029,0.0007229000329971313,0.9992615938186645,0.0007384061813354492,0.994745209813118,0.005254790186882019,0.9215238273143769,0.07847617268562317,0.645079493522644,0.35492050647735596
0,0.9987025767564773,0.0012974232435226441,0.9986781507730484,0.0013218492269515992,0.9995191186666489,0.0004808813333511353,0.9979072600603104,0.002092739939689636,0.8648929595947266,0.13510702550411224
0,0.9990776002407074,0.0009223997592926025,0.9988975465297699,0.0011024534702301025,0.7944561243057251,0.2055438756942749,0.6446405112743377,0.35535948872566225,0.8818143010139465,0.11818566918373108
0,0.9992048382759094,0.0007951617240905762,0.9991448849439621,0.0008551150560379029,0.99936463534832,0.0006353646516799927,0.7470507591962814,0.25294924080371856,0.8847451210021973,0.11525490134954453
0,0.9994983494281768,0.0005016505718231201,0.9994341462850571,0.0005658537149429322,0.999555242061615,0.0004447579383850098,0.887506315112114,0.11249368488788605,0.9112306237220764,0.0887693539261818
0,0.999432522058487,0.0005674779415130616,0.9993648052215576,0.0006351947784423828,0.9986159682273865,0.0013840317726135254,0.4679005265235901,0.53209947347641,0.8821153044700623,0.11788468807935715
0,0.999017870426178,0.0009821295738220216,0.9988952249288559,0.001104775071144104,0.7302811324596405,0.2697188675403595,0.4192326545715332,0.5807673454284668,0.49498701095581055,0.5050129890441895
0,0.9994992733001709,0.0005007266998291015,0.999414685368538,0.0005853146314620972,0.9994094848632813,0.00059051513671875,0.9714631855487823,0.02853681445121765,0.8608523011207581,0.13914766907691956
0,0.9993280589580535,0.0006719410419464111,0.999212709069252,0.0007872909307479858,0.9995623528957367,0.00043764710426330566,0.7584457874298096,0.24155421257019044,0.7274368405342102,0.27256321907043457
0,0.9841253876686096,0.01587461233139038,0.9756272345781326,0.024372765421867372,0.8062947303056717,0.1937052696943283,0.9410427182912826,0.05895728170871735,0.8723301887512207,0.12766976654529572
0,0.9995126098394393,0.0004873901605606079,0.9994524896144867,0.0005475103855133057,0.9995695114135742,0.00043048858642578123,0.9994573712348938,0.0005426287651062011,0.46056830883026123,0.5394316911697388
0,0.999525859951973,0.0004741400480270386,0.9994643241167068,0.0005356758832931518,0.99956414103508,0.00043585896492004395,0.9966297417879104,0.0033702582120895387,0.7991472482681274,0.20085273683071136
0,0.9993173360824585,0.000682663917541504,0.9992383420467377,0.0007616579532623291,0.9881320595741272,0.011867940425872803,0.06801753044128418,0.9319824695587158,0.9086737632751465,0.09132620692253113
0,0.9992705106735229,0.0007294893264770507,0.9991801142692566,0.0008198857307434082,0.9994880765676498,0.0005119234323501587,0.6315368115901947,0.3684631884098053,0.8366376161575317,0.16336239874362946
0,0.9995448440313339,0.00045515596866607666,0.9994808465242386,0.0005191534757614136,0.9993432551622391,0.0006567448377609253,0.9718084186315536,0.02819158136844635,0.9038127660751343,0.09618724137544632
0,0.9983873546123505,0.0016126453876495362,0.9982601851224899,0.0017398148775100708,0.08106163144111633,0.9189383685588837,0.35647721588611603,0.643522784113884,0.2267930805683136,0.773206889629364
0,0.9989071100950241,0.0010928899049758912,0.9987681597471237,0.0012318402528762817,0.9908976048231125,0.009102395176887513,0.059166055917739865,0.9408339440822602,0.10981351882219315,0.8901864290237427
0,0.9995888918638229,0.000411108136177063,0.9995479911565781,0.000452008843421936,0.9993769526481628,0.0006230473518371582,0.9901380211114883,0.009861978888511657,0.32595354318618774,0.6740464568138123
0,0.9982022404670715,0.0017977595329284669,0.9981310069561005,0.0018689930438995361,0.9995045006275177,0.0004954993724822998,0.9692351818084717,0.03076481819152832,0.9092817902565002,0.09071828424930573
0,0.9970341384410858,0.0029658615589141847,0.9969592690467834,0.0030407309532165527,0.984494087100029,0.015505912899971008,0.048710590600967406,0.9512894093990326,0.8841856718063354,0.11581438034772873
0,0.9993796706199646,0.0006203293800354004,0.9992704272270203,0.0007295727729797364,0.9995692670345306,0.00043073296546936035,0.9813971281051636,0.018602871894836427,0.789090633392334,0.2109093964099884
0,0.9976736098527909,0.0023263901472091674,0.997512674331665,0.002487325668334961,0.9995477378368378,0.00045226216316223143,0.8492599993944168,0.15074000060558318,0.9019861221313477,0.09801393002271652
0,0.9995178073644638,0.00048219263553619387,0.9994246929883956,0.000575307011604309,0.9975012302398681,0.002498769760131836,0.12055837512016296,0.879441624879837,0.9110373854637146,0.08896264433860779
0,0.9995234549045563,0.0004765450954437256,0.9994570940732956,0.0005429059267044068,0.9993724375963211,0.000627562403678894,0.4474052757024765,0.5525947242975235,0.8810547590255737,0.11894526332616806
0,0.9993431866168976,0.000656813383102417,0.9992943406105042,0.0007056593894958496,0.9990413129329682,0.0009586870670318604,0.9967896997928619,0.0032103002071380616,0.7975866198539734,0.20241330564022064
0,0.9985761046409607,0.0014238953590393066,0.9987379848957062,0.0012620151042938232,0.9995542973279953,0.0004457026720046997,0.9796111762523652,0.02038882374763489,0.902683675289154,0.09731631726026535
0,0.9994962871074676,0.0005037128925323486,0.9994185268878937,0.0005814731121063232,0.999493145942688,0.0005068540573120117,0.05391654670238495,0.946083453297615,0.9119642972946167,0.08803563565015793
0,0.9994791150093079,0.0005208849906921387,0.999386927485466,0.0006130725145339966,0.9995541751384736,0.00044582486152648925,0.9965000152587891,0.0034999847412109375,0.888451099395752,0.11154884099960327
0,0.9995520532131195,0.0004479467868804932,0.9994700878858567,0.0005299121141433716,0.9995093464851379,0.0004906535148620605,0.2000592976808548,0.7999407023191452,0.907856822013855,0.09214320033788681
0,0.9989596843719483,0.0010403156280517577,0.998926904797554,0.0010730952024459838,0.9994270324707031,0.000572967529296875,0.9954093009233475,0.0045906990766525265,0.6357102990150452,0.36428970098495483
0,0.9994642317295075,0.0005357682704925538,0.9993890792131424,0.0006109207868576049,0.9995235055685043,0.0004764944314956665,0.9968284249305726,0.00317157506942749,0.08729849755764008,0.9127015471458435
0,0.9995586156845093,0.00044138431549072265,0.9995062053203583,0.0004937946796417236,0.9993344515562057,0.0006655484437942504,0.6771044135093689,0.3228955864906311,0.9107469916343689,0.08925307542085648
0,0.9995306193828583,0.0004693806171417236,0.9995046555995941,0.0004953444004058838,0.9992631256580353,0.0007368743419647217,0.9806256800889969,0.019374319911003114,0.9089640378952026,0.09103598445653915
0,0.9994956880807877,0.0005043119192123414,0.9994083911180496,0.0005916088819503784,0.9995467185974121,0.00045328140258789064,0.7191305965185165,0.2808694034814835,0.8836798071861267,0.1163201704621315
0,0.9994042336940765,0.0005957663059234619,0.9993329644203186,0.0006670355796813965,0.999459084868431,0.0005409151315689086,0.9869516372680665,0.013048362731933594,0.3515317440032959,0.6484683156013489
0,0.9993289083242416,0.0006710916757583618,0.9991880983114243,0.0008119016885757447,0.9995317041873932,0.0004682958126068115,0.8761223882436753,0.12387761175632477,0.8866101503372192,0.11338983476161957
0,0.9995579093694686,0.00044209063053131105,0.9995088905096055,0.0004911094903945923,0.9995326697826385,0.0004673302173614502,0.9532294988632202,0.04677050113677979,0.517312228679657,0.48268774151802063
0,0.9995177775621414,0.00048222243785858156,0.9994750499725342,0.0005249500274658204,0.9995353162288666,0.0004646837711334229,0.8783721536397934,0.1216278463602066,0.5828665494918823,0.4171334505081177
0,0.9995085507631302,0.000491449236869812,0.9994137823581696,0.0005862176418304444,0.9940780520439148,0.005921947956085205,0.7271570026874542,0.2728429973125458,0.7840117812156677,0.2159881889820099
0,0.9993664741516113,0.0006335258483886718,0.9992623507976532,0.0007376492023468018,0.7423090219497681,0.25769097805023194,0.8549230337142945,0.14507696628570557,0.7936512231826782,0.20634879171848297
0,0.9994744747877121,0.0005255252122879029,0.9993788629770279,0.000621137022972107,0.9991870492696762,0.0008129507303237915,0.8359185218811035,0.16408147811889648,0.9072858691215515,0.09271412342786789
0,0.9993020594120026,0.0006979405879974365,0.9992267668247223,0.00077323317527771,0.9992322713136673,0.0007677286863327027,0.9987253278493882,0.0012746721506118775,0.9056910276412964,0.09430903196334839
0,0.9994249701499939,0.0005750298500061035,0.9992905288934708,0.0007094711065292359,0.8470673948526383,0.15293260514736176,0.43057171404361727,0.5694282859563827,0.8408637642860413,0.15913628041744232
0,0.9995236575603486,0.00047634243965148925,0.9994684666395187,0.0005315333604812622,0.9994230389595031,0.0005769610404968261,0.9725282788276672,0.027471721172332764,0.4582882523536682,0.5417117476463318
0,0.9994661539793015,0.0005338460206985474,0.9993916630744935,0.0006083369255065918,0.99802725315094,0.0019727468490600584,0.9272779732942581,0.07272202670574188,0.7666410803794861,0.2333589792251587
0,0.9994127929210663,0.0005872070789337159,0.9993357449769974,0.0006642550230026245,0.9995372384786606,0.0004627615213394165,0.9935542494058609,0.006445750594139099,0.9000957608222961,0.09990420192480087
0,0.9994241505861282,0.0005758494138717651,0.9993379473686218,0.0006620526313781738,0.9989517509937287,0.0010482490062713623,0.5677964597940445,0.4322035402059555,0.7848415970802307,0.21515843272209167
0,0.999599140882492,0.0004008591175079346,0.9995400696992874,0.00045993030071258547,0.9995267122983933,0.0004732877016067505,0.3525053679943085,0.6474946320056916,0.5340216159820557,0.46597838401794434
0,0.9969783216714859,0.003021678328514099,0.9969945311546325,0.0030054688453674317,0.9125427782535553,0.0874572217464447,0.13560894131660461,0.8643910586833954,0.8884336948394775,0.11156632751226425
0,0.999564066529274,0.0004359334707260132,0.9995120793581009,0.0004879206418991089,0.9995604902505875,0.0004395097494125366,0.3786826193332672,0.6213173806667328,0.638976514339447,0.36102351546287537
0,0.9995584487915039,0.00044155120849609375,0.9995029449462891,0.0004970550537109375,0.9995478838682175,0.00045211613178253174,0.9951594531536102,0.00484054684638977,0.8926922082901001,0.10730782896280289
0,0.9995683610439301,0.0004316389560699463,0.9994961738586425,0.0005038261413574218,0.9995157659053803,0.000484234094619751,0.9820932865142822,0.017906713485717773,0.91204434633255,0.08795568346977234
0,0.9995270431041717,0.00047295689582824705,0.9994666814804077,0.0005333185195922852,0.9994817823171616,0.0005182176828384399,0.9142500072717666,0.08574999272823333,0.892547070980072,0.10745295882225037
0,0.9993636459112167,0.0006363540887832642,0.9992696166038513,0.0007303833961486816,0.9994607090950012,0.0005392909049987793,0.896119874715805,0.10388012528419495,0.5628893971443176,0.43711063265800476
0,0.999370813369751,0.0006291866302490234,0.9994313150644303,0.0005686849355697632,0.9995505541563035,0.00044944584369659423,0.38367958962917326,0.6163204103708267,0.9059928059577942,0.094007208943367
0,0.999425595998764,0.0005744040012359619,0.999302539229393,0.0006974607706069947,0.9994756728410721,0.0005243271589279175,0.9702237755060196,0.02977622449398041,0.9082741141319275,0.0917259156703949
0,0.9989555537700653,0.0010444462299346925,0.9988227397203445,0.0011772602796554566,0.960982882976532,0.039017117023468016,0.05196485221385956,0.9480351477861404,0.8130877017974854,0.18691234290599823
0,0.9995624035596847,0.00043759644031524656,0.9994894504547119,0.000510549545288086,0.9995548188686371,0.000445181131362915,0.9482508212327957,0.051749178767204286,0.7967467308044434,0.20325323939323425
0,0.9994974583387375,0.0005025416612625122,0.9994315296411515,0.0005684703588485718,0.9995613306760788,0.0004386693239212036,0.9915938228368759,0.008406177163124084,0.9088801741600037,0.09111983329057693
0,0.9976461946964263,0.0023538053035736086,0.9975208759307861,0.0024791240692138674,0.8929600208997727,0.10703997910022736,0.23023712635040283,0.7697628736495972,0.8545446991920471,0.14545534551143646
0,0.999381348490715,0.0006186515092849731,0.9992719382047653,0.0007280617952346802,0.9995618373155594,0.00043816268444061277,0.9973142266273498,0.0026857733726501467,0.41813406348228455,0.5818659663200378
0,0.9995448619127274,0.00045513808727264403,0.9994819104671478,0.0005180895328521729,0.9988977670669555,0.0011022329330444337,0.4966937929391861,0.5033062070608139,0.9033591151237488,0.09664087742567062
0,0.9968392223119735,0.0031607776880264284,0.9978507846593857,0.0021492153406143188,0.9993928104639054,0.0006071895360946656,0.9755803614854812,0.024419638514518737,0.9060677289962769,0.09393227100372314
0,0.9995357722043992,0.0004642277956008911,0.999444505572319,0.0005554944276809692,0.9988361656665802,0.0011638343334197999,0.7216798394918442,0.27832016050815583,0.5732942223548889,0.4267057776451111
0,0.9993531107902527,0.0006468892097473145,0.9992856860160828,0.0007143139839172364,0.9995592057704925,0.0004407942295074463,0.9985651999711991,0.0014348000288009644,0.812711775302887,0.18728820979595184
0,0.999360990524292,0.0006390094757080078,0.9993016183376312,0.0006983816623687744,0.8996114492416382,0.10038855075836181,0.7439249455928802,0.25607505440711975,0.7827173471450806,0.21728265285491943
0,0.9980868369340896,0.0019131630659103393,0.9973916053771973,0.0026083946228027343,0.8766857147216797,0.12331428527832031,0.4657582312822342,0.5342417687177659,0.579919695854187,0.4200803339481354
0,0.999500858783722,0.0004991412162780762,0.9994613915681839,0.0005386084318161011,0.9939218938350678,0.006078106164932251,0.44288145303726195,0.557118546962738,0.6449629664421082,0.35503706336021423
0,0.9994265586137772,0.0005734413862228394,0.9993415981531143,0.0006584018468856811,0.9994406014680862,0.0005593985319137573,0.4795868843793869,0.5204131156206131,0.620250403881073,0.3797496259212494
0,0.9995004832744598,0.0004995167255401611,0.9994402527809143,0.0005597472190856934,0.9994590312242508,0.0005409687757492066,0.9772377848625183,0.022762215137481688,0.7721692323684692,0.22783078253269196
0,0.9995543628931045,0.0004456371068954468,0.999498137831688,0.0005018621683120728,0.9992814213037491,0.0007185786962509155,0.20101149380207062,0.7989885061979294,0.7922236919403076,0.2077762931585312
0,0.999371337890625,0.000628662109375,0.9993008702993393,0.0006991297006607056,0.9788155913352966,0.02118440866470337,0.9878868907690048,0.012113109230995178,0.8720273971557617,0.12797261774539948
0,0.9995762586593628,0.000423741340637207,0.9995175957679748,0.00048240423202514646,0.9995240926742553,0.0004759073257446289,0.9994701147079468,0.0005298852920532227,0.6856681108474731,0.31433185935020447
0,0.999560272693634,0.0004397273063659668,0.9995204120874405,0.00047958791255950926,0.9995305985212326,0.000469401478767395,0.8408232182264328,0.1591767817735672,0.6420252323150635,0.35797473788261414
0,0.9993032187223434,0.0006967812776565551,0.9992179721593857,0.0007820278406143188,0.9994700521230697,0.0005299478769302368,0.9686776369810104,0.031322363018989566,0.9111068248748779,0.08889321982860565
0,0.9500857770442963,0.04991422295570373,0.9296132594347,0.07038674056529999,0.9447334676980972,0.055266532301902774,0.9892268538475036,0.010773146152496338,0.9128240942955017,0.08717591315507889
0,0.9993224501609802,0.0006775498390197754,0.999191376566887,0.0008086234331130982,0.9989902645349502,0.0010097354650497436,0.9061621487140655,0.09383785128593444,0.8154433965682983,0.18455658853054047
0,0.9986313283443451,0.0013686716556549072,0.9986015260219574,0.0013984739780426025,0.9991563946008682,0.0008436053991317749,0.9950740367174149,0.004925963282585144,0.5476568341255188,0.4523431062698364
0,0.9993231385946274,0.0006768614053726197,0.9991515725851059,0.000848427414894104,0.9829483598470687,0.017051640152931213,0.0306398868560791,0.9693601131439209,0.5568360686302185,0.4431639313697815
0,0.9995230853557586,0.000476914644241333,0.9994566142559052,0.0005433857440948486,0.98975949883461,0.010240501165390015,0.681078839302063,0.318921160697937,0.5106028914451599,0.4893971383571625
0,0.9995575308799743,0.00044246912002563474,0.9994821101427078,0.0005178898572921753,0.9995627343654633,0.0004372656345367432,0.9841897934675217,0.015810206532478333,0.5072225332260132,0.49277743697166443
0,0.9994099318981171,0.0005900681018829346,0.9993407517671585,0.0006592482328414917,0.9995631635189056,0.00043683648109436033,0.9952330768108368,0.004766923189163208,0.5458863377571106,0.4541136622428894
0,0.9995076894760132,0.0004923105239868164,0.9994789093732834,0.0005210906267166138,0.9994368374347686,0.0005631625652313232,0.2753097116947174,0.7246902883052826,0.9110850691795349,0.0889148935675621
0,0.9992473989725112,0.0007526010274887085,0.9992054760456085,0.0007945239543914795,0.9287582725286484,0.07124172747135163,0.14206334054470063,0.8579366594552994,0.3713190257549286,0.6286810040473938
0,0.9996097564697266,0.0003902435302734375,0.9995478540658951,0.00045214593410491943,0.9995538383722306,0.00044616162776947024,0.9921232461929321,0.007876753807067871,0.909694254398346,0.09030572324991226
0,0.9994999200105668,0.0005000799894332886,0.9994505017995834,0.0005494982004165649,0.9995643198490143,0.0004356801509857178,0.9980082452297211,0.0019917547702789306,0.8568739891052246,0.1431259959936142
0,0.9995334178209305,0.00046658217906951903,0.9994826823472976,0.0005173176527023315,0.8489432603120803,0.1510567396879196,0.8627703994512558,0.1372296005487442,0.7600310444831848,0.239968940615654
0,0.9993753254413604,0.0006246745586395263,0.9992972761392593,0.0007027238607406616,0.9995033472776413,0.0004966527223587037,0.9497257977724075,0.05027420222759247,0.7773149609565735,0.2226850837469101
0,0.9995261639356613,0.00047383606433868406,0.9994529753923416,0.0005470246076583862,0.9995242118835449,0.0004757881164550781,0.7380279541015625,0.2619720458984375,0.8300570249557495,0.16994290053844452
0,0.9943424612283707,0.0056575387716293335,0.9956873118877411,0.004312688112258911,0.9928592413663864,0.007140758633613587,0.856442067027092,0.14355793297290803,0.9024174213409424,0.09758256375789642
0,0.9990404129028321,0.0009595870971679688,0.9989233940839768,0.0010766059160232544,0.9517293512821198,0.04827064871788025,0.578274330496788,0.421725669503212,0.8882472515106201,0.1117527037858963
0,0.9994009405374527,0.0005990594625473022,0.9993241757154465,0.0006758242845535279,0.9994329571723938,0.0005670428276062012,0.04460685253143311,0.9553931474685669,0.8956487774848938,0.10435117781162262
0,0.999483272433281,0.0005167275667190552,0.9994202435016633,0.000579756498336792,0.9995545446872711,0.00044545531272888184,0.9953657805919647,0.0046342194080352785,0.3670338988304138,0.6329660415649414
0,0.9988543450832367,0.0011456549167633058,0.9987633109092713,0.0012366890907287598,0.999514365196228,0.0004856348037719727,0.9483073890209198,0.0516926109790802,0.9109436869621277,0.08905628323554993
0,0.9987260133028031,0.0012739866971969605,0.9987341523170471,0.001265847682952881,0.9934230834245682,0.006576916575431824,0.9565302103757858,0.043469789624214175,0.9063836932182312,0.09361635148525238
0,0.9989733755588531,0.0010266244411468507,0.9989247649908066,0.0010752350091934205,0.9995109766721726,0.0004890233278274537,0.9884751349687576,0.01152486503124237,0.897274911403656,0.10272511094808578
0,0.9993073165416717,0.000692683458328247,0.9991421401500702,0.0008578598499298096,0.9993533909320831,0.0006466090679168701,0.9798080861568451,0.020191913843154906,0.8999378681182861,0.10006210952997208
0,0.9995279312133789,0.00047206878662109375,0.9994768142700196,0.0005231857299804688,0.9994654476642608,0.0005345523357391357,0.9816639810800553,0.018336018919944762,0.46711352467536926,0.5328864455223083
0,0.999429452419281,0.0005705475807189942,0.9993441879749299,0.0006558120250701905,0.9994375616312027,0.0005624383687973022,0.8712811172008514,0.12871888279914856,0.8910933136940002,0.10890667140483856
0,0.9994614392518997,0.0005385607481002807,0.9993749141693116,0.0006250858306884766,0.9995245635509491,0.0004754364490509033,0.07906319797039033,0.9209368020296097,0.9097102284431458,0.09028976410627365
0,0.999364110827446,0.0006358891725540162,0.9992440938949585,0.0007559061050415039,0.9975608617067337,0.002439138293266296,0.9975592195987701,0.0024407804012298584,0.9103412628173828,0.08965876698493958
0,0.9995541751384736,0.00044582486152648925,0.9995039403438568,0.0004960596561431885,0.9995101511478424,0.0004898488521575927,0.9889321088790893,0.011067891120910644,0.6608606576919556,0.33913934230804443
0,0.2719361484050751,0.7280638515949249,0.400395131111145,0.599604868888855,0.18874344527721404,0.8112565547227859,0.4839675784111023,0.5160324215888977,0.9136087894439697,0.08639119565486908
0,0.9994305402040482,0.0005694597959518433,0.9993823349475861,0.0006176650524139405,0.9986742317676545,0.001325768232345581,0.7046716719865799,0.2953283280134201,0.6864228844642639,0.31357714533805847
0,0.9990127235651016,0.0009872764348983765,0.9990466624498368,0.0009533375501632691,0.9782281190156936,0.021771880984306335,0.6121685832738877,0.3878314167261124,0.45440593361854553,0.5455940365791321
0,0.9995854020118713,0.0004145979881286621,0.9995287925004959,0.00047120749950408937,0.9995444715023041,0.00045552849769592285,0.38266565203666686,0.6173343479633331,0.9062290787696838,0.09377091377973557
0,0.998769199848175,0.0012308001518249513,0.9986652463674546,0.0013347536325454712,0.9995026409626007,0.000497359037399292,0.9559842228889466,0.044015777111053464,0.8868429064750671,0.11315715312957764
0,0.6028006434440613,0.39719935655593874,0.6718082904815674,0.32819170951843263,0.02374672293663025,0.9762532770633697,0.8469434469938278,0.15305655300617219,0.9134194850921631,0.0865805372595787
0,0.9993855774402618,0.0006144225597381591,0.9992811441421509,0.0007188558578491211,0.968931981921196,0.031068018078804015,0.14784496426582336,0.8521550357341766,0.8829435110092163,0.11705643683671951
0,0.9993276685476303,0.00067233145236969,0.9992176711559295,0.0007823288440704345,0.999560084939003,0.0004399150609970093,0.8038281768560409,0.19617182314395903,0.844687819480896,0.15531215071678162
0,0.9993213891983033,0.0006786108016967774,0.9992528647184372,0.0007471352815628052,0.04913477599620819,0.9508652240037918,0.11397743821144105,0.886022561788559,0.3431898355484009,0.6568101048469543
0,0.9989823788404465,0.0010176211595535277,0.9989833682775497,0.0010166317224502563,0.991781598329544,0.008218401670455932,0.9956652581691742,0.004334741830825805,0.9105092287063599,0.08949078619480133
0,0.9991380453109742,0.000861954689025879,0.9990489631891251,0.000951036810874939,0.9995117455720901,0.0004882544279098511,0.9988745152950287,0.0011254847049713135,0.9080366492271423,0.09196333587169647
0,0.9992590487003327,0.0007409512996673584,0.99911729991436,0.0008827000856399536,0.9916803687810898,0.008319631218910217,0.1396087110042572,0.8603912889957428,0.26492324471473694,0.7350767850875854
0,0.9993962645530701,0.0006037354469299316,0.9993261128664017,0.0006738871335983277,0.9995704233646393,0.0004295766353607178,0.9993300020694733,0.0006699979305267334,0.8585744500160217,0.14142552018165588
0,0.9995339274406433,0.00046607255935668943,0.9994649887084961,0.0005350112915039062,0.999546828866005,0.00045317113399505614,0.9456361055374145,0.05436389446258545,0.8654953837394714,0.13450457155704498
0,0.9994679927825928,0.0005320072174072266,0.999397623538971,0.0006023764610290528,0.9869412004947662,0.013058799505233764,0.05943088531494141,0.9405691146850585,0.29089635610580444,0.7091036438941956
0,0.9982603907585144,0.0017396092414855957,0.9979254186153412,0.0020745813846588133,0.22362556159496308,0.776374438405037,0.07239354848861694,0.9276064515113831,0.19999665021896362,0.8000033497810364
0,0.9994432687759399,0.0005567312240600586,0.9993679404258728,0.0006320595741271973,0.9994810909032822,0.0005189090967178345,0.8983913153409958,0.10160868465900422,0.5500127673149109,0.4499872028827667
0,0.9989753276109695,0.0010246723890304566,0.9988108992576599,0.0011891007423400878,0.9994497269392013,0.000550273060798645,0.9363704055547715,0.06362959444522857,0.911243200302124,0.08875681459903717
0,0.9989185154438018,0.00108148455619812,0.9991261631250381,0.000873836874961853,0.997866952419281,0.002133047580718994,0.9569559574127198,0.04304404258728027,0.8764265179634094,0.12357346713542938
0,0.9984554529190064,0.0015445470809936524,0.9983520805835724,0.0016479194164276123,0.9993973582983017,0.0006026417016983032,0.99552141726017,0.004478582739830017,0.6364596486091614,0.3635404109954834
0,0.9995455473661423,0.00045445263385772704,0.999476870894432,0.0005231291055679321,0.9995694160461426,0.0004305839538574219,0.9990704745054245,0.0009295254945755005,0.820084810256958,0.179915189743042
0,0.9983512550592423,0.0016487449407577514,0.9982502847909928,0.001749715209007263,0.9990470439195633,0.0009529560804367066,0.39828252196311953,0.6017174780368805,0.5508020520210266,0.4491979777812958
0,0.9989302188158036,0.0010697811841964722,0.9988206118345261,0.001179388165473938,0.9995296448469162,0.00047035515308380127,0.998480886220932,0.0015191137790679932,0.9091584086418152,0.09084166586399078
0,0.9994780868291855,0.0005219131708145142,0.9994101732969284,0.0005898267030715942,0.9994962185621261,0.0005037814378738403,0.9662598013877869,0.03374019861221313,0.8977984189987183,0.10220157355070114
0,0.9995594024658203,0.0004405975341796875,0.9994957447052002,0.0005042552947998047,0.9995636403560638,0.0004363596439361572,0.9346827119588852,0.06531728804111481,0.5903446674346924,0.40965536236763
0,0.9995524883270264,0.0004475116729736328,0.9994900554418564,0.0005099445581436158,0.9995506137609482,0.00044938623905181884,0.6281149744987488,0.37188502550125124,0.8951119780540466,0.10488808155059814
0,0.9994239836931229,0.0005760163068771363,0.999396288394928,0.0006037116050720215,0.9995284289121628,0.0004715710878372192,0.9966380894184113,0.003361910581588745,0.8165432214736938,0.18345676362514496
0,0.9995674848556518,0.0004325151443481445,0.9994942933320999,0.0005057066679000855,0.9995647847652436,0.0004352152347564697,0.9956009745597839,0.004399025440216064,0.9083438515663147,0.09165621548891068
0,0.9994835615158081,0.0005164384841918945,0.9994144648313522,0.0005855351686477661,0.997228029370308,0.0027719706296920775,0.8793091475963593,0.12069085240364075,0.5553786158561707,0.44462138414382935
0,0.9993991017341614,0.000600898265838623,0.9992955803871155,0.0007044196128845215,0.9994748651981353,0.000525134801864624,0.9991380453109742,0.000861954689025879,0.9087100028991699,0.09129003435373306
0,0.9994992434978485,0.0005007565021514892,0.9994242370128632,0.0005757629871368409,0.9995531380176544,0.0004468619823455811,0.4047806054353714,0.5952193945646286,0.8905067443847656,0.10949325561523438
0,0.9982195556163788,0.001780444383621216,0.998756155371666,0.0012438446283340454,0.9995266258716583,0.0004733741283416748,0.9935840100049973,0.006415989995002746,0.8857276439666748,0.11427237838506699
0,0.999448424577713,0.0005515754222869873,0.999335989356041,0.0006640106439590454,0.9995628148317337,0.0004371851682662964,0.9896041631698609,0.01039583683013916,0.4294736683368683,0.5705263018608093
0,0.9995987474918365,0.0004012525081634521,0.9995328694581985,0.0004671305418014526,0.9995493203401565,0.0004506796598434448,0.9941642373800278,0.005835762619972229,0.6846272945404053,0.3153727650642395
0,0.9993684709072113,0.0006315290927886962,0.9992928981781006,0.0007071018218994141,0.9994863271713257,0.0005136728286743164,0.9753207385540008,0.024679261445999145,0.9105942249298096,0.08940575271844864
0,0.9310581862926484,0.06894181370735168,0.9804238379001617,0.019576162099838257,0.8536244183778763,0.14637558162212372,0.9558927625417709,0.044107237458229066,0.8950373530387878,0.10496263951063156
0,0.9988156884908677,0.0011843115091323853,0.9985937654972077,0.0014062345027923584,0.9287887305021286,0.0712112694978714,0.47352346777915955,0.5264765322208405,0.3276207745075226,0.6723792552947998
0,0.9986597508192062,0.0013402491807937623,0.9985642969608307,0.0014357030391693114,0.9994501411914826,0.0005498588085174561,0.9752040594816208,0.02479594051837921,0.46449270844459534,0.5355072617530823
0,0.9995430648326874,0.0004569351673126221,0.9994793832302094,0.0005206167697906494,0.9995478719472886,0.0004521280527114868,0.99238221347332,0.007617786526679993,0.8384267687797546,0.16157324612140656
0,0.9995619833469391,0.0004380166530609131,0.9995210021734238,0.0004789978265762329,0.9995522558689117,0.0004477441310882568,0.45056363344192507,0.5494363665580749,0.8958060145378113,0.10419398546218872
0,0.9994866937398911,0.0005133062601089478,0.9994241088628769,0.0005758911371231079,0.9985725998878479,0.0014274001121520996,0.6554285287857056,0.34457147121429443,0.908656120300293,0.09134381264448166
0,0.9992824822664261,0.0007175177335739136,0.9991023957729339,0.00089760422706604,0.9980588644742966,0.00194113552570343,0.5387003362178803,0.46129966378211973,0.8856141567230225,0.11438580602407455
0,0.9989168554544449,0.0010831445455551148,0.9988429427146912,0.001157057285308838,0.9995603799819947,0.0004396200180053711,0.9765935271978379,0.02340647280216217,0.912325918674469,0.08767401427030563
0,0.9994342058897019,0.0005657941102981568,0.9993478655815125,0.0006521344184875488,0.9994429796934128,0.0005570203065872192,0.8592461884021759,0.1407538115978241,0.9119012355804443,0.08809871226549149
0,0.9994392454624176,0.0005607545375823974,0.9993503868579865,0.0006496131420135498,0.9995372653007507,0.00046273469924926756,0.9983740240335465,0.0016259759664535522,0.7576032280921936,0.2423967868089676
0,0.9990898668766022,0.0009101331233978271,0.9989378184080124,0.00106218159198761,0.9995734751224518,0.00042652487754821775,0.998557510972023,0.0014424890279769898,0.8320252895355225,0.16797472536563873
0,0.9985970169305801,0.001402983069419861,0.9984985828399658,0.0015014171600341796,0.998360762000084,0.0016392379999160766,0.2936681300401688,0.7063318699598312,0.9067689776420593,0.09323097765445709
0,0.999508747458458,0.0004912525415420532,0.9994515210390091,0.0005484789609909058,0.9995335280895233,0.0004664719104766846,0.453468456864357,0.546531543135643,0.764325737953186,0.23567423224449158
0,0.9981438875198364,0.0018561124801635743,0.997981870174408,0.002018129825592041,0.9826787918806076,0.017321208119392396,0.9929088294506073,0.0070911705493927005,0.4732181429862976,0.5267818570137024
0,0.9995493859052658,0.0004506140947341919,0.9995068967342376,0.0004931032657623291,0.9993894189596176,0.0006105810403823853,0.9981693744659423,0.0018306255340576171,0.8186420798301697,0.1813579648733139
0,0.9981825113296509,0.0018174886703491212,0.9972293704748154,0.002770629525184631,0.8090692281723022,0.19093077182769774,0.9551561743021011,0.04484382569789887,0.9102593660354614,0.08974059671163559
0,0.998382842540741,0.0016171574592590333,0.9983742356300354,0.0016257643699645996,0.9859774023294449,0.014022597670555114,0.9357012808322906,0.06429871916770935,0.911413311958313,0.08858667314052582
0,0.9993736386299134,0.0006263613700866699,0.9992849409580231,0.0007150590419769288,0.9452439188957215,0.05475608110427856,0.9180722802877426,0.08192771971225739,0.4982759356498718,0.5017240643501282
0,0.9994290620088577,0.000570937991142273,0.9993111371994019,0.0006888628005981446,0.9995417773723603,0.0004582226276397705,0.09351577758789062,0.9064842224121094,0.6753084063529968,0.3246915638446808
0,0.9995253503322601,0.0004746496677398682,0.9994726985692978,0.0005273014307022095,0.96700219810009,0.03299780189990997,0.9981941670179367,0.0018058329820632934,0.5766485333442688,0.4233514368534088
0,0.9994405150413513,0.0005594849586486817,0.9993570148944855,0.0006429851055145264,0.9995387673377991,0.0004612326622009277,0.85381960272789,0.14618039727211,0.5200342535972595,0.4799657166004181
0,0.9995239526033401,0.0004760473966598511,0.999480277299881,0.0005197227001190186,0.9995515555143356,0.00044844448566436765,0.3963423609733582,0.6036576390266418,0.8611357808113098,0.1388641893863678
0,0.9986093968153,0.0013906031847000123,0.9982117593288422,0.001788240671157837,0.8717107772827148,0.12828922271728516,0.08453254997730256,0.9154674500226975,0.14873261749744415,0.8512673377990723
0,0.9991202533245087,0.000879746675491333,0.9990548104047775,0.0009451895952224731,0.9955174505710602,0.004482549428939819,0.8256146460771561,0.17438535392284393,0.9107298851013184,0.08927016705274582
0,0.9991941690444947,0.0008058309555053711,0.9991627633571625,0.0008372366428375244,0.9970457971096038,0.0029542028903961183,0.23018284440040587,0.7698171555995941,0.35913971066474915,0.6408602595329285
0,0.9885813117027282,0.011418688297271728,0.9979222118854523,0.0020777881145477295,0.9495601803064346,0.05043981969356537,0.7811954855918884,0.21880451440811158,0.9135830402374268,0.08641694486141205
0,0.9994685858488083,0.0005314141511917114,0.9994029402732849,0.0005970597267150879,0.9995226919651031,0.00047730803489685056,0.9992559045553208,0.0007440954446792603,0.8368203639984131,0.1631796509027481
0,0.999075636267662,0.0009243637323379517,0.9991367012262344,0.000863298773765564,0.9416579574346542,0.05834204256534577,0.8643392056226731,0.13566079437732698,0.9103582501411438,0.08964179456233978
0,0.9988986849784851,0.0011013150215148926,0.9988010376691818,0.0011989623308181763,0.9995560139417649,0.0004439860582351685,0.9991280674934387,0.0008719325065612793,0.08856076747179031,0.9114392399787903
0,0.9995294690132142,0.00047053098678588866,0.9994597762823105,0.0005402237176895142,0.9995686888694764,0.00043131113052368163,0.9977901697158813,0.0022098302841186525,0.3537422716617584,0.646257758140564
0,0.9994953215122223,0.00050467848777771,0.9994525223970413,0.0005474776029586792,0.9991807103157043,0.0008192896842956543,0.7186023175716401,0.28139768242836,0.5643981695175171,0.4356018602848053
0,0.9995644658803939,0.0004355341196060181,0.9994930744171142,0.0005069255828857421,0.9995596021413803,0.0004403978586196899,0.8721677631139755,0.12783223688602446,0.8786835074424744,0.12131647020578384
0,0.9993903160095214,0.0006096839904785156,0.9992316693067551,0.0007683306932449341,0.9987854719161987,0.0012145280838012696,0.5030490636825562,0.49695093631744386,0.9109880924224854,0.08901188522577286
0,0.9994570881128311,0.0005429118871688842,0.9993694752454758,0.000630524754524231,0.9992931544780731,0.0007068455219268799,0.8167559206485748,0.18324407935142517,0.6335088014602661,0.3664912283420563
0,0.9988442450761795,0.0011557549238204955,0.9987748593091965,0.0012251406908035279,0.9995030462741852,0.0004969537258148193,0.47726893424987793,0.5227310657501221,0.9104310870170593,0.08956898003816605
0,0.9995760798454285,0.0004239201545715332,0.9995202869176865,0.0004797130823135376,0.9995662152767182,0.00043378472328186034,0.9987097531557083,0.001290246844291687,0.8951988220214844,0.10480116307735443
0,0.9972046911716461,0.002795308828353882,0.9985153406858445,0.0014846593141555787,0.9991731971502305,0.0008268028497695923,0.9907936573028564,0.009206342697143554,0.9125517010688782,0.08744823932647705
0,0.9992015451192856,0.0007984548807144165,0.9991657882928848,0.0008342117071151733,0.9995667338371277,0.00043326616287231445,0.9994103193283081,0.0005896806716918946,0.8901581168174744,0.10984188318252563
0,0.9986860603094101,0.0013139396905899048,0.9987758010625839,0.0012241989374160767,0.9995067685842514,0.0004932314157485961,0.9901109039783478,0.009889096021652222,0.9099140763282776,0.0900859609246254
0,0.9994815051555633,0.0005184948444366455,0.9994229763746262,0.0005770236253738404,0.9995525717735291,0.0004474282264709473,0.05521934926509857,0.9447806507349015,0.9062988758087158,0.09370111674070358
0,0.9993968456983566,0.0006031543016433716,0.9993602305650711,0.000639769434928894,0.965491098165512,0.03450890183448792,0.5139248132705688,0.4860751867294312,0.9114751815795898,0.08852475881576538
0,0.9990938127040863,0.0009061872959136962,0.9989595741033555,0.0010404258966445923,0.9743549913167954,0.02564500868320465,0.8772226840257644,0.12277731597423554,0.8772591352462769,0.12274084240198135
0,0.9992529064416885,0.0007470935583114624,0.999135559797287,0.0008644402027130127,0.9995455086231232,0.0004544913768768311,0.9945310026407241,0.005468997359275818,0.5579633116722107,0.4420367181301117
0,0.9987715244293213,0.001228475570678711,0.9988252282142639,0.001174771785736084,0.9995535165071487,0.0004464834928512573,0.9977719366550446,0.002228063344955444,0.9095495343208313,0.09045051783323288
0,0.9991421014070511,0.0008578985929489136,0.9991221636533737,0.0008778363466262817,0.9995528668165207,0.00044713318347930906,0.9992873698472977,0.0007126301527023316,0.5942985415458679,0.4057014584541321
0,0.9994713962078094,0.0005286037921905518,0.9994167238473892,0.0005832761526107788,0.9995161294937134,0.0004838705062866211,0.582110247015953,0.41788975298404696,0.8995791673660278,0.10042088478803635
0,0.999340894818306,0.0006591051816940308,0.9992698192596435,0.0007301807403564453,0.999554505944252,0.0004454940557479858,0.9389149248600006,0.06108507513999939,0.5916436910629272,0.40835627913475037
0,0.9985819309949875,0.0014180690050125122,0.9986528992652893,0.0013471007347106933,0.9994812697172165,0.0005187302827835083,0.9905077904462815,0.009492209553718567,0.8892868161201477,0.1107131689786911
0,0.9994943618774415,0.0005056381225585938,0.9994490951299667,0.0005509048700332641,0.9995459914207458,0.0004540085792541504,0.9875023990869523,0.012497600913047791,0.9018105268478394,0.09818949550390244
0,0.9990165263414383,0.0009834736585617066,0.9988845407962799,0.0011154592037200927,0.977399542927742,0.022600457072257996,0.5801167070865632,0.4198832929134369,0.8971253037452698,0.10287473350763321
0,0.9993851512670517,0.0006148487329483033,0.9993081569671631,0.0006918430328369141,0.9995440721511841,0.00045592784881591796,0.9807302087545395,0.01926979124546051,0.9097228646278381,0.09027718007564545
0,0.99952512383461,0.00047487616539001467,0.999468532204628,0.0005314677953720092,0.9995541542768478,0.00044584572315216066,0.9985043585300446,0.0014956414699554444,0.9024871587753296,0.09751290827989578
0,0.9992557674646377,0.0007442325353622436,0.9990815550088883,0.0009184449911117554,0.9995269358158112,0.00047306418418884276,0.9986027091741562,0.0013972908258438111,0.8724852204322815,0.12751471996307373
0,0.9983240634202957,0.0016759365797042846,0.9983058571815491,0.0016941428184509277,0.7419046342372895,0.2580953657627106,0.04983673095703125,0.9501632690429688,0.8782983422279358,0.12170165032148361
0,0.999562856554985,0.0004371434450149536,0.9994700253009796,0.0005299746990203857,0.9995490103960037,0.0004509896039962769,0.9971373319625855,0.0028626680374145507,0.8356249928474426,0.16437502205371857
0,0.9984825789928437,0.001517421007156372,0.9983931571245194,0.0016068428754806518,0.9994249492883682,0.0005750507116317749,0.9981048107147217,0.0018951892852783203,0.9103041887283325,0.08969578146934509
0,0.9981652736663819,0.001834726333618164,0.9981034874916077,0.001896512508392334,0.9973908811807632,0.0026091188192367554,0.9420921206474304,0.05790787935256958,0.8901880383491516,0.10981198400259018
0,0.9489648908376693,0.05103510916233063,0.9460319370031357,0.05396806299686432,0.647558543086052,0.35244145691394807,0.9625892490148544,0.03741075098514557,0.9112394452095032,0.08876059949398041
0,0.9994555979967117,0.000544402003288269,0.9993899166584015,0.0006100833415985107,0.9995178610086441,0.000482138991355896,0.39702333211898805,0.602976667881012,0.9115342497825623,0.08846574276685715
0,0.9989238917827606,0.0010761082172393798,0.998691064119339,0.0013089358806610107,0.9988878339529037,0.0011121660470962524,0.9853642612695694,0.014635738730430604,0.9068914651870728,0.09310850501060486
0,0.9995353490114212,0.0004646509885787964,0.9994840323925018,0.0005159676074981689,0.9995174497365952,0.0004825502634048462,0.5973819881677628,0.4026180118322372,0.9109522104263306,0.08904781937599182
0,0.9995454519987106,0.0004545480012893677,0.9994943022727967,0.0005056977272033692,0.9995286911725998,0.0004713088274002075,0.957600137591362,0.042399862408638,0.18359757959842682,0.8164023756980896
0,0.9983233988285065,0.0016766011714935303,0.9982756048440933,0.0017243951559066772,0.9995635896921158,0.0004364103078842163,0.9574600607156754,0.042539939284324646,0.906261682510376,0.09373829513788223
0,0.9961238473653793,0.0038761526346206667,0.9976277500391006,0.002372249960899353,0.8865487188100815,0.11345128118991851,0.9309274584054947,0.06907254159450531,0.910422682762146,0.08957735449075699
0,0.9994913756847381,0.0005086243152618408,0.9994110941886902,0.0005889058113098145,0.9995585888624191,0.00044141113758087156,0.9848826944828033,0.015117305517196655,0.20633168518543243,0.793668270111084
0,0.9993151485919952,0.0006848514080047607,0.999388363957405,0.0006116360425949096,0.9995581120252609,0.0004418879747390747,0.9990202903747558,0.0009797096252441406,0.8581503033638,0.14184971153736115
0,0.999111470580101,0.0008885294198989868,0.9991038143634796,0.0008961856365203857,0.9995286196470261,0.000471380352973938,0.998415720462799,0.0015842795372009277,0.9112828969955444,0.0887170359492302
0,0.9992468684911728,0.0007531315088272095,0.9991548508405685,0.0008451491594314575,0.9995605319738388,0.00043946802616119386,0.9973940968513488,0.0026059031486511232,0.44269073009490967,0.5573092699050903
0,0.9995904773473739,0.0004095226526260376,0.9995380371809006,0.00046196281909942626,0.9995506227016449,0.00044937729835510255,0.6196259498596192,0.38037405014038084,0.7597331404685974,0.2402668297290802
0,0.9995312750339508,0.0004687249660491943,0.9994591265916825,0.0005408734083175659,0.9995118618011475,0.0004881381988525391,0.6478129357099534,0.3521870642900467,0.846098780632019,0.15390121936798096
0,0.9990643292665482,0.0009356707334518433,0.998944666981697,0.0010553330183029174,0.9994535028934479,0.0005464971065521241,0.567535525560379,0.432464474439621,0.900362491607666,0.09963751584291458
0,0.9993744432926178,0.0006255567073822022,0.9992716908454895,0.000728309154510498,0.9650897920131684,0.034910207986831664,0.5580457448959351,0.44195425510406494,0.812947154045105,0.187052920460701
0,0.9488577425479889,0.051142257452011106,0.9488546669483184,0.05114533305168152,0.9469068348407745,0.053093165159225464,0.9427816897630692,0.057218310236930844,0.8796596527099609,0.12034031748771667
0,0.9989205777645112,0.0010794222354888916,0.9993935197591781,0.0006064802408218383,0.8986602753400803,0.10133972465991974,0.9938608258962631,0.0061391741037368774,0.9018459916114807,0.09815405309200287
0,0.9995822310447693,0.0004177689552307129,0.9995472133159637,0.0004527866840362549,0.9989462852478027,0.0010537147521972657,0.23994627296924592,0.7600537270307541,0.9120683073997498,0.08793164044618607
0,0.9990617334842682,0.0009382665157318115,0.9989753514528275,0.0010246485471725464,0.9993147283792496,0.0006852716207504273,0.9462554633617402,0.053744536638259885,0.9131119847297668,0.08688807487487793
0,0.9796124130487442,0.0203875869512558,0.9922475934028625,0.007752406597137451,0.9991238087415695,0.0008761912584304809,0.9949318498373032,0.005068150162696838,0.910788893699646,0.08921105414628983
0,0.9993272721767426,0.0006727278232574463,0.9992679715156555,0.0007320284843444824,0.9995235294103623,0.00047647058963775637,0.984193766117096,0.01580623388290405,0.9097917079925537,0.09020831435918808
0,0.9994731664657592,0.0005268335342407226,0.9994007378816605,0.0005992621183395386,0.9493398070335388,0.05066019296646118,0.4520158976316452,0.5479841023683548,0.896520733833313,0.1034793108701706
0,0.9498306840658188,0.05016931593418121,0.9485011398792267,0.051498860120773315,0.8362498939037323,0.1637501060962677,0.6495884746313095,0.35041152536869047,0.9135591387748718,0.086440809071064
0,0.9994808316230774,0.0005191683769226075,0.9994206666946411,0.0005793333053588867,0.9993312776088714,0.00066872239112854,0.97999307513237,0.020006924867630005,0.8338929414749146,0.16610708832740784
0,0.9995924890041351,0.00040751099586486814,0.9995309770107269,0.00046902298927307127,0.9995552510023117,0.00044474899768829344,0.9965931981801986,0.0034068018198013307,0.7372080087661743,0.26279202103614807
0,0.9994986623525619,0.0005013376474380493,0.9994559645652771,0.0005440354347229004,0.9981525629758835,0.001847437024116516,0.9226511031389236,0.07734889686107635,0.9026570916175842,0.09734287112951279
0,0.9991392195224762,0.0008607804775238037,0.9989459335803985,0.0010540664196014404,0.07766186594963073,0.9223381340503692,0.396719354391098,0.6032806456089019,0.3940587341785431,0.6059412956237793
0,0.9992879629135132,0.0007120370864868164,0.999264857172966,0.0007351428270339966,0.9490541517734528,0.05094584822654724,0.997723987698555,0.0022760123014450074,0.9125125408172607,0.08748752623796463
0,0.9972982347011566,0.0027017652988433837,0.9956355094909668,0.004364490509033203,0.9991456270217896,0.0008543729782104492,0.9951751977205276,0.004824802279472351,0.9128404855728149,0.08715955913066864
0,0.9977683514356613,0.002231648564338684,0.9971199333667755,0.0028800666332244873,0.5627758592367172,0.43722414076328275,0.40327111482620237,0.5967288851737976,0.6055293083190918,0.3944707214832306
0,0.9913875073194504,0.008612492680549621,0.9920192360877991,0.007980763912200928,0.9933383166790009,0.0066616833209991455,0.7939287781715393,0.2060712218284607,0.9122625589370728,0.08773744851350784
0,0.9987194031476975,0.0012805968523025512,0.9985270142555237,0.0014729857444763183,0.9610162258148194,0.03898377418518066,0.12809015214443206,0.8719098478555679,0.3621690273284912,0.6378310322761536
0,0.9995230972766876,0.00047690272331237795,0.9994498431682587,0.000550156831741333,0.9994179606437683,0.0005820393562316895,0.16912640631198883,0.8308735936880112,0.8431543111801147,0.15684573352336884
0,0.9995501697063446,0.0004498302936553955,0.9995031774044036,0.0004968225955963134,0.9991422235965729,0.000857776403427124,0.9305910408496857,0.06940895915031434,0.9091159105300903,0.09088404476642609
0,0.9992476224899292,0.0007523775100708007,0.9992204040288926,0.000779595971107483,0.9995595544576645,0.00044044554233551024,0.7490490466356278,0.25095095336437223,0.888164758682251,0.11183520406484604
0,0.9994652569293976,0.000534743070602417,0.9994557589292526,0.0005442410707473755,0.9995597630739212,0.0004402369260787964,0.8765122950077057,0.1234877049922943,0.9133406281471252,0.08665936440229416
0,0.9995595186948776,0.0004404813051223755,0.9994947433471679,0.0005052566528320312,0.9994182050228119,0.0005817949771881103,0.9784850507974625,0.021514949202537537,0.8917646408081055,0.10823538899421692
0,0.9993983328342437,0.0006016671657562255,0.9993739277124405,0.0006260722875595093,0.9995497763156891,0.0004502236843109131,0.9117717921733857,0.08822820782661438,0.8798418045043945,0.12015820294618607
0,0.9993708074092865,0.000629192590713501,0.9992871403694152,0.0007128596305847168,0.9995727062225341,0.0004272937774658203,0.6097362160682678,0.39026378393173217,0.8963404297828674,0.10365962982177734
0,0.9994996428489685,0.0005003571510314942,0.9994251966476441,0.000574803352355957,0.9995450466871262,0.00045495331287384035,0.49492667317390443,0.5050733268260956,0.5199748277664185,0.4800252318382263
0,0.9995064944028854,0.000493505597114563,0.9994268625974655,0.0005731374025344848,0.9994610249996185,0.0005389750003814697,0.5746173113584518,0.42538268864154816,0.9095107913017273,0.09048917889595032
0,0.9993966072797775,0.0006033927202224731,0.9993122011423111,0.0006877988576889038,0.8770842552185059,0.12291574478149414,0.03585832417011261,0.9641416758298874,0.9097512364387512,0.09024873375892639
0,0.9995297312736511,0.00047026872634887696,0.9994849473237991,0.0005150526762008667,0.9995166510343552,0.0004833489656448364,0.9841652303934098,0.01583476960659027,0.3587941527366638,0.641205906867981
0,0.9995096504688263,0.0004903495311737061,0.9994345158338547,0.0005654841661453247,0.9994407713413238,0.0005592286586761474,0.6743556231260299,0.32564437687397,0.9104049801826477,0.08959504961967468
0,0.999551072716713,0.00044892728328704834,0.9994481027126312,0.0005518972873687744,0.9993790566921235,0.000620943307876587,0.17237075865268708,0.827629241347313,0.8400979042053223,0.15990206599235535
0,0.9995073646306991,0.0004926353693008422,0.9994403690099716,0.0005596309900283813,0.9987820535898209,0.0012179464101791382,0.10977488160133361,0.8902251183986664,0.167724609375,0.8322754502296448
0,0.9992402464151382,0.0007597535848617553,0.9991513967514039,0.0008486032485961914,0.9982286751270294,0.0017713248729705811,0.9815277695655823,0.018472230434417723,0.6684823632240295,0.33151766657829285
0,0.3932331055402756,0.6067668944597244,0.2909299284219742,0.7090700715780258,0.5868231028318405,0.4131768971681595,0.4939175069332123,0.5060824930667878,0.7617565393447876,0.2382434606552124
0,0.796201941370964,0.20379805862903594,0.726397430896759,0.273602569103241,0.327622851729393,0.672377148270607,0.8148037523031235,0.18519624769687654,0.8995587229728699,0.10044125467538834
0,0.9992191463708877,0.0007808536291122436,0.9990899711847305,0.0009100288152694702,0.9620217025279999,0.03797829747200012,0.9244463920593262,0.07555360794067383,0.7473309636116028,0.2526690661907196
0,0.9992626190185547,0.0007373809814453125,0.9987272769212723,0.0012727230787277222,0.7320302426815033,0.2679697573184967,0.10158104002475739,0.8984189599752426,0.6668564677238464,0.33314353227615356
0,0.9994685143232346,0.0005314856767654419,0.9994392246007919,0.0005607753992080688,0.9994806379079819,0.0005193620920181275,0.9986114144325257,0.0013885855674743651,0.9108573198318481,0.08914262056350708
0,0.999537256360054,0.0004627436399459839,0.9994755864143372,0.0005244135856628418,0.9995699942111969,0.0004300057888031006,0.6616184264421463,0.3383815735578537,0.8054090738296509,0.19459094107151031
0,0.9992068827152252,0.0007931172847747802,0.9991554617881775,0.0008445382118225098,0.9995161652565002,0.00048383474349975584,0.9988412320613861,0.0011587679386138917,0.9073392152786255,0.09266075491905212
0,0.9993569552898407,0.0006430447101593018,0.9992473214864731,0.0007526785135269165,0.9978894293308258,0.0021105706691741943,0.44312422871589663,0.5568757712841034,0.9091023206710815,0.09089770168066025
0,0.9995303124189376,0.0004696875810623169,0.9994675904512406,0.0005324095487594605,0.9994311690330505,0.0005688309669494629,0.996085786819458,0.0039142131805419925,0.3051934540271759,0.6948065757751465
0,0.9978471577167511,0.002152842283248901,0.9979988187551498,0.0020011812448501587,0.9995173424482345,0.00048265755176544187,0.98628249168396,0.01371750831604004,0.91142737865448,0.08857262134552002
0,0.9995651751756668,0.0004348248243331909,0.9995081335306167,0.0004918664693832397,0.9995505392551423,0.0004494607448577881,0.9982543885707855,0.0017456114292144775,0.9077111482620239,0.09228883683681488
0,0.9993889778852463,0.0006110221147537231,0.9992618143558503,0.0007381856441497803,0.3547829777002335,0.6452170222997665,0.1390113800764084,0.8609886199235917,0.3771496117115021,0.6228503584861755
0,0.9994844436645508,0.0005155563354492188,0.9994164288043976,0.000583571195602417,0.9978153645992279,0.0021846354007720946,0.8546081095933914,0.14539189040660858,0.9075161218643188,0.09248388558626175
0,0.9990850746631622,0.0009149253368377685,0.9990060985088348,0.0009939014911651612,0.9995222210884094,0.0004777789115905762,0.9294195473194122,0.07058045268058777,0.7903493642807007,0.20965060591697693
0,0.9995331555604935,0.0004668444395065308,0.9994749993085861,0.0005250006914138794,0.9992153495550156,0.000784650444984436,0.9947086095809936,0.005291390419006348,0.9093644618988037,0.09063548594713211
0,0.9994641870260239,0.0005358129739761353,0.9994149953126907,0.0005850046873092651,0.6480789691209793,0.3519210308790207,0.24849663376808168,0.7515033662319184,0.8935878872871399,0.10641207545995712
0,0.9995635449886322,0.00043645501136779785,0.9995142340660095,0.0004857659339904785,0.9995625942945481,0.0004374057054519653,0.6747737377882004,0.3252262622117996,0.9047518968582153,0.09524808079004288
0,0.9986175298690796,0.0013824701309204102,0.9987017065286636,0.0012982934713363647,0.9994935542345047,0.0005064457654953003,0.6933773666620254,0.30662263333797457,0.8722394704818726,0.12776049971580505
0,0.9992204368114471,0.0007795631885528564,0.9990962952375412,0.0009037047624588012,0.9991547226905823,0.0008452773094177246,0.9257237643003464,0.07427623569965362,0.8669310808181763,0.13306891918182373
0,0.999276864528656,0.0007231354713439942,0.9992202758789063,0.00077972412109375,0.957457110285759,0.04254288971424103,0.9480854243040084,0.05191457569599152,0.9126034379005432,0.08739658445119858
0,0.9993695676326751,0.0006304323673248291,0.99928620159626,0.0007137984037399292,0.9995626419782638,0.000437358021736145,0.9728996634483338,0.02710033655166626,0.5663596391677856,0.43364036083221436
0,0.9995627790689469,0.00043722093105316164,0.9995175898075104,0.000482410192489624,0.9992840915918351,0.0007159084081649781,0.7141823589801788,0.28581764101982116,0.9000376462936401,0.09996241331100464
0,0.9993273109197617,0.0006726890802383423,0.9992212206125259,0.0007787793874740601,0.9995460361242294,0.00045396387577056885,0.8676951885223388,0.13230481147766113,0.9100406169891357,0.08995937556028366
0,0.9974654346704483,0.0025345653295516966,0.9975590586662293,0.0024409413337707518,0.9995562225580216,0.0004437774419784546,0.9981049984693527,0.0018950015306472777,0.8913540840148926,0.1086459830403328
0,0.9994331449270248,0.0005668550729751587,0.9993755131959915,0.0006244868040084839,0.9964581400156021,0.0035418599843978884,0.9987567275762558,0.0012432724237442017,0.8550410270690918,0.144958958029747
0,0.9992287665605545,0.0007712334394454956,0.9990517556667328,0.0009482443332672119,0.9995551317930221,0.0004448682069778442,0.9945248931646347,0.005475106835365296,0.9066463112831116,0.09335369616746902
0,0.9964460402727127,0.0035539597272872927,0.9961408346891403,0.0038591653108596803,0.9994188755750656,0.0005811244249343872,0.9930986642837525,0.006901335716247558,0.8560888171195984,0.14391116797924042
0,0.9991874009370804,0.0008125990629196167,0.9991456091403961,0.0008543908596038818,0.998560094833374,0.0014399051666259765,0.9621129661798478,0.03788703382015228,0.8567239046096802,0.14327611029148102
0,0.9995902299880981,0.0004097700119018555,0.9995342075824738,0.0004657924175262451,0.9993429839611053,0.0006570160388946533,0.21417391002178193,0.7858260899782181,0.7782158851623535,0.2217840701341629
0,0.9992399185895919,0.00076008141040802,0.999120157957077,0.0008798420429229736,0.9995557069778442,0.0004442930221557617,0.9955980032682419,0.004401996731758118,0.9069185256958008,0.09308145195245743
0,0.9992653369903565,0.0007346630096435547,0.999073377251625,0.0009266227483749389,0.9995349764823913,0.0004650235176086426,0.98458172082901,0.01541827917098999,0.23351603746414185,0.7664840221405029
0,0.9995358675718308,0.0004641324281692505,0.9994681239128113,0.0005318760871887207,0.9994750708341599,0.000524929165840149,0.08035818040370941,0.9196418195962905,0.9109757542610168,0.08902421593666077
0,0.9994414359331131,0.0005585640668869018,0.9993840217590332,0.0006159782409667969,0.9961901873350143,0.003809812664985657,0.9983658194541931,0.0016341805458068848,0.9145620465278625,0.08543797582387924
0,0.9994650334119797,0.0005349665880203247,0.9993768990039825,0.000623100996017456,0.9995102971792221,0.0004897028207778931,0.9937633603811264,0.006236639618873596,0.8814824819564819,0.11851751804351807
0,0.99930260181427,0.0006973981857299804,0.9991766542196274,0.0008233457803726197,0.9995652973651886,0.0004347026348114014,0.9744426667690277,0.02555733323097229,0.753178060054779,0.24682189524173737
0,0.9995200961828232,0.00047990381717681884,0.9994587153196335,0.0005412846803665161,0.9995500952005386,0.0004499047994613647,0.8742608696222305,0.12573913037776946,0.7269359827041626,0.2730640172958374
0,0.9993863046169281,0.0006136953830718994,0.9993114650249482,0.0006885349750518799,0.9995482385158538,0.0004517614841461182,0.987257108092308,0.012742891907691956,0.838647723197937,0.16135230660438538
0,0.9993914008140564,0.0006085991859436035,0.9993040144443512,0.0006959855556488038,0.9995617568492889,0.00043824315071105957,0.9946858674287796,0.005314132571220398,0.9078118205070496,0.09218815714120865
0,0.9984324365854264,0.0015675634145736693,0.9983756124973298,0.0016243875026702881,0.9995713412761689,0.00042865872383117675,0.9874733954668045,0.012526604533195495,0.9112376570701599,0.08876237273216248
0,0.8163219183683396,0.18367808163166047,0.7996598303318023,0.20034016966819762,0.40949795544147494,0.5905020445585251,0.8669886499643326,0.13301135003566741,0.9126138687133789,0.08738616853952408
0,0.997539433836937,0.002460566163063049,0.9969304740428925,0.003069525957107544,0.8467850595712662,0.15321494042873382,0.04232531487941742,0.9576746851205826,0.22368527948856354,0.7763147354125977
0,0.9990253031253815,0.0009746968746185303,0.9990765869617462,0.0009234130382537841,0.8766189843416214,0.1233810156583786,0.9750764608383179,0.024923539161682128,0.9139077067375183,0.08609231561422348
0,0.9993737936019897,0.0006262063980102539,0.9992581099271775,0.0007418900728225708,0.9842218637466431,0.015778136253356934,0.14570340216159822,0.8542965978384018,0.8886609077453613,0.11133912950754166
0,0.9992420464754105,0.0007579535245895386,0.9991581857204437,0.0008418142795562744,0.9974836260080338,0.0025163739919662476,0.7604343861341476,0.23956561386585234,0.45029351115226746,0.5497065186500549
0,0.9968592762947083,0.003140723705291748,0.9959565162658691,0.004043483734130859,0.8674258679151535,0.1325741320848465,0.8336027950048447,0.16639720499515534,0.31781458854675293,0.6821854114532471
0,0.9986226499080658,0.001377350091934204,0.9985966652631759,0.0014033347368240356,0.9995476871728897,0.00045231282711029054,0.9992852658033371,0.0007147341966629028,0.8782634735107422,0.1217365488409996
0,0.9991784572601319,0.0008215427398681641,0.9992314219474793,0.000768578052520752,0.9484561294317245,0.05154387056827545,0.7933045446872711,0.20669545531272887,0.8991714715957642,0.10082858055830002
0,0.9990779250860214,0.0009220749139785767,0.9988939970731735,0.0011060029268264771,0.9991323292255402,0.0008676707744598389,0.9939708471298218,0.006029152870178222,0.8379377126693726,0.16206230223178864
0,0.9991400629281998,0.000859937071800232,0.9991887271404266,0.0008112728595733642,0.9955830425024033,0.004416957497596741,0.9014239490032196,0.09857605099678039,0.8966929912567139,0.10330698639154434
0,0.9990151524543762,0.0009848475456237793,0.9989267289638519,0.0010732710361480713,0.9995721250772476,0.0004278749227523804,0.9990920662879944,0.0009079337120056153,0.9110210537910461,0.08897899091243744
0,0.9993741661310196,0.0006258338689804077,0.9992617219686508,0.0007382780313491821,0.9995206087827683,0.0004793912172317505,0.9960615426301956,0.003938457369804383,0.9086421728134155,0.09135790169239044
0,0.9995240658521652,0.00047593414783477785,0.9994463562965393,0.0005536437034606934,0.9995661824941635,0.0004338175058364868,0.7341754645109176,0.26582453548908236,0.8652419447898865,0.13475802540779114
0,0.9993771255016327,0.0006228744983673096,0.9992727190256119,0.0007272809743881226,0.9994613617658615,0.0005386382341384888,0.9833030194044113,0.016696980595588683,0.2838958203792572,0.7161041498184204
0,0.9995900452136993,0.00040995478630065916,0.9995336353778839,0.0004663646221160889,0.9995656430721283,0.0004343569278717041,0.9993546068668365,0.0006453931331634521,0.910569429397583,0.0894305557012558
0,0.9993803352117538,0.0006196647882461548,0.9993232607841491,0.00067673921585083,0.9993504792451858,0.0006495207548141479,0.9839545279741287,0.016045472025871275,0.910258948802948,0.0897410660982132
0,0.9994725704193115,0.0005274295806884765,0.9993881225585938,0.00061187744140625,0.9995456129312515,0.00045438706874847414,0.9991957873106003,0.0008042126893997193,0.8319778442382812,0.16802209615707397
0,0.9995782971382141,0.00042170286178588867,0.9995421558618546,0.0004578441381454468,0.9995653808116913,0.0004346191883087158,0.9972143948078156,0.002785605192184448,0.8780549764633179,0.12194497883319855
0,0.999565839767456,0.0004341602325439453,0.9995294332504272,0.0004705667495727539,0.9995696246623993,0.000430375337600708,0.9990162521600723,0.0009837478399276733,0.8902119398117065,0.10978807508945465
0,0.999485120177269,0.0005148798227310181,0.9994141966104507,0.0005858033895492553,0.9995551198720932,0.00044488012790679934,0.885230827331543,0.11476917266845703,0.0795862078666687,0.9204137921333313
0,0.9994356662034989,0.0005643337965011597,0.9993515253067017,0.0006484746932983399,0.9994443207979202,0.000555679202079773,0.5126438051462173,0.4873561948537827,0.7742027640342712,0.22579725086688995
0,0.9989026039838791,0.0010973960161209106,0.9981609463691712,0.0018390536308288575,0.8345070362091065,0.16549296379089357,0.29306728541851046,0.7069327145814895,0.487922340631485,0.5120776295661926
0,0.9993854314088821,0.0006145685911178589,0.9993939727544785,0.0006060272455215455,0.9995467811822891,0.00045321881771087646,0.9955500721931457,0.004449927806854248,0.9140064120292664,0.08599365502595901
0,0.998689591884613,0.0013104081153869629,0.9986708462238312,0.0013291537761688232,0.9532272845506669,0.04677271544933319,0.9992490500211716,0.0007509499788284302,0.9112104773521423,0.08878954499959946
0,0.999385067820549,0.0006149321794509888,0.9992809683084488,0.0007190316915512085,0.9995487779378891,0.0004512220621109009,0.9945630222558975,0.005436977744102478,0.16347132623195648,0.8365287184715271
0,0.9991335511207581,0.0008664488792419434,0.9990872979164124,0.0009127020835876465,0.9675722926855087,0.03242770731449127,0.7921420127153397,0.20785798728466034,0.43813619017601013,0.5618638396263123
0,0.9994826763868332,0.0005173236131668091,0.9994197994470596,0.0005802005529403686,0.997954684495926,0.0020453155040740965,0.3923684924840927,0.6076315075159073,0.4716639816761017,0.5283359885215759
0,0.9995398908853531,0.00046010911464691164,0.9995143294334412,0.0004856705665588379,0.9975738227367401,0.0024261772632598877,0.9967698246240616,0.0032301753759384154,0.9009956121444702,0.09900437295436859
0,0.9995450884103775,0.00045491158962249754,0.9994757115840912,0.0005242884159088135,0.9994978338479996,0.0005021661520004273,0.9737893342971802,0.026210665702819824,0.2776544988155365,0.7223454713821411
0,0.9977136254310608,0.002286374568939209,0.9933693975210189,0.006630602478981018,0.9576381534337998,0.042361846566200255,0.9420320183038712,0.057967981696128844,0.9108778238296509,0.08912214636802673
0,0.9994503527879715,0.0005496472120285034,0.9993725836277008,0.0006274163722991943,0.99852254986763,0.0014774501323699951,0.5253385931253434,0.4746614068746567,0.908517062664032,0.09148290753364563
0,0.9995870769023896,0.0004129230976104736,0.9995250105857849,0.0004749894142150879,0.9995647370815277,0.00043526291847229004,0.11364198327064515,0.8863580167293549,0.8788750767707825,0.12112489342689514
0,0.998196256160736,0.001803743839263916,0.9981742382049561,0.0018257617950439454,0.9868682831525802,0.013131716847419738,0.023107096552848816,0.9768929034471512,0.6007419228553772,0.3992580473423004
0,0.9987994432449341,0.001200556755065918,0.9985260903835297,0.0014739096164703368,0.9995368719100952,0.00046312808990478516,0.8298062831163406,0.17019371688365936,0.9099400639533997,0.09005998820066452
0,0.9994450241327286,0.0005549758672714234,0.9993907451629639,0.0006092548370361328,0.9925012290477753,0.0074987709522247314,0.8263258576393128,0.17367414236068726,0.5383540391921997,0.4616459906101227
0,0.999496603012085,0.0005033969879150391,0.9994612336158752,0.0005387663841247559,0.9994823336601257,0.0005176663398742676,0.5809772580862045,0.41902274191379546,0.8699304461479187,0.1300695389509201
0,0.9986427098512649,0.0013572901487350463,0.9983979731798172,0.0016020268201828002,0.8097965687513351,0.19020343124866484,0.24767842888832092,0.7523215711116791,0.8389579653739929,0.1610420048236847
0,0.9994682401418686,0.0005317598581314087,0.999391320347786,0.0006086796522140503,0.9994257867336274,0.0005742132663726807,0.14153159856796266,0.8584684014320374,0.825023353099823,0.17497661709785461
0,0.9990963101387024,0.0009036898612976074,0.9989398658275604,0.0010601341724395751,0.999392294883728,0.0006077051162719727,0.6856704533100129,0.3143295466899872,0.15874691307544708,0.8412530422210693
0,0.9993208289146424,0.000679171085357666,0.9991849213838577,0.000815078616142273,0.9995333552360535,0.0004666447639465332,0.9846436887979507,0.015356311202049255,0.8979872465133667,0.10201271623373032
0,0.9983859121799469,0.0016140878200531007,0.9983668595552444,0.0016331404447555542,0.9995572119951248,0.0004427880048751831,0.9985364377498627,0.001463562250137329,0.9106118083000183,0.08938818424940109
0,0.9994373857975006,0.0005626142024993897,0.9993602752685546,0.0006397247314453125,0.9986209988594055,0.0013790011405944824,0.8915895521640778,0.10841044783592224,0.5241208076477051,0.47587916254997253
0,0.9979486972093582,0.0020513027906417848,0.9978675127029419,0.0021324872970581053,0.9995469957590103,0.00045300424098968504,0.7161129653453827,0.2838870346546173,0.9097328782081604,0.09026707708835602
0,0.9994633615016937,0.0005366384983062744,0.9993735432624817,0.0006264567375183106,0.9995504200458527,0.00044957995414733886,0.9972729563713074,0.0027270436286926268,0.9060336947441101,0.09396634995937347
0,0.9994658291339874,0.0005341708660125732,0.999376404285431,0.0006235957145690918,0.9875548869371414,0.012445113062858582,0.886237233877182,0.113762766122818,0.908618152141571,0.09138181805610657
0,0.9993259966373443,0.0006740033626556396,0.9992507785558701,0.0007492214441299439,0.999490562081337,0.0005094379186630249,0.6527053982019424,0.34729460179805755,0.26559168100357056,0.7344082593917847
0,0.9907005876302719,0.009299412369728088,0.9921909034252167,0.007809096574783325,0.7104163408279419,0.2895836591720581,0.8862943142652512,0.11370568573474885,0.7175814509391785,0.2824185788631439
0,0.999452817440033,0.0005471825599670411,0.9993828058242797,0.0006171941757202148,0.9995361119508743,0.0004638880491256714,0.9853618800640106,0.01463811993598938,0.501158595085144,0.49884137511253357
0,0.9987397640943527,0.0012602359056472778,0.9986475795507431,0.0013524204492568969,0.9995666682720185,0.0004333317279815674,0.9989341259002685,0.0010658740997314454,0.8819372653961182,0.11806269735097885
0,0.9990590035915374,0.0009409964084625244,0.9989783853292465,0.001021614670753479,0.28612553477287295,0.713874465227127,0.6223092585802078,0.3776907414197922,0.8032273650169373,0.19677256047725677
0,0.9995324850082398,0.00046751499176025393,0.9994612872600556,0.000538712739944458,0.9995432287454605,0.00045677125453948977,0.9928651064634323,0.007134893536567688,0.5633114576339722,0.43668851256370544
0,0.9994924604892731,0.0005075395107269287,0.9994102150201798,0.0005897849798202515,0.9993239313364028,0.0006760686635971069,0.7905897557735443,0.20941024422645568,0.6254190802574158,0.37458091974258423
0,0.9992371916770935,0.0007628083229064941,0.9990600943565369,0.0009399056434631348,0.29937757551670074,0.7006224244832993,0.09136306941509247,0.9086369305849076,0.8550931215286255,0.1449069082736969
0,0.9993250072002411,0.0006749927997589111,0.9992666900157928,0.0007333099842071533,0.9995514303445816,0.000448569655418396,0.9972525507211685,0.002747449278831482,0.9111276865005493,0.08887224644422531
0,0.999301615357399,0.0006983846426010132,0.9991766154766083,0.0008233845233917237,0.9992015808820724,0.0007984191179275513,0.9992104530334472,0.0007895469665527344,0.9022262096405029,0.09777374565601349
0,0.9995370924472808,0.0004629075527191162,0.9994687527418137,0.0005312472581863404,0.9995710551738739,0.00042894482612609863,0.9713560491800308,0.028643950819969177,0.881510853767395,0.11848912388086319
0,0.9990026175975799,0.000997382402420044,0.9988870024681091,0.0011129975318908691,0.9994708120822906,0.0005291879177093505,0.9650469899177552,0.03495301008224487,0.9141443371772766,0.08585566282272339
0,0.8456956177949906,0.15430438220500947,0.8644119918346405,0.13558800816535949,0.578658503293991,0.4213414967060089,0.9253642350435257,0.07463576495647431,0.8284501433372498,0.17154985666275024
0,0.9992631703615189,0.0007368296384811402,0.9990969568490982,0.0009030431509017944,0.7621037542819977,0.23789624571800233,0.24921983182430268,0.7507801681756974,0.8444111347198486,0.15558889508247375
0,0.9992980986833573,0.0007019013166427613,0.9992410063743591,0.0007589936256408691,0.999541050195694,0.00045894980430603025,0.9982429444789886,0.0017570555210113525,0.9132999777793884,0.08670004457235336
0,0.9989505499601364,0.0010494500398635863,0.9988028973340988,0.001197102665901184,0.19083406031131744,0.8091659396886826,0.7045356571674347,0.2954643428325653,0.5459360480308533,0.45406389236450195
0,0.9987082332372665,0.0012917667627334595,0.9988593101501465,0.0011406898498535155,0.9528407514095306,0.04715924859046936,0.993970251083374,0.006029748916625976,0.9103378653526306,0.08966214954853058
0,0.9995594084262848,0.00044059157371520994,0.9995011478662491,0.0004988521337509155,0.9995685815811157,0.00043141841888427734,0.8810610800981522,0.11893891990184784,0.911980390548706,0.08801966160535812
0,0.9996027410030365,0.00039725899696350095,0.9995424509048462,0.00045754909515380857,0.9994636863470078,0.0005363136529922486,0.6917646408081055,0.30823535919189454,0.8794974684715271,0.12050249427556992
0,0.9869840651750564,0.013015934824943542,0.9952533632516861,0.004746636748313904,0.9496771842241287,0.05032281577587128,0.9011326134204865,0.09886738657951355,0.9134976863861084,0.08650236576795578
0,0.9977198660373687,0.0022801339626312258,0.9970139771699905,0.0029860228300094605,0.998416981101036,0.0015830188989639283,0.9812073856592178,0.018792614340782166,0.9096156358718872,0.09038440138101578
0,0.9995137095451355,0.000486290454864502,0.9994520813226699,0.000547918677330017,0.9991828113794327,0.0008171886205673218,0.4473690092563629,0.5526309907436371,0.9117637872695923,0.08823620527982712
0,0.9995682001113891,0.0004317998886108398,0.9995123386383057,0.00048766136169433596,0.9994774729013443,0.0005225270986557006,0.8771281480789185,0.12287185192108155,0.9092219471931458,0.09077806025743484
0,0.9993281781673431,0.0006718218326568603,0.9992516428232193,0.0007483571767807007,0.695830324292183,0.30416967570781706,0.14723445177078248,0.8527655482292176,0.3912665545940399,0.6087334752082825
0,0.9994606524705887,0.0005393475294113159,0.9993818581104279,0.0006181418895721436,0.9995203942060471,0.0004796057939529419,0.8800981104373932,0.1199018895626068,0.9073232412338257,0.09267672896385193
0,0.9993102759122848,0.0006897240877151489,0.9992507964372634,0.0007492035627365112,0.9513834714889526,0.04861652851104736,0.8564145475625992,0.1435854524374008,0.4130103886127472,0.5869896411895752
0,0.9993087351322174,0.0006912648677825928,0.9991995841264725,0.0008004158735275269,0.9995517432689667,0.0004482567310333252,0.570461168885231,0.429538831114769,0.9037523865699768,0.0962476134300232
0,0.9994641572237015,0.000535842776298523,0.9993441253900528,0.0006558746099472046,0.9995542407035828,0.00044575929641723635,0.8905195981264115,0.10948040187358857,0.9127593636512756,0.08724069595336914
0,0.9994773417711258,0.0005226582288742065,0.9993760824203491,0.0006239175796508789,0.9995591074228287,0.00044089257717132567,0.9087043553590775,0.09129564464092255,0.9126998782157898,0.08730010688304901
0,0.998593470454216,0.0014065295457839967,0.9984568506479263,0.0015431493520736694,0.998254781961441,0.00174521803855896,0.4138631135225296,0.5861368864774704,0.5858064293861389,0.4141935706138611
0,0.9995037585496902,0.0004962414503097534,0.9994953840970993,0.0005046159029006958,0.9977957665920257,0.0022042334079742433,0.9368119210004806,0.06318807899951935,0.9141502976417542,0.08584973961114883
0,0.9993473827838898,0.0006526172161102295,0.999282306432724,0.000717693567276001,0.9994455128908157,0.0005544871091842651,0.8721956074237823,0.12780439257621765,0.8716694116592407,0.12833058834075928
0,0.9993852227926254,0.0006147772073745728,0.9992066472768784,0.0007933527231216431,0.9994918972253799,0.0005081027746200561,0.9765427589416504,0.02345724105834961,0.3074561059474945,0.6925439238548279
0,0.9945519417524338,0.005448058247566223,0.9972375571727753,0.0027624428272247314,0.9989066809415817,0.0010933190584182738,0.7814127892255783,0.2185872107744217,0.9081778526306152,0.09182213246822357
0,0.9994708240032196,0.0005291759967803955,0.9993524700403214,0.0006475299596786499,0.9995475292205811,0.0004524707794189453,0.9782222300767899,0.021777769923210143,0.9110690355300903,0.08893094956874847
0,0.9995339572429657,0.00046604275703430174,0.9994683355093003,0.0005316644906997681,0.9995459884405136,0.00045401155948638917,0.9985934764146804,0.001406523585319519,0.353960782289505,0.6460392475128174
0,0.9995647341012954,0.0004352658987045288,0.9995164275169373,0.00048357248306274414,0.9995478451251983,0.0004521548748016357,0.9986208349466323,0.0013791650533676147,0.566146731376648,0.43385326862335205
0,0.9995505541563035,0.00044944584369659423,0.9994744241237641,0.000525575876235962,0.9995690524578095,0.0004309475421905518,0.10486791729927063,0.8951320827007294,0.8561473488807678,0.14385268092155457
0,0.9988378137350082,0.0011621862649917603,0.9986350536346436,0.0013649463653564453,0.3255401074886322,0.6744598925113678,0.23333867490291596,0.7666613250970841,0.5487402081489563,0.4512597620487213
0,0.999370914697647,0.0006290853023529052,0.9992681294679642,0.0007318705320358276,0.9995125234127045,0.0004874765872955322,0.9923397958278656,0.007660204172134399,0.654658317565918,0.34534165263175964
0,0.9995311588048935,0.00046884119510650637,0.9994760662317276,0.0005239337682723999,0.9991129070520401,0.0008870929479598999,0.19814462661743165,0.8018553733825684,0.9089871644973755,0.0910128653049469
0,0.9994567334651947,0.0005432665348052979,0.9993886351585388,0.0006113648414611816,0.9995344430208206,0.0004655569791793823,0.6526167750358581,0.34738322496414187,0.9100059866905212,0.08999401330947876
0,0.9981004059314728,0.0018995940685272218,0.9979895114898681,0.002010488510131836,0.9994399279356003,0.0005600720643997193,0.9683030158281326,0.03169698417186737,0.13587576150894165,0.8641242384910583
0,0.9994701743125916,0.0005298256874084473,0.9993934124708176,0.0006065875291824341,0.9995589405298233,0.0004410594701766968,0.9838023453950882,0.016197654604911804,0.7910161018371582,0.2089838832616806
0,0.9994089573621749,0.0005910426378250122,0.9993315905332565,0.0006684094667434692,0.9991065353155136,0.0008934646844863892,0.419136306643486,0.580863693356514,0.6358054280281067,0.3641945421695709
0,0.9995013326406479,0.0004986673593521118,0.9994677633047104,0.0005322366952896119,0.9929903477430344,0.007009652256965637,0.9065001606941223,0.09349983930587769,0.9092079401016235,0.09079205989837646
0,0.9995124191045761,0.00048758089542388916,0.9994290441274643,0.0005709558725357055,0.9995724558830261,0.00042754411697387695,0.8476678371429444,0.15233216285705567,0.8681429028511047,0.13185706734657288
0,0.9995720386505127,0.0004279613494873047,0.999511381983757,0.0004886180162429809,0.9995374172925949,0.00046258270740509035,0.9981186479330063,0.0018813520669937133,0.9103764295578003,0.0896235853433609
0,0.9986147969961167,0.0013852030038833617,0.998506024479866,0.0014939755201339722,0.9994688481092453,0.0005311518907546997,0.9112474590539932,0.08875254094600678,0.8776829242706299,0.12231709063053131
0,0.9994360595941544,0.0005639404058456421,0.9993755638599395,0.0006244361400604248,0.9995468944311142,0.00045310556888580324,0.9976383447647095,0.0023616552352905273,0.9129601120948792,0.08703987300395966
0,0.9988604754209518,0.0011395245790481567,0.9989209413528443,0.0010790586471557616,0.9995539605617523,0.0004460394382476807,0.9908598780632019,0.009140121936798095,0.8963489532470703,0.10365108400583267
0,0.9995142608880997,0.0004857391119003296,0.9994368761777878,0.0005631238222122192,0.9993734955787659,0.0006265044212341309,0.7352223992347717,0.26477760076522827,0.742947518825531,0.2570524513721466
0,0.9976412564516067,0.0023587435483932496,0.9972396850585937,0.00276031494140625,0.4660896986722946,0.5339103013277053,0.18340633511543275,0.8165936648845673,0.5299633145332336,0.47003665566444397
0,0.999517023563385,0.00048297643661499023,0.9994456619024277,0.0005543380975723267,0.9992528259754181,0.0007471740245819092,0.5765019744634629,0.42349802553653715,0.8745647072792053,0.12543532252311707
0,0.9991690933704376,0.0008309066295623779,0.9990783303976059,0.000921669602394104,0.9992744565010071,0.0007255434989929199,0.9355543255805969,0.06444567441940308,0.8804308772087097,0.11956916749477386
0,0.9987742245197296,0.0012257754802703857,0.9989303708076477,0.001069629192352295,0.9983397394418716,0.0016602605581283569,0.9474274814128876,0.05257251858711243,0.9136547446250916,0.08634521812200546
0,0.9990885108709335,0.0009114891290664673,0.999028992652893,0.0009710073471069336,0.7966500490903854,0.20334995090961455,0.07236795723438263,0.9276320427656174,0.6484487652778625,0.3515512943267822
0,0.9989013493061065,0.0010986506938934326,0.9987283080816269,0.001271691918373108,0.8303545206785202,0.1696454793214798,0.08731250166893005,0.91268749833107,0.702806830406189,0.2971931993961334
0,0.9992215186357498,0.0007784813642501831,0.9991507351398468,0.0008492648601531982,0.9995630592107773,0.00043694078922271726,0.9969498217105865,0.003050178289413452,0.9001156687736511,0.09988438338041306
0,0.9978719055652618,0.002128094434738159,0.9977707028388977,0.002229297161102295,0.9995458781719208,0.0004541218280792236,0.9984726905822754,0.0015273094177246094,0.9041842222213745,0.0958157554268837
0,0.9994672030210495,0.0005327969789505005,0.9993970841169357,0.00060291588306427,0.9995614588260651,0.0004385411739349365,0.7491608262062073,0.2508391737937927,0.9089628458023071,0.09103720635175705
0,0.9984604805707932,0.001539519429206848,0.9981579840183258,0.0018420159816741944,0.9995165288448333,0.000483471155166626,0.9141270458698273,0.08587295413017274,0.913054883480072,0.08694504201412201
0,0.99506915807724,0.00493084192276001,0.9952378958463669,0.004762104153633118,0.9982037514448165,0.0017962485551834106,0.998204094171524,0.001795905828475952,0.6568756103515625,0.3431244194507599
0,0.999414524435997,0.0005854755640029907,0.9993400126695633,0.0006599873304367065,0.9995207488536835,0.0004792511463165283,0.14120818078517913,0.8587918192148208,0.9023436307907104,0.09765634685754776
0,0.9995070636272431,0.000492936372756958,0.9994565963745117,0.0005434036254882812,0.9994381815195084,0.0005618184804916382,0.9340402573347092,0.06595974266529084,0.9066954851150513,0.09330453723669052
0,0.9993605434894561,0.0006394565105438232,0.9993363350629807,0.0006636649370193482,0.9987795799970627,0.001220420002937317,0.20513710975646973,0.7948628902435303,0.8526861667633057,0.14731381833553314
0,0.9995534777641296,0.0004465222358703613,0.9994835942983628,0.0005164057016372681,0.9995442509651185,0.0004557490348815918,0.9508417576551438,0.04915824234485626,0.8173203468322754,0.182679682970047
0,0.9995700001716614,0.00042999982833862304,0.9995069324970245,0.0004930675029754638,0.9995529741048813,0.0004470258951187134,0.9987782746553421,0.001221725344657898,0.6196379065513611,0.38036206364631653
0,0.9983489781618118,0.0016510218381881713,0.9983783483505249,0.0016216516494750976,0.999497926235199,0.0005020737648010254,0.9309753090143204,0.06902469098567962,0.910441517829895,0.0895584300160408
0,0.9992640316486359,0.0007359683513641357,0.9991874516010284,0.0008125483989715576,0.9995219737291337,0.00047802627086639403,0.9975449919700623,0.002455008029937744,0.9109501242637634,0.08904990553855896
0,0.9989864110946656,0.0010135889053344727,0.9988376021385192,0.0011623978614807128,0.938130909204483,0.061869090795516966,0.5939039915800095,0.40609600841999055,0.6314224600791931,0.3685775101184845
0,0.9993187993764877,0.000681200623512268,0.9992137044668198,0.0007862955331802368,0.9890547603368759,0.010945239663124084,0.9989750891923904,0.0010249108076095582,0.9143653512001038,0.08563468605279922
0,0.9988815128803253,0.0011184871196746825,0.9987878829240799,0.001212117075920105,0.9380178689956665,0.061982131004333495,0.3440257728099823,0.6559742271900177,0.8812317252159119,0.11876821517944336
0,0.9994411379098892,0.0005588620901107788,0.9993260324001312,0.0006739675998687744,0.926726546883583,0.07327345311641693,0.049107950925827024,0.950892049074173,0.9121872186660767,0.08781274408102036
0,0.9994560301303863,0.0005439698696136474,0.9993538409471512,0.0006461590528488159,0.9994767159223557,0.0005232840776443481,0.25057210624217985,0.7494278937578202,0.9048274159431458,0.09517262876033783
0,0.9993641942739486,0.0006358057260513305,0.9992643594741821,0.0007356405258178711,0.999539589881897,0.0004604101181030273,0.658835181593895,0.341164818406105,0.9076058864593506,0.0923941433429718
0,0.9989968925714493,0.0010031074285507201,0.9986806392669678,0.0013193607330322266,0.9995239466428757,0.00047605335712432863,0.9826992392539978,0.017300760746002196,0.9119351506233215,0.08806481957435608
0,0.9994210571050643,0.0005789428949356079,0.9992780297994613,0.0007219702005386352,0.999565714597702,0.00043428540229797365,0.9845921337604523,0.01540786623954773,0.6293461918830872,0.37065377831459045
0,0.9990068048238754,0.0009931951761245727,0.9987653970718384,0.0012346029281616211,0.9994304209947587,0.0005695790052413941,0.43979591131210327,0.5602040886878967,0.6805031895637512,0.3194968104362488
0,0.9994262307882309,0.000573769211769104,0.9993779182434082,0.0006220817565917968,0.9995580375194549,0.0004419624805450439,0.25213415920734406,0.747865840792656,0.9088018536567688,0.09119812399148941
0,0.9989360570907593,0.0010639429092407227,0.9986030519008636,0.0013969480991363526,0.9995213180780411,0.00047868192195892333,0.6179380893707276,0.38206191062927247,0.9093067049980164,0.09069332480430603
0,0.9992605805397033,0.0007394194602966308,0.9991918355226517,0.0008081644773483276,0.9995576053857803,0.0004423946142196655,0.9890586465597153,0.01094135344028473,0.8716062903404236,0.1283937394618988
0,0.9994196891784668,0.0005803108215332031,0.9993379265069962,0.0006620734930038452,0.9993417918682098,0.0006582081317901611,0.11168122589588166,0.8883187741041183,0.7433546185493469,0.2566453814506531
0,0.9995776355266571,0.00042236447334289553,0.9995260298252105,0.0004739701747894287,0.9994662940502167,0.0005337059497833252,0.6168394654989242,0.38316053450107573,0.8687967658042908,0.13120324909687042
0,0.9994991004467011,0.0005008995532989502,0.9994259625673294,0.0005740374326705933,0.9993358016014099,0.0006641983985900879,0.3404930531978607,0.6595069468021393,0.22454416751861572,0.7754558324813843
0,0.999046516418457,0.0009534835815429687,0.9988805800676346,0.0011194199323654175,0.9993678659200669,0.0006321340799331665,0.9764684498310089,0.02353155016899109,0.8805170655250549,0.1194828674197197
0,0.9986991614103318,0.001300838589668274,0.9987066656351089,0.0012933343648910522,0.9995561063289642,0.0004438936710357666,0.9799322009086608,0.02006779909133911,0.5612473487854004,0.438752681016922
0,0.9995050758123398,0.0004949241876602173,0.9994517982006073,0.0005482017993927002,0.9995530337095261,0.000446966290473938,0.9937019944190979,0.0062980055809021,0.9134644269943237,0.08653555810451508
0,0.9994866371154785,0.0005133628845214843,0.99940927028656,0.0005907297134399414,0.9995677292346954,0.00043227076530456544,0.9929166287183762,0.00708337128162384,0.8863998651504517,0.11360020935535431
0,0.9994165509939194,0.0005834490060806274,0.9993451654911041,0.000654834508895874,0.9547262221574784,0.045273777842521665,0.5760021686553956,0.4239978313446045,0.8954461812973022,0.10455385595560074
0,0.9994080752134323,0.000591924786567688,0.9992794752120971,0.000720524787902832,0.9995231688022613,0.00047683119773864744,0.9854804962873459,0.014519503712654114,0.30573150515556335,0.694268524646759
0,0.9995276153087616,0.00047238469123840333,0.9994589567184449,0.0005410432815551758,0.9972271949052811,0.002772805094718933,0.9516231447458268,0.048376855254173276,0.4437326192855835,0.5562673807144165
0,0.8625917106866836,0.13740828931331633,0.942310094833374,0.05768990516662598,0.8373699009418487,0.16263009905815123,0.8686226367950439,0.13137736320495605,0.9130234122276306,0.08697662502527237
0,0.9983381241559982,0.00166187584400177,0.998272380232811,0.001727619767189026,0.9995489478111267,0.000451052188873291,0.8928838670253754,0.10711613297462463,0.9002223014831543,0.09977765381336212
0,0.999507936835289,0.0004920631647109986,0.9994788587093353,0.0005211412906646728,0.9995098561048508,0.000490143895149231,0.9837295085191726,0.01627049148082733,0.91243577003479,0.08756422251462936
0,0.9992797344923019,0.000720265507698059,0.999213981628418,0.0007860183715820313,0.004190906882286072,0.9958090931177139,0.3280236661434174,0.6719763338565826,0.29225775599479675,0.7077422738075256
0,0.9994646519422531,0.0005353480577468872,0.9993823677301407,0.0006176322698593139,0.9995093643665314,0.0004906356334686279,0.8351958572864533,0.16480414271354676,0.6286248564720154,0.371375173330307
0,0.9993173271417618,0.0006826728582382202,0.998536542057991,0.0014634579420089722,0.9948909103870391,0.005109089612960816,0.9832479685544968,0.016752031445503236,0.8829972147941589,0.11700278520584106
0,0.9995484501123428,0.00045154988765716553,0.9995024174451828,0.0004975825548171997,0.9993882268667221,0.0006117731332778931,0.9716857075691223,0.028314292430877686,0.9053258299827576,0.09467419236898422
0,0.9994283467531204,0.0005716532468795776,0.9993428528308869,0.0006571471691131592,0.9970625877380371,0.0029374122619628905,0.18775161504745483,0.8122483849525451,0.5824580788612366,0.4175419509410858
0,0.9991723716259002,0.0008276283740997314,0.9990211725234985,0.0009788274765014648,0.9911276280879975,0.008872371912002564,0.6973900258541107,0.3026099741458893,0.887875497341156,0.112124502658844
0,0.9992025822401047,0.0007974177598953248,0.9991295427083969,0.0008704572916030884,0.9993177801370621,0.0006822198629379272,0.8595913618803024,0.14040863811969756,0.9149283766746521,0.08507157117128372
0,0.9995446741580963,0.00045532584190368655,0.9994668006896973,0.0005331993103027344,0.9995685756206513,0.0004314243793487549,0.9983052879571914,0.0016947120428085327,0.8997080326080322,0.10029192268848419
0,0.9993952751159668,0.0006047248840332031,0.9993245124816894,0.0006754875183105468,0.9995721995830535,0.00042780041694641114,0.8538312673568725,0.14616873264312744,0.7954998016357422,0.2045002281665802
0,0.999373334646225,0.0006266653537750245,0.9993087500333786,0.0006912499666213989,0.9994480520486831,0.0005519479513168335,0.973117795586586,0.026882204413414,0.6820046901702881,0.3179952800273895
0,0.9995064198970794,0.0004935801029205322,0.9994276612997055,0.0005723387002944946,0.9995081782341003,0.0004918217658996582,0.5683376759290695,0.43166232407093047,0.673242449760437,0.326757550239563
0,0.8895219027996063,0.11047809720039367,0.8975072562694549,0.10249274373054504,0.9511340647935868,0.04886593520641327,0.9943002581596374,0.005699741840362549,0.8989416360855103,0.10105831921100616
0,0.999530354142189,0.00046964585781097414,0.9994653463363647,0.0005346536636352539,0.9995632469654083,0.0004367530345916748,0.9988948434591294,0.0011051565408706665,0.8746008276939392,0.12539918720722198
0,0.999493858218193,0.0005061417818069458,0.99945128262043,0.0005487173795700074,0.9995078772306443,0.000492122769355774,0.9895054042339325,0.010494595766067505,0.9079911708831787,0.09200882911682129
0,0.8528480291366577,0.14715197086334228,0.8495816737413406,0.15041832625865936,0.8525846928358078,0.1474153071641922,0.7756300449371338,0.22436995506286622,0.8929972648620605,0.10700275748968124
0,0.9995039701461792,0.0004960298538208008,0.9994402945041656,0.0005597054958343505,0.999500498175621,0.0004995018243789673,0.9983728855848313,0.0016271144151687623,0.24461455643177032,0.7553853988647461
0,0.9994746506214142,0.0005253493785858154,0.9994199633598327,0.0005800366401672363,0.9993969529867173,0.0006030470132827759,0.9968337029218673,0.0031662970781326295,0.8117117881774902,0.188288152217865
0,0.9995446562767029,0.0004553437232971191,0.99947669506073,0.0005233049392700196,0.9995258510112762,0.00047414898872375486,0.7579939574003219,0.24200604259967803,0.7954043745994568,0.2045956403017044
0,0.9995191633701325,0.00048083662986755373,0.9994197249412536,0.0005802750587463379,0.9979906231164932,0.002009376883506775,0.5349490731954575,0.4650509268045425,0.4880942702293396,0.5119057297706604
0,0.9995179742574691,0.00048202574253082276,0.999430912733078,0.0005690872669219971,0.9995754957199097,0.00042450428009033203,0.9844315648078918,0.015568435192108154,0.9074055552482605,0.0925944447517395
0,0.9989725857973099,0.0010274142026901246,0.9989019244909286,0.0010980755090713502,0.9991362422704697,0.0008637577295303345,0.9959079474210739,0.004092052578926086,0.9138116240501404,0.08618832379579544
0,0.9993810623884201,0.000618937611579895,0.9992967873811722,0.0007032126188278199,0.9995301514863968,0.00046984851360321045,0.9891260117292404,0.010873988270759583,0.8964645862579346,0.10353541374206543
0,0.9993850946426391,0.0006149053573608398,0.9992942482233047,0.0007057517766952514,0.9988664448261261,0.0011335551738739015,0.9959316700696945,0.004068329930305481,0.9042282700538635,0.09577175229787827
0,0.9966033339500427,0.0033966660499572753,0.9964802831411361,0.0035197168588638307,0.9994669944047928,0.0005330055952072144,0.9844130128622055,0.015586987137794495,0.8966997265815735,0.10330028831958771
0,0.999522003531456,0.00047799646854400634,0.9994664371013642,0.0005335628986358643,0.9995533376932144,0.0004466623067855835,0.9974986344575882,0.002501365542411804,0.9133251309394836,0.08667490631341934
0,0.9981324195861816,0.0018675804138183593,0.9979654729366303,0.002034527063369751,0.9992184102535248,0.0007815897464752197,0.34150330722332,0.65849669277668,0.5594438910484314,0.4405560791492462
0,0.9991247445344925,0.0008752554655075073,0.9990544348955155,0.0009455651044845581,0.44355385601520536,0.5564461439847946,0.16275081932544708,0.8372491806745529,0.4527866244316101,0.5472133755683899
0,0.9987740457057953,0.0012259542942047118,0.9987628072500229,0.001237192749977112,0.9995200484991074,0.00047995150089263916,0.9779641658067704,0.022035834193229676,0.9044532179832458,0.09554678946733475
0,0.9994817286729812,0.0005182713270187378,0.9994210511445999,0.0005789488554000854,0.9994468778371811,0.0005531221628189087,0.9393848657608033,0.060615134239196775,0.19198867678642273,0.8080113530158997
0,0.9987917721271515,0.0012082278728485108,0.9986854404211044,0.001314559578895569,0.9995572149753571,0.0004427850246429443,0.9980362325906753,0.001963767409324646,0.8892942070960999,0.11070579290390015
0,0.9995298534631729,0.0004701465368270874,0.9994855046272277,0.0005144953727722168,0.9995621174573899,0.00043788254261016845,0.9817104578018189,0.01828954219818115,0.908164381980896,0.09183561056852341
0,0.9995406419038773,0.0004593580961227417,0.9995048671960831,0.0004951328039169312,0.9995579302310944,0.00044206976890563964,0.9961425393819809,0.003857460618019104,0.8843212723731995,0.11567869037389755
0,0.9985737115144729,0.0014262884855270387,0.9984253495931625,0.0015746504068374634,0.9995633065700531,0.0004366934299468994,0.5899241745471955,0.4100758254528046,0.5704357624053955,0.4295642077922821
0,0.9995648026466369,0.0004351973533630371,0.9994918972253799,0.0005081027746200561,0.9995486348867416,0.0004513651132583618,0.9011177062988281,0.09888229370117188,0.383014053106308,0.6169859170913696
0,0.9995368838310241,0.0004631161689758301,0.999479204416275,0.0005207955837249756,0.9995292901992798,0.00047070980072021483,0.8679497897624969,0.13205021023750305,0.9105663299560547,0.08943367749452591
0,0.9989131450653076,0.001086854934692383,0.9988590270280838,0.0011409729719161986,0.9995511442422866,0.0004488557577133179,0.9922394901514053,0.0077605098485946655,0.6317427158355713,0.3682572543621063
0,0.9985460102558136,0.0014539897441864015,0.9985076487064362,0.0014923512935638428,0.10708121061325074,0.8929187893867493,0.8049898624420166,0.1950101375579834,0.6149243712425232,0.38507556915283203
0,0.9993224203586578,0.0006775796413421631,0.9992079973220825,0.0007920026779174805,0.9994548827409744,0.0005451172590255737,0.6811930894851684,0.31880691051483157,0.809110164642334,0.19088990986347198
0,0.9992241889238358,0.0007758110761642456,0.9990648746490478,0.0009351253509521484,0.9995549261569977,0.00044507384300231936,0.9993479520082473,0.0006520479917526245,0.8647752404212952,0.13522471487522125
0,0.9949865400791168,0.005013459920883178,0.9533816397190094,0.0466183602809906,0.7495631366968155,0.2504368633031845,0.7735490411520004,0.22645095884799957,0.9022293090820312,0.09777065366506577
0,0.9987986981868744,0.0012013018131256104,0.9984542727470398,0.001545727252960205,0.9509486317634582,0.04905136823654175,0.7884562611579895,0.2115437388420105,0.6791107058525085,0.32088929414749146
0,0.9995308667421341,0.00046913325786590576,0.9994642913341523,0.0005357086658477784,0.9995696902275085,0.00043030977249145506,0.9979830235242844,0.002016976475715637,0.8951484560966492,0.1048516035079956
0,0.9995846092700958,0.0004153907299041748,0.9995160073041915,0.00048399269580841066,0.9989024072885513,0.0010975927114486694,0.9840450257062912,0.0159549742937088,0.8803024291992188,0.11969757825136185
0,0.9994966417551041,0.0005033582448959351,0.9994208633899688,0.0005791366100311279,0.9995454251766205,0.0004545748233795166,0.9943742603063583,0.005625739693641663,0.7245841026306152,0.27541589736938477
0,0.9995029419660568,0.0004970580339431763,0.9994261026382446,0.0005738973617553711,0.9995049118995667,0.0004950881004333497,0.8360722154378891,0.1639277845621109,0.904995322227478,0.09500464051961899
0,0.9995672941207886,0.0004327058792114258,0.9995112597942353,0.0004887402057647706,0.999560010433197,0.0004399895668029785,0.8681499361991882,0.13185006380081177,0.9055089950561523,0.09449099749326706
0,0.9994957923889161,0.0005042076110839844,0.999413788318634,0.0005862116813659668,0.9995709776878356,0.00042902231216430665,0.9988845437765121,0.001115456223487854,0.47476664185523987,0.5252333283424377
0,0.9974863439798355,0.00251365602016449,0.9957138478755951,0.004286152124404907,0.9793309271335602,0.02066907286643982,0.993657237291336,0.00634276270866394,0.9143058657646179,0.08569418638944626
0,0.9990061312913895,0.0009938687086105346,0.9988411515951157,0.0011588484048843384,0.9774172365665436,0.022582763433456422,0.5999255478382111,0.40007445216178894,0.8628387451171875,0.1371612399816513
0,0.9994270145893097,0.0005729854106903076,0.9993287473917007,0.0006712526082992554,0.9995675981044769,0.0004324018955230713,0.9972819268703461,0.0027180731296539305,0.8627942800521851,0.13720570504665375
0,0.9994797050952912,0.0005202949047088623,0.9994086146354675,0.0005913853645324707,0.9992705702781677,0.0007294297218322753,0.9746861428022384,0.025313857197761535,0.4272218644618988,0.5727781653404236
0,0.9995500206947326,0.00044997930526733396,0.999500983953476,0.0004990160465240479,0.9961376816034317,0.003862318396568298,0.35872922241687777,0.6412707775831222,0.900831937789917,0.0991680845618248
0,0.9957151293754578,0.004284870624542236,0.9952908366918564,0.004709163308143615,0.9840475797653199,0.015952420234680176,0.8096099972724915,0.19039000272750856,0.892578125,0.1074218675494194
0,0.9992937028408051,0.0007062971591949463,0.9993014216423035,0.0006985783576965332,0.9460937887430191,0.0539062112569809,0.1316349297761917,0.8683650702238083,0.9054569005966187,0.09454315900802612
0,0.9988757908344269,0.00112420916557312,0.9987398952245712,0.001260104775428772,0.9937714636325836,0.006228536367416382,0.8909256905317307,0.10907430946826935,0.9132347106933594,0.08676528930664062
0,0.9994853347539902,0.0005146652460098266,0.9994105637073517,0.0005894362926483155,0.9995702564716339,0.00042974352836608885,0.9435536473989486,0.05644635260105133,0.8401221036911011,0.15987789630889893
0,0.999503368139267,0.0004966318607330322,0.999419504404068,0.0005804955959320069,0.9995476305484772,0.00045236945152282715,0.9865549802780151,0.013445019721984863,0.5005558729171753,0.4994441270828247
0,0.9078172206878662,0.09218277931213378,0.9322715193033219,0.06772848069667817,0.8440187066793442,0.15598129332065583,0.8756432384252548,0.12435676157474518,0.8832787871360779,0.11672122776508331
0,0.9994943976402283,0.0005056023597717285,0.9994543850421905,0.0005456149578094482,0.9988099306821823,0.001190069317817688,0.9867441385984421,0.013255861401557923,0.5876370072364807,0.4123629629611969
0,0.9995568811893463,0.00044311881065368653,0.9994951337575912,0.0005048662424087524,0.9995563149452209,0.00044368505477905275,0.9828257501125336,0.01717424988746643,0.8747723698616028,0.12522761523723602
0,0.9983502358198166,0.0016497641801834107,0.9980788320302963,0.0019211679697036742,0.7781820207834244,0.22181797921657562,0.8899290442466736,0.11007095575332641,0.8786159753799438,0.12138398736715317
0,0.9995275408029556,0.00047245919704437257,0.9994607120752335,0.0005392879247665405,0.9995412468910218,0.0004587531089782715,0.9926476031541824,0.007352396845817566,0.3100590407848358,0.6899409890174866
0,0.749522152543068,0.2504778474569321,0.42863171398639677,0.5713682860136032,0.8266328603029252,0.1733671396970749,0.9956922620534897,0.004307737946510315,0.9126022458076477,0.0873977467417717
0,0.9995305627584458,0.0004694372415542603,0.99947409927845,0.0005259007215499878,0.9994797855615616,0.0005202144384384155,0.6591404676437378,0.3408595323562622,0.9056832194328308,0.094316765666008
0,0.9993795901536942,0.0006204098463058472,0.9992735087871552,0.0007264912128448486,0.999452605843544,0.0005473941564559937,0.9717249393463134,0.028275060653686523,0.8907882571220398,0.10921180248260498
0,0.5227664530277252,0.47723354697227477,0.35586496293544767,0.6441350370645523,0.7939336240291596,0.20606637597084046,0.7621164411306381,0.23788355886936188,0.908379852771759,0.09162013232707977
0,0.998379722237587,0.001620277762413025,0.998274952173233,0.0017250478267669678,0.9995014280080795,0.0004985719919204712,0.9558622121810914,0.04413778781890869,0.7996280789375305,0.20037193596363068
0,0.9992375195026397,0.0007624804973602294,0.9991211414337158,0.0008788585662841796,0.9995237022638321,0.0004762977361679077,0.9805747091770172,0.019425290822982787,0.9083549380302429,0.09164505451917648
0,0.9991726666688919,0.0008273333311080933,0.999093821644783,0.00090617835521698,0.9995428889989852,0.0004571110010147095,0.9897929936647415,0.010207006335258484,0.9126684069633484,0.0873316079378128
0,0.9994161337614059,0.0005838662385940552,0.9993505835533142,0.000649416446685791,0.9994335532188415,0.0005664467811584472,0.17606465220451356,0.8239353477954865,0.8456169366836548,0.15438303351402283
0,0.9994603753089905,0.0005396246910095215,0.9994002491235733,0.0005997508764266968,0.9427493751049042,0.057250624895095824,0.9706043362617492,0.029395663738250734,0.4958822727203369,0.5041177272796631
0,0.9994736701250077,0.0005263298749923706,0.9994070112705231,0.0005929887294769288,0.999563917517662,0.00043608248233795166,0.06767708361148835,0.9323229163885116,0.904970109462738,0.09502990543842316
0,0.9989389657974244,0.0010610342025756836,0.9989238798618316,0.001076120138168335,0.9995138138532639,0.00048618614673614504,0.9977435618638992,0.002256438136100769,0.7282966375350952,0.2717033624649048
0,0.9993226677179337,0.0006773322820663452,0.9992677986621856,0.000732201337814331,0.9603434830904007,0.0396565169095993,0.9440628319978714,0.0559371680021286,0.150368794798851,0.8496312499046326
0,0.9994282245635986,0.0005717754364013671,0.9993665248155594,0.0006334751844406128,0.999461504817009,0.0005384951829910279,0.9933488696813584,0.006651130318641662,0.4837678372859955,0.5162321925163269
0,0.9994720309972763,0.0005279690027236939,0.9994074434041977,0.0005925565958023072,0.9987607300281525,0.0012392699718475342,0.17467835545539856,0.8253216445446014,0.9012014269828796,0.09879863262176514
0,0.9993964731693268,0.0006035268306732178,0.9993226617574692,0.0006773382425308228,0.9991539359092713,0.0008460640907287598,0.9161619335412979,0.08383806645870209,0.6553584933280945,0.3446415066719055
0,0.998350128531456,0.0016498714685440063,0.9980005621910095,0.0019994378089904785,0.9977188766002655,0.002281123399734497,0.9346644312143326,0.06533556878566742,0.5337868332862854,0.4662131667137146
0,0.99960857629776,0.00039142370223999023,0.9995545506477356,0.0004454493522644043,0.999560821056366,0.0004391789436340332,0.9617268323898316,0.038273167610168454,0.8850013017654419,0.1149987056851387
0,0.9995510399341583,0.0004489600658416748,0.9994890421628952,0.0005109578371047974,0.9973005175590515,0.0026994824409484865,0.19907647669315337,0.8009235233068466,0.9099419116973877,0.0900581032037735
0,0.9994856506586075,0.0005143493413925171,0.9994471937417984,0.0005528062582015991,0.9972202956676484,0.0027797043323516844,0.040963989496231076,0.959036010503769,0.8763998746871948,0.12360008805990219
0,0.9994093745946884,0.0005906254053115844,0.9993326544761658,0.0006673455238342286,0.9995270371437073,0.0004729628562927246,0.9993225157260894,0.0006774842739105224,0.9038181900978088,0.09618183970451355
0,0.9995411813259125,0.0004588186740875244,0.9994594782590867,0.0005405217409133912,0.9995573133230209,0.00044268667697906495,0.9801043093204498,0.01989569067955017,0.6947280764579773,0.3052718937397003
0,0.999423623085022,0.0005763769149780273,0.999305146932602,0.0006948530673980713,0.9911081314086914,0.008891868591308593,0.9822064876556397,0.01779351234436035,0.8959068655967712,0.10409315675497055
0,0.9993637412786484,0.0006362587213516235,0.9992810606956481,0.0007189393043518066,0.9989241272211075,0.0010758727788925172,0.8996428459882736,0.10035715401172637,0.8948532938957214,0.10514666885137558
0,0.9994879275560379,0.0005120724439620971,0.9994380414485932,0.0005619585514068604,0.9726989239454269,0.02730107605457306,0.5488253533840179,0.45117464661598206,0.5419062972068787,0.45809370279312134
0,0.9984769374132156,0.0015230625867843628,0.9985366612672806,0.0014633387327194214,0.9994792878627777,0.0005207121372222901,0.9975798606872559,0.0024201393127441405,0.7644802331924438,0.23551973700523376
0,0.9991472631692886,0.0008527368307113647,0.999086657166481,0.000913342833518982,0.9994794398546218,0.0005205601453781127,0.9993200272321701,0.000679972767829895,0.9140487909317017,0.08595119416713715
0,0.999535682797432,0.0004643172025680542,0.999480378627777,0.0005196213722229003,0.9994394928216934,0.0005605071783065796,0.3397486299276352,0.6602513700723648,0.8671888113021851,0.13281118869781494
0,0.9994508475065231,0.0005491524934768677,0.9993830800056458,0.0006169199943542481,0.9995419681072235,0.00045803189277648926,0.9860959351062775,0.013904064893722534,0.8925816416740417,0.10741841793060303
0,0.9986322492361068,0.0013677507638931274,0.998311024904251,0.0016889750957489013,0.7998357504606247,0.2001642495393753,0.5489638328552247,0.4510361671447754,0.37306517362594604,0.626934826374054
0,0.9994839012622834,0.0005160987377166748,0.9994303792715072,0.0005696207284927368,0.9995655298233033,0.00043447017669677733,0.9976219356060028,0.0023780643939971926,0.5121021270751953,0.4878978133201599
0,0.997385761141777,0.0026142388582229615,0.9973464697599411,0.002653530240058899,0.9995321601629257,0.0004678398370742798,0.9882839381694793,0.01171606183052063,0.8977791666984558,0.1022208034992218
0,0.9994782090187073,0.0005217909812927247,0.9993806928396225,0.0006193071603775024,0.996080505847931,0.003919494152069092,0.10765390396118164,0.8923460960388183,0.6660259962081909,0.3339739739894867
0,0.9983969777822495,0.0016030222177505493,0.9983976542949676,0.0016023457050323487,0.9994628101587295,0.0005371898412704467,0.9979584515094757,0.002041548490524292,0.6446201801300049,0.3553798198699951
0,0.9995656937360764,0.000434306263923645,0.9994925379753112,0.0005074620246887207,0.9995576471090317,0.00044235289096832274,0.7176871955394745,0.28231280446052553,0.9126012921333313,0.08739877492189407
0,0.999536982178688,0.00046301782131195066,0.9994812846183777,0.0005187153816223145,0.9995591044425964,0.00044089555740356445,0.9906699597835541,0.009330040216445923,0.9007025957107544,0.09929736703634262
0,0.9995015680789947,0.000498431921005249,0.9994284510612488,0.0005715489387512207,0.9989280968904495,0.001071903109550476,0.6181758880615235,0.38182411193847654,0.908195436000824,0.09180460125207901
0,0.9995205700397491,0.0004794299602508545,0.9994367152452469,0.0005632847547531128,0.9995083838701249,0.0004916161298751831,0.9347580254077912,0.06524197459220886,0.9023366570472717,0.09766334295272827
0,0.9995546340942383,0.00044536590576171875,0.999500748515129,0.0004992514848709106,0.9995078444480896,0.0004921555519104004,0.690457534790039,0.3095424652099609,0.9083292484283447,0.0916706994175911
0,0.9993944793939591,0.0006055206060409546,0.999332070350647,0.0006679296493530273,0.999449348449707,0.0005506515502929687,0.9721183151006698,0.02788168489933014,0.8568106293678284,0.14318940043449402
0,0.9994869649410247,0.0005130350589752197,0.9994120091199875,0.0005879908800125122,0.9995672106742859,0.00043278932571411133,0.9955203682184219,0.004479631781578064,0.8082310557365417,0.19176900386810303
0,0.9993169158697128,0.0006830841302871704,0.9992391675710678,0.0007608324289321899,0.9995351791381836,0.00046482086181640623,0.9979921698570251,0.0020078301429748537,0.6838139891624451,0.31618601083755493
0,0.9991937786340713,0.0008062213659286499,0.9990701228380203,0.0009298771619796753,0.9994221568107605,0.000577843189239502,0.9960175216197967,0.003982478380203247,0.9104806780815125,0.08951931446790695
0,0.9965566784143448,0.0034433215856552123,0.996122732758522,0.0038772672414779663,0.970435494184494,0.02956450581550598,0.5516727209091187,0.4483272790908813,0.7102764844894409,0.2897234857082367
0,0.9992771774530411,0.0007228225469589234,0.9993041902780533,0.0006958097219467163,0.9995683640241623,0.0004316359758377075,0.7882372736930847,0.21176272630691528,0.47576865553855896,0.5242313742637634
0,0.9988432735204696,0.0011567264795303346,0.9988141834735871,0.001185816526412964,0.9995691418647766,0.0004308581352233887,0.9994392395019531,0.000560760498046875,0.9051316380500793,0.09486833214759827
0,0.9994267165660858,0.0005732834339141846,0.999358880519867,0.0006411194801330567,0.999563854932785,0.00043614506721496583,0.9224892914295196,0.07751070857048034,0.9080464839935303,0.09195352345705032
0,0.9989811092615127,0.0010188907384872437,0.9987133383750916,0.0012866616249084472,0.9527960032224655,0.047203996777534486,0.18232369422912598,0.817676305770874,0.5132650136947632,0.4867350459098816
0,0.9993589907884598,0.0006410092115402222,0.99923654794693,0.0007634520530700684,0.9994769513607025,0.0005230486392974853,0.39002375602722167,0.6099762439727783,0.7220229506492615,0.27797701954841614
0,0.9984768122434616,0.001523187756538391,0.9983516246080398,0.0016483753919601441,0.9985573261976242,0.0014426738023757934,0.998121228814125,0.001878771185874939,0.709047257900238,0.29095280170440674
0,0.999571830034256,0.00042816996574401855,0.9995091497898102,0.0004908502101898194,0.999547329545021,0.0004526704549789429,0.6652893990278244,0.3347106009721756,0.8047696948051453,0.19523029029369354
0,0.999473723769188,0.0005262762308120728,0.9994244396686554,0.0005755603313446044,0.9992309302091599,0.000769069790840149,0.134492689371109,0.865507310628891,0.9118059873580933,0.08819394558668137
0,0.9988059222698211,0.001194077730178833,0.9987023562192917,0.001297643780708313,0.8295648038387299,0.17043519616127015,0.4255007326602936,0.5744992673397065,0.875982940196991,0.12401705980300903
0,0.9993234783411026,0.0006765216588973999,0.9992587745189667,0.0007412254810333252,0.08545568287372589,0.9145443171262742,0.5321734577417374,0.46782654225826265,0.9040330648422241,0.0959668979048729
0,0.999551209807396,0.00044879019260406493,0.9994846642017364,0.0005153357982635498,0.9994635373353958,0.000536462664604187,0.7045603603124618,0.29543963968753817,0.8963906168937683,0.10360939800739288
0,0.9992826133966446,0.0007173866033554077,0.9992527425289154,0.0007472574710845947,0.9994489312171936,0.0005510687828063965,0.8049355059862137,0.1950644940137863,0.8467944860458374,0.1532055288553238
0,0.9994044870138168,0.0005955129861831665,0.9993369370698929,0.0006630629301071167,0.9989766389131546,0.001023361086845398,0.998696357011795,0.001303642988204956,0.8686079978942871,0.13139194250106812
0,0.9896612614393234,0.010338738560676575,0.9950483769178391,0.0049516230821609495,0.9899930626153945,0.010006937384605407,0.9367356032133103,0.06326439678668976,0.9136570692062378,0.0863429605960846
0,0.9991864740848542,0.0008135259151458741,0.9990928471088409,0.0009071528911590576,0.9993862688541413,0.0006137311458587647,0.9836167216300964,0.016383278369903564,0.7642968893051147,0.23570305109024048
0,0.9994787544012069,0.0005212455987930297,0.9994322985410691,0.0005677014589309693,0.9995529025793075,0.00044709742069244386,0.9856405645608902,0.014359435439109803,0.9106212258338928,0.0893787369132042
0,0.9993999004364014,0.0006000995635986328,0.999352702498436,0.0006472975015640259,0.9721305757761002,0.02786942422389984,0.7268248468637466,0.27317515313625335,0.3118796944618225,0.6881203055381775
0,0.9988759338855744,0.0011240661144256592,0.9988187462091446,0.0011812537908554078,0.9990949392318725,0.0009050607681274414,0.18607221841812133,0.8139277815818786,0.8552094101905823,0.14479057490825653
0,0.9995610147714615,0.00043898522853851317,0.9995064944028854,0.000493505597114563,0.9995500117540359,0.0004499882459640503,0.998552319407463,0.0014476805925369262,0.8381537199020386,0.16184625029563904
0,0.9993328660726547,0.0006671339273452759,0.9991950958967208,0.0008049041032791137,0.9995599389076233,0.000440061092376709,0.9785310596227645,0.021468940377235412,0.9096553921699524,0.09034465253353119
0,0.9990616410970687,0.0009383589029312133,0.9989772796630859,0.0010227203369140626,0.9995617896318436,0.0004382103681564331,0.9986079633235931,0.0013920366764068604,0.48912355303764343,0.5108764171600342
0,0.9995191365480423,0.00048086345195770265,0.9994585305452347,0.0005414694547653198,0.9995564520359039,0.00044354796409606934,0.9898003309965133,0.010199669003486633,0.5445586442947388,0.45544135570526123
0,0.9981135368347168,0.001886463165283203,0.9988069713115693,0.0011930286884307862,0.9845987170934677,0.015401282906532287,0.9431413382291793,0.05685866177082062,0.9144225716590881,0.08557746559381485
0,0.995911619067192,0.004088380932807922,0.9988373041152954,0.0011626958847045898,0.9499738097190857,0.050026190280914304,0.7662425816059113,0.23375741839408876,0.8888660073280334,0.11113402247428894
0,0.9995355755090714,0.0004644244909286499,0.9994770616292954,0.0005229383707046509,0.9995496243238449,0.00045037567615509034,0.9897626757621765,0.010237324237823486,0.9094921350479126,0.0905078649520874
0,0.9979831069707871,0.0020168930292129516,0.997632959485054,0.002367040514945984,0.9995408594608307,0.00045914053916931155,0.9982521086931229,0.0017478913068771362,0.8882132768630981,0.11178669333457947
0,0.9987834066152572,0.0012165933847427368,0.9984347522258759,0.0015652477741241455,0.9774464666843414,0.02255353331565857,0.8912511467933655,0.10874885320663452,0.49048325419425964,0.5095167756080627
0,0.999400195479393,0.0005998045206069946,0.9993065893650055,0.0006934106349945068,0.9995667725801468,0.00043322741985321047,0.9983401387929917,0.0016598612070083617,0.7037836313247681,0.29621633887290955
0,0.9980129182338715,0.00198708176612854,0.9976415753364563,0.0023584246635437013,0.9995633423328399,0.00043665766716003416,0.9978646606206893,0.002135339379310608,0.8490065336227417,0.15099351108074188
0,0.9995343595743179,0.00046564042568206785,0.9994638144969941,0.0005361855030059815,0.9995679914951324,0.0004320085048675537,0.9967163592576981,0.003283640742301941,0.7764079570770264,0.2235921025276184
0,0.9994278103113174,0.0005721896886825562,0.9993293464183808,0.0006706535816192627,0.9995609074831009,0.0004390925168991089,0.9936133563518524,0.006386643648147583,0.44339069724082947,0.5566092729568481
0,0.9967239767313003,0.003276023268699646,0.9965964883565903,0.003403511643409729,0.9992703586816788,0.000729641318321228,0.8321402400732041,0.16785975992679597,0.9108294248580933,0.08917052298784256
0,0.9990651190280915,0.0009348809719085694,0.9988351166248322,0.0011648833751678467,0.85244822204113,0.14755177795886992,0.14835079610347748,0.8516492038965225,0.9090536236763,0.09094638377428055
0,0.9990852028131485,0.0009147971868515015,0.9990194499492645,0.0009805500507354737,0.3973632514476776,0.6026367485523224,0.8153770089149475,0.18462299108505248,0.49765509366989136,0.5023449063301086
0,0.9992157310247421,0.0007842689752578736,0.999194273352623,0.0008057266473770142,0.7643453538417816,0.23565464615821838,0.4481689244508743,0.5518310755491257,0.9087296724319458,0.091270312666893
0,0.9993943989276886,0.0006056010723114013,0.9993564784526825,0.0006435215473175049,0.9995390981435776,0.0004609018564224243,0.9910813182592392,0.008918681740760803,0.38486018776893616,0.6151398420333862
0,0.9994695216417313,0.0005304783582687378,0.9993854194879532,0.000614580512046814,0.9991671502590179,0.0008328497409820556,0.5126460433006287,0.4873539566993713,0.8503121137619019,0.14968790113925934
0,0.9994462907314301,0.0005537092685699463,0.9993935346603393,0.0006064653396606445,0.999520993232727,0.0004790067672729492,0.8489530771970749,0.15104692280292512,0.45815008878707886,0.5418499112129211
0,0.9993836581707001,0.0006163418292999268,0.9992638498544693,0.0007361501455307006,0.9976878941059113,0.002312105894088745,0.7323201626539231,0.267679837346077,0.7875992655754089,0.21240073442459106
0,0.9994340747594833,0.0005659252405166626,0.9993625372648239,0.0006374627351760864,0.9995324850082398,0.00046751499176025393,0.6577251046895981,0.3422748953104019,0.9080221056938171,0.09197789430618286
0,0.7678354740142822,0.23216452598571777,0.6423473298549652,0.35765267014503477,0.6722557157278061,0.32774428427219393,0.5448449581861496,0.4551550418138504,0.8836302161216736,0.1163698136806488
0,0.9995445162057877,0.0004554837942123413,0.9994874417781829,0.0005125582218170166,0.9993590950965882,0.0006409049034118653,0.7501148819923401,0.24988511800765992,0.9070215821266174,0.09297847747802734
0,0.9991617709398269,0.0008382290601730346,0.999056825041771,0.000943174958229065,0.9966310679912567,0.0033689320087432863,0.8276601016521454,0.17233989834785463,0.863966166973114,0.1360338181257248
0,0.9995232790708541,0.000476720929145813,0.9994647562503814,0.0005352437496185303,0.9994194239377976,0.0005805760622024537,0.9978418171405792,0.0021581828594207765,0.9070349335670471,0.09296512603759766
0,0.9994647175073623,0.0005352824926376342,0.9993784099817276,0.0006215900182723999,0.9995446294546128,0.0004553705453872681,0.8715375900268555,0.12846240997314454,0.6457437872886658,0.354256272315979
0,0.9980109095573425,0.001989090442657471,0.997607609629631,0.0023923903703689576,0.9995416313409805,0.0004583686590194702,0.9866199493408203,0.013380050659179688,0.8572243452072144,0.14277568459510803
0,0.9993927210569382,0.0006072789430618287,0.9992851108312607,0.0007148891687393189,0.9995623230934143,0.00043767690658569336,0.7761312991380691,0.22386870086193084,0.8878933787345886,0.11210659146308899
0,0.9993787676095962,0.0006212323904037475,0.9992470949888229,0.000752905011177063,0.9995592832565308,0.0004407167434692383,0.991040724515915,0.008959275484085084,0.14168362319469452,0.8583163619041443
0,0.9995114475488662,0.000488552451133728,0.9994645118713379,0.0005354881286621094,0.9995583713054657,0.00044162869453430177,0.997491666674614,0.0025083333253860473,0.8918041586875916,0.10819578170776367
0,0.9995584428310395,0.0004415571689605713,0.9995011687278748,0.0004988312721252441,0.9995618671178818,0.0004381328821182251,0.883366659283638,0.116633340716362,0.8965499997138977,0.10345001518726349
0,0.9995419442653656,0.0004580557346343994,0.9994947731494903,0.0005052268505096435,0.9995089679956436,0.0004910320043563843,0.9931532382965088,0.006846761703491211,0.7514798045158386,0.24852021038532257
0,0.9995257586240769,0.00047424137592315673,0.9994460552930832,0.0005539447069168091,0.9995500653982162,0.0004499346017837524,0.981712943315506,0.01828705668449402,0.9139571189880371,0.08604291826486588
0,0.9987595707178116,0.0012404292821884156,0.9988091111183166,0.0011908888816833496,0.9995493084192276,0.0004506915807723999,0.982178407907486,0.01782159209251404,0.44118332862854004,0.55881667137146
0,0.9993764191865921,0.000623580813407898,0.9992911785840988,0.000708821415901184,0.9994979172945022,0.0005020827054977417,0.9831210523843765,0.016878947615623474,0.9088700413703918,0.09112992137670517
0,0.9995152205228806,0.0004847794771194458,0.9994564026594162,0.0005435973405838012,0.9995667189359665,0.0004332810640335083,0.9981637895107269,0.0018362104892730713,0.8461742997169495,0.1538257598876953
0,0.999506139755249,0.0004938602447509766,0.9994456887245178,0.0005543112754821777,0.9995465874671936,0.0004534125328063965,0.9995024830102921,0.0004975169897079468,0.9120367169380188,0.0879632756114006
0,0.9988862723112106,0.0011137276887893677,0.9989305406808853,0.001069459319114685,0.849188894033432,0.150811105966568,0.979659715294838,0.020340284705162047,0.9140040874481201,0.08599594980478287
0,0.9992391526699066,0.0007608473300933838,0.9992481350898743,0.0007518649101257325,0.9995162159204483,0.0004837840795516968,0.9976713865995407,0.0023286134004592896,0.6337459087371826,0.3662540912628174
0,0.9994018286466598,0.0005981713533401489,0.9993057608604431,0.0006942391395568847,0.9992232650518418,0.0007767349481582642,0.9645099550485611,0.035490044951438905,0.8477540612220764,0.15224595367908478
0,0.9995733171701431,0.00042668282985687257,0.9995595395565033,0.0004404604434967041,0.9993566185235977,0.0006433814764022827,0.9984269142150879,0.0015730857849121094,0.877137303352356,0.12286264449357986
0,0.9992641896009445,0.000735810399055481,0.9991843491792679,0.0008156508207321167,0.9990449666976928,0.0009550333023071289,0.9686608225107193,0.0313391774892807,0.46751171350479126,0.532488226890564
0,0.9993637531995774,0.0006362468004226685,0.9992549479007721,0.0007450520992279053,0.9994475156068802,0.000552484393119812,0.6117269992828369,0.3882730007171631,0.9108781218528748,0.08912187069654465
0,0.9994217544794083,0.0005782455205917359,0.9993110001087189,0.0006889998912811279,0.9994080781936645,0.0005919218063354492,0.3578157424926758,0.6421842575073242,0.8866862654685974,0.11331376433372498
0,0.9995693624019623,0.0004306375980377197,0.9995154023170472,0.00048459768295288085,0.9995542377233505,0.0004457622766494751,0.9955543220043183,0.004445677995681763,0.3312698304653168,0.6687301397323608
0,0.9995905160903931,0.0004094839096069336,0.9995415180921554,0.00045848190784454347,0.9995558440685273,0.0004441559314727783,0.3504097700119019,0.6495902299880981,0.8960238695144653,0.1039760559797287
0,0.999534398317337,0.00046560168266296387,0.9994564980268479,0.0005435019731521607,0.9915496230125427,0.008450376987457275,0.6271387279033661,0.3728612720966339,0.493797242641449,0.506202757358551
0,0.9993955731391907,0.0006044268608093262,0.9993156343698502,0.0006843656301498413,0.9994429826736451,0.0005570173263549805,0.995776641368866,0.004223358631134033,0.4975389838218689,0.5024610161781311
0,0.9991097718477249,0.0008902281522750854,0.9990219622850418,0.000978037714958191,0.9577738642692566,0.04222613573074341,0.8993971884250641,0.10060281157493592,0.9128046631813049,0.08719537407159805
0,0.9994798451662064,0.0005201548337936401,0.9994198352098465,0.0005801647901535034,0.9995613634586334,0.00043863654136657717,0.9923103302717209,0.007689669728279114,0.9056597352027893,0.09434031695127487
0,0.9985551863908768,0.00144481360912323,0.9984565287828445,0.0015434712171554566,0.9779542297124862,0.022045770287513734,0.9773605316877365,0.02263946831226349,0.3372715413570404,0.6627284288406372
0,0.9994918167591095,0.0005081832408905029,0.9994041562080384,0.0005958437919616699,0.9991146475076675,0.0008853524923324585,0.07998583018779755,0.9200141698122024,0.5553752779960632,0.44462472200393677
0,0.9985476225614548,0.001452377438545227,0.9983818769454956,0.0016181230545043944,0.9675940424203873,0.03240595757961273,0.028433007001876832,0.9715669929981232,0.22252978384494781,0.7774701714515686
0,0.9957959741353989,0.004204025864601136,0.9957899928092957,0.0042100071907043455,0.9995352685451507,0.00046473145484924314,0.7579272776842118,0.24207272231578827,0.9109938144683838,0.089006207883358
0,0.9995633006095886,0.000436699390411377,0.9995005190372467,0.0004994809627532959,0.9995672285556794,0.0004327714443206787,0.9985515475273132,0.0014484524726867676,0.7569850087165833,0.24301502108573914
0,0.9992496937513351,0.0007503062486648559,0.999153944849968,0.0008460551500320435,0.9994896203279495,0.0005103796720504761,0.9781364679336548,0.021863532066345216,0.8785401582717896,0.12145988643169403
0,0.9989411801099777,0.0010588198900222778,0.9988198578357697,0.0011801421642303467,0.9994678139686585,0.0005321860313415528,0.9660194724798202,0.03398052752017975,0.8188716769218445,0.1811283379793167
0,0.9993627190589904,0.0006372809410095214,0.9993077605962754,0.0006922394037246704,0.9934896260499955,0.0065103739500045775,0.9755224406719207,0.024477559328079223,0.4990346431732178,0.5009653568267822
0,0.9995578646659851,0.0004421353340148926,0.9994700610637665,0.0005299389362335205,0.9995645523071289,0.00043544769287109377,0.9469708889722824,0.05302911102771759,0.8813557028770447,0.11864425241947174
0,0.9993142694234848,0.0006857305765151977,0.9991988837718964,0.0008011162281036377,0.9700638383626938,0.029936161637306214,0.5450800895690918,0.4549199104309082,0.7158825397491455,0.2841174304485321
0,0.9993749022483825,0.0006250977516174316,0.9992845028638839,0.0007154971361160278,0.9993236720561981,0.0006763279438018799,0.9273946404457092,0.07260535955429077,0.46857139468193054,0.5314286351203918
0,0.9873983025550842,0.012601697444915771,0.9932649374008179,0.006735062599182129,0.9912481963634491,0.008751803636550903,0.9150555700063705,0.08494442999362946,0.9136682152748108,0.08633182942867279
0,0.9991219848394394,0.0008780151605606079,0.9990655988454819,0.0009344011545181274,0.9995596140623093,0.00044038593769073485,0.9976067155599594,0.0023932844400405885,0.9120151996612549,0.08798481523990631
0,0.9961442738771439,0.00385572612285614,0.9956959366798401,0.004304063320159912,0.4454216152429581,0.5545783847570419,0.5961592316627502,0.40384076833724974,0.6028502583503723,0.3971497714519501
0,0.9993736356496811,0.0006263643503189087,0.9993310540914535,0.0006689459085464477,0.9995552569627761,0.00044474303722381593,0.9982062429189682,0.0017937570810317993,0.9105172157287598,0.08948280662298203
0,0.9992345988750457,0.0007654011249542236,0.9991167515516282,0.0008832484483718873,0.9995558738708497,0.0004441261291503906,0.9451890140771866,0.054810985922813416,0.8785234093666077,0.12147662788629532
0,0.998289966583252,0.0017100334167480468,0.998178243637085,0.001821756362915039,0.10429933071136474,0.8957006692886352,0.315660685300827,0.684339314699173,0.2715216279029846,0.7284783720970154
0,0.9991321861743927,0.0008678138256072998,0.9989802747964859,0.0010197252035140992,0.9829018086194992,0.017098191380500793,0.044521912932395935,0.9554780870676041,0.45836159586906433,0.5416384339332581
0,0.9991533815860748,0.0008466184139251709,0.9990455061197281,0.0009544938802719116,0.999565601348877,0.0004343986511230469,0.8790522545576096,0.12094774544239044,0.8987576961517334,0.10124228894710541
0,0.9994904935359955,0.0005095064640045166,0.9993917286396027,0.0006082713603973389,0.9995629549026489,0.0004370450973510742,0.9984440892934799,0.0015559107065200805,0.886394202709198,0.11360577493906021
0,0.9896708011627198,0.010329198837280274,0.9895592540502548,0.010440745949745178,0.8886533468961716,0.11134665310382844,0.915391954779625,0.08460804522037506,0.40839558839797974,0.5916043519973755
0,0.9994354337453842,0.0005645662546157837,0.9993548274040223,0.0006451725959777832,0.9995596021413803,0.0004403978586196899,0.9963651299476624,0.0036348700523376465,0.8802878260612488,0.11971220374107361
0,0.9988812118768692,0.0011187881231307984,0.9987322449684143,0.0012677550315856934,0.9991112411022186,0.000888758897781372,0.996376422047615,0.003623577952384949,0.8807713985443115,0.11922858655452728
0,0.9994873017072677,0.0005126982927322387,0.9994299858808517,0.0005700141191482544,0.9857597172260284,0.014240282773971557,0.9880644738674164,0.011935526132583618,0.571185290813446,0.42881467938423157
0,0.999556165933609,0.0004438340663909912,0.9995002657175064,0.0004997342824935913,0.9990613549947739,0.0009386450052261353,0.9918222337961197,0.00817776620388031,0.6917986273765564,0.308201402425766
0,0.9992897480726242,0.0007102519273757934,0.9991954326629638,0.0008045673370361328,0.9995078891515732,0.0004921108484268188,0.8029466301202774,0.1970533698797226,0.703208863735199,0.2967911660671234
0,0.9995469927787781,0.0004530072212219238,0.999473688006401,0.0005263119935989379,0.9995666205883026,0.0004333794116973877,0.7786739110946655,0.22132608890533448,0.8505887985229492,0.14941123127937317
0,0.9995306581258774,0.00046934187412261963,0.9995026171207428,0.0004973828792572022,0.9995369076728821,0.0004630923271179199,0.5227608621120453,0.4772391378879547,0.9094235301017761,0.09057652205228806
0,0.9986377060413361,0.0013622939586639404,0.9985575139522552,0.001442486047744751,0.9995691776275635,0.00043082237243652344,0.9979099810123444,0.0020900189876556395,0.8599823117256165,0.14001765847206116
0,0.9979959428310394,0.0020040571689605713,0.9977276682853699,0.002272331714630127,0.9995425641536713,0.00045743584632873535,0.5233150213956833,0.4766849786043167,0.838626503944397,0.16137349605560303
0,0.9975143015384674,0.0024856984615325927,0.997518002986908,0.002481997013092041,0.9036366283893585,0.09636337161064149,0.9960554271936417,0.003944572806358337,0.8967279195785522,0.10327203571796417
0,0.9993728786706925,0.0006271213293075562,0.9993025600910187,0.0006974399089813233,0.9987859278917313,0.0012140721082687378,0.9467744201421737,0.053225579857826236,0.902975857257843,0.09702415764331818
0,0.9989004582166672,0.0010995417833328247,0.9986601293087005,0.0013398706912994384,0.9239343076944351,0.07606569230556488,0.9962748408317565,0.0037251591682434084,0.8963497281074524,0.1036502793431282
0,0.9995447337627411,0.00045526623725891115,0.999485257267952,0.0005147427320480347,0.9991923868656158,0.0008076131343841553,0.8302665680646897,0.16973343193531037,0.8978201150894165,0.1021798774600029
0,0.9984159678220749,0.00158403217792511,0.9990380018949508,0.0009619981050491333,0.8553719371557236,0.14462806284427643,0.9981862545013428,0.0018137454986572265,0.6495695114135742,0.35043051838874817
0,0.9990112274885178,0.0009887725114822387,0.9989141225814819,0.0010858774185180664,0.9995490908622742,0.0004509091377258301,0.9613487899303437,0.03865121006965637,0.6384230852127075,0.3615769147872925
0,0.9994580388069153,0.0005419611930847168,0.9993709057569504,0.0006290942430496216,0.9835477590560913,0.01645224094390869,0.45331102013587954,0.5466889798641205,0.5168124437332153,0.4831875264644623
0,0.9993389189243317,0.000661081075668335,0.9992525428533554,0.0007474571466445923,0.9465838372707367,0.053416162729263306,0.6907273143529892,0.3092726856470108,0.8908769488334656,0.10912302136421204
0,0.9995420187711715,0.00045798122882843015,0.9994696408510209,0.0005303591489791871,0.9995071679353714,0.0004928320646286011,0.6582061171531677,0.34179388284683226,0.5561922788619995,0.4438077211380005
0,0.9992578029632568,0.0007421970367431641,0.9991969197988511,0.0008030802011489869,0.9995686054229737,0.0004313945770263672,0.9974896788597107,0.0025103211402893065,0.6660470366477966,0.33395299315452576
0,0.9995948672294617,0.0004051327705383301,0.9995495945215225,0.00045040547847747804,0.9995678186416626,0.00043218135833740235,0.9963291078805924,0.0036708921194076537,0.6866064071655273,0.31339356303215027
0,0.9989515125751496,0.001048487424850464,0.9989037930965423,0.0010962069034576416,0.9995080947875976,0.0004919052124023437,0.9364854574203492,0.06351454257965088,0.8483794331550598,0.15162056684494019
0,0.9995346337556839,0.0004653662443161011,0.9994573324918747,0.0005426675081253052,0.9995300054550171,0.00046999454498291015,0.9919469118118286,0.008053088188171386,0.9108564257621765,0.0891435295343399
0,0.9993122100830079,0.0006877899169921875,0.9992165207862854,0.0007834792137145996,0.9995662331581116,0.0004337668418884277,0.9989014953374863,0.0010985046625137328,0.9122247695922852,0.08777523785829544
0,0.9993978768587113,0.0006021231412887574,0.9993847876787185,0.0006152123212814331,0.9984582871198654,0.0015417128801345826,0.7169812560081482,0.2830187439918518,0.6505369544029236,0.3494630753993988
0,0.9995624363422394,0.00043756365776062014,0.999509596824646,0.0004904031753540039,0.9994877845048904,0.0005122154951095581,0.9965842127799988,0.003415787220001221,0.9104610085487366,0.08953899145126343
0,0.999378764629364,0.0006212353706359863,0.9993165165185929,0.0006834834814071656,0.9995464622974396,0.0004535377025604248,0.9805385291576385,0.01946147084236145,0.6326485872268677,0.36735135316848755
0,0.9965739607810974,0.003426039218902588,0.9965644747018814,0.0034355252981185915,0.9957840055227279,0.004215994477272033,0.9934875458478928,0.006512454152107239,0.8983016014099121,0.10169840604066849
0,0.998652669787407,0.0013473302125930787,0.9985903799533844,0.0014096200466156006,0.9503349602222443,0.049665039777755736,0.9407316416501998,0.05926835834980011,0.4672643840312958,0.5327356457710266
0,0.9994865417480469,0.000513458251953125,0.9994340926408768,0.00056590735912323,0.9975143373012543,0.0024856626987457275,0.023292115330696105,0.9767078846693039,0.889386773109436,0.11061321198940277
0,0.9995593905448914,0.00044060945510864257,0.9995023667812347,0.0004976332187652588,0.9995746731758117,0.00042532682418823243,0.9297918796539306,0.07020812034606934,0.9131549000740051,0.08684514462947845
0,0.9991990208625794,0.0008009791374206543,0.9991088271141052,0.0008911728858947754,0.9995713531970978,0.0004286468029022217,0.8728536456823349,0.1271463543176651,0.9057223796844482,0.09427759051322937
0,0.9995928704738617,0.00040712952613830566,0.9995404630899429,0.00045953691005706787,0.9995524734258652,0.00044752657413482666,0.9983194053173066,0.0016805946826934815,0.3067805767059326,0.6932194232940674
0,0.999449497461319,0.0005505025386810303,0.9993795871734619,0.0006204128265380859,0.9991428911685943,0.0008571088314056396,0.7780139416456222,0.22198605835437774,0.31985795497894287,0.6801420450210571
0,0.9995612025260925,0.0004387974739074707,0.9994998574256897,0.0005001425743103027,0.9995679736137391,0.0004320263862609863,0.9983382284641266,0.0016617715358734132,0.4617128074169159,0.5382872223854065
0,0.9993763566017151,0.0006236433982849121,0.999305111169815,0.0006948888301849365,0.9992019265890122,0.000798073410987854,0.940144881606102,0.05985511839389801,0.27711495757102966,0.722885012626648
0,0.9985583037137985,0.0014416962862014771,0.9986009120941162,0.001399087905883789,0.9994456380605697,0.0005543619394302368,0.884018811583519,0.11598118841648102,0.9024850130081177,0.09751500934362411
0,0.999562120437622,0.00043787956237792967,0.9994976878166199,0.0005023121833801269,0.9995028227567673,0.000497177243232727,0.8407791793346405,0.1592208206653595,0.8997418284416199,0.10025812685489655
0,0.9994616389274598,0.0005383610725402832,0.9993828177452088,0.0006171822547912598,0.9995546847581863,0.00044531524181365965,0.9804032325744629,0.01959676742553711,0.9104003310203552,0.08959970623254776
0,0.9995454668998718,0.00045453310012817384,0.9994895309209824,0.0005104690790176392,0.9995573937892914,0.00044260621070861815,0.7070679068565369,0.29293209314346313,0.7844959497451782,0.21550403535366058
0,0.9992540448904037,0.0007459551095962524,0.9990746766328812,0.0009253233671188355,0.9995647013187409,0.0004352986812591553,0.984536600112915,0.01546339988708496,0.35023170709609985,0.6497683525085449
0,0.9993056625127792,0.0006943374872207641,0.9992648720741272,0.0007351279258728027,0.9995578736066818,0.00044212639331817625,0.9974246472120285,0.0025753527879714966,0.857880711555481,0.14211927354335785
0,0.9987651437520981,0.0012348562479019165,0.9984476447105408,0.0015523552894592286,0.904085373878479,0.09591462612152099,0.6093352347612381,0.3906647652387619,0.9106172323226929,0.08938273787498474
0,0.9979364067316056,0.00206359326839447,0.9974321544170379,0.0025678455829620363,0.34720402359962466,0.6527959764003753,0.2556427359580994,0.7443572640419006,0.3130289614200592,0.6869710683822632
0,0.999582040309906,0.00041795969009399413,0.9995259046554565,0.00047409534454345703,0.9995476365089416,0.0004523634910583496,0.9933192938566208,0.006680706143379211,0.8175234198570251,0.18247660994529724
0,0.9994680970907212,0.0005319029092788697,0.9993963420391083,0.0006036579608917237,0.996703365445137,0.003296634554862976,0.9982076019048691,0.0017923980951309205,0.8931812047958374,0.1068187728524208
0,0.9994951039552689,0.0005048960447311401,0.9994331657886505,0.0005668342113494873,0.9994904488325119,0.0005095511674880982,0.9882973074913025,0.01170269250869751,0.910560131072998,0.08943989872932434
0,0.999559822678566,0.000440177321434021,0.9994988352060318,0.0005011647939682007,0.9995707929134369,0.00042920708656311033,0.9984112769365311,0.001588723063468933,0.8955413103103638,0.10445866733789444
0,0.9993999242782593,0.0006000757217407227,0.9993415355682373,0.0006584644317626954,0.9995528489351273,0.0004471510648727417,0.9950602889060974,0.004939711093902588,0.9039307832717896,0.09606925398111343
0,0.9994280606508255,0.0005719393491744995,0.9993378907442093,0.0006621092557907105,0.9994791060686111,0.000520893931388855,0.3001942604780197,0.6998057395219803,0.9126028418540955,0.08739715814590454
0,0.9993550062179566,0.0006449937820434571,0.9992724865674972,0.0007275134325027466,0.9987477749586106,0.0012522250413894652,0.45607187449932096,0.543928125500679,0.5804799795150757,0.41951999068260193
0,0.9985187351703644,0.0014812648296356201,0.9985057592391968,0.0014942407608032227,0.9986266970634461,0.0013733029365539551,0.9756291896104813,0.024370810389518736,0.8866927027702332,0.11330729722976685
0,0.9991600066423416,0.0008399933576583862,0.9990530490875245,0.000946950912475586,0.9930970877408981,0.006902912259101867,0.9937153965234756,0.006284603476524353,0.7344375848770142,0.2655624449253082
0,0.9992247343063354,0.0007752656936645507,0.9991471499204636,0.000852850079536438,0.9995661079883575,0.00043389201164245605,0.9797300100326538,0.02026998996734619,0.8666256666183472,0.13337430357933044
0,0.9994860798120498,0.0005139201879501343,0.9994030714035034,0.000596928596496582,0.9995261371135712,0.00047386288642883303,0.9933770686388016,0.006622931361198426,0.6118900775909424,0.38810989260673523
0,0.9994844734668732,0.0005155265331268311,0.9994084626436234,0.000591537356376648,0.9995433807373046,0.0004566192626953125,0.976487323641777,0.02351267635822296,0.2664085030555725,0.7335914373397827
0,0.9995525300502777,0.00044746994972229005,0.9994933724403381,0.0005066275596618652,0.9995164602994919,0.00048353970050811766,0.881634259223938,0.11836574077606202,0.905592143535614,0.09440779685974121
0,0.9993766814470291,0.0006233185529708862,0.9993988543748855,0.0006011456251144409,0.992479857802391,0.007520142197608948,0.9967622399330139,0.003237760066986084,0.5110881328582764,0.48891183733940125
0,0.9996070474386215,0.000392952561378479,0.9995578944683075,0.0004421055316925049,0.999546205997467,0.00045379400253295896,0.9992288827896119,0.0007711172103881836,0.9141228199005127,0.08587717264890671
0,0.9994655728340149,0.0005344271659851075,0.9994072705507279,0.0005927294492721558,0.9995274245738983,0.00047257542610168457,0.4952309101819992,0.5047690898180008,0.9112653136253357,0.08873473107814789
0,0.9989533692598342,0.0010466307401657104,0.9988406598567963,0.0011593401432037354,0.9994834989309311,0.0005165010690689087,0.9990112483501434,0.0009887516498565674,0.8936526775360107,0.10634732991456985
0,0.9994763642549515,0.0005236357450485229,0.9994214951992035,0.0005785048007965088,0.9952885895967484,0.004711410403251648,0.9362010687589646,0.06379893124103546,0.9038920402526855,0.09610794484615326
0,0.9994606137275696,0.0005393862724304199,0.9993968546390534,0.0006031453609466553,0.9995633035898208,0.0004366964101791382,0.9939753949642182,0.006024605035781861,0.8980446457862854,0.10195538401603699
0,0.9992044150829316,0.0007955849170684815,0.9991160362958909,0.0008839637041091919,0.9995008826255798,0.000499117374420166,0.996666494011879,0.0033335059881210325,0.9066738486289978,0.09332621842622757
0,0.9993045836687088,0.0006954163312911987,0.9992202520370483,0.0007797479629516602,0.9995519816875458,0.00044801831245422363,0.9802163422107697,0.019783657789230347,0.9110976457595825,0.08890232443809509
0,0.9952658891677857,0.004734110832214355,0.9953791171312332,0.004620882868766785,0.9990619003772736,0.0009380996227264405,0.6755603224039077,0.3244396775960922,0.06842038780450821,0.93157958984375
0,0.9994281023740769,0.0005718976259231568,0.999385604262352,0.0006143957376480103,0.9995472460985184,0.0004527539014816284,0.994257727265358,0.005742272734642029,0.45034873485565186,0.5496512651443481
0,0.9994506418704987,0.0005493581295013428,0.9993657797574997,0.0006342202425003052,0.9994667381048202,0.0005332618951797485,0.5652660369873047,0.4347339630126953,0.38999202847480774,0.6100080013275146
0,0.9995489090681076,0.00045109093189239503,0.9995088130235672,0.0004911869764328003,0.9995686739683152,0.0004313260316848755,0.5203465968370438,0.47965340316295624,0.8786898851394653,0.12131012231111526
0,0.9994810312986374,0.0005189687013626099,0.9994229137897491,0.0005770862102508545,0.9995625108480454,0.0004374891519546509,0.9958258092403411,0.004174190759658814,0.9105793237686157,0.08942066133022308
0,0.9988501787185669,0.0011498212814331054,0.99873166680336,0.0012683331966400146,0.9995609611272812,0.00043903887271881106,0.9990003824234008,0.000999617576599121,0.8994867205619812,0.1005132794380188
0,0.9992925077676773,0.0007074922323226929,0.9990947544574738,0.0009052455425262451,0.9964526206254959,0.0035473793745040894,0.13184626996517182,0.8681537300348282,0.5718837976455688,0.42811620235443115
0,0.9986691892147064,0.001330810785293579,0.9984399527311325,0.0015600472688674927,0.9995668530464172,0.00043314695358276367,0.9969101786613465,0.0030898213386535644,0.9139712452888489,0.08602873980998993
0,0.9989928543567658,0.0010071456432342528,0.998768350481987,0.0012316495180130006,0.9667122691869736,0.033287730813026425,0.4662081301212311,0.5337918698787689,0.8819459080696106,0.11805415153503418
0,0.9995382100343704,0.00046178996562957765,0.9994671225547791,0.0005328774452209473,0.9968467116355896,0.0031532883644104005,0.669021338224411,0.330978661775589,0.8749861717224121,0.12501387298107147
0,0.998709774017334,0.0012902259826660157,0.9990514755249024,0.0009485244750976563,0.9877955824136734,0.012204417586326599,0.9976120561361312,0.0023879438638687136,0.4507036805152893,0.5492963790893555
0,0.9994786560535431,0.0005213439464569092,0.9994147777557373,0.0005852222442626953,0.9944257140159607,0.005574285984039307,0.9766529470682144,0.023347052931785583,0.7426996231079102,0.25730034708976746
0,0.9990814357995987,0.0009185642004013062,0.9990269482135773,0.0009730517864227295,0.9993838042020797,0.000616195797920227,0.9965686708688736,0.003431329131126404,0.8691702485084534,0.13082972168922424
0,0.9994821637868881,0.0005178362131118775,0.9994232356548309,0.0005767643451690674,0.999519893527031,0.0004801064729690552,0.5207066863775254,0.4792933136224747,0.6194239258766174,0.3805760443210602
0,0.9992907106876373,0.0007092893123626709,0.9992313593626022,0.0007686406373977661,0.9995187014341355,0.000481298565864563,0.9966140568256379,0.0033859431743621824,0.8950330018997192,0.10496701300144196
0,0.9993485361337662,0.0006514638662338257,0.9992285937070846,0.0007714062929153442,0.9992071837186813,0.0007928162813186646,0.5503584712743759,0.4496415287256241,0.1553884595632553,0.8446115851402283
0,0.9992343962192536,0.00076560378074646,0.9991427332162857,0.0008572667837142944,0.9993917495012283,0.0006082504987716675,0.9825131237506867,0.017486876249313353,0.9049063920974731,0.09509365260601044
0,0.999508073925972,0.0004919260740280151,0.9994270920753479,0.0005729079246520996,0.9914115279912948,0.008588472008705139,0.5785890281200409,0.42141097187995913,0.8723856210708618,0.127614364027977
0,0.9995446473360061,0.00045535266399383546,0.9994903087615967,0.0005096912384033204,0.9994839042425155,0.000516095757484436,0.9917614340782166,0.008238565921783448,0.900907576084137,0.09909243136644363
0,0.9995839655399322,0.000416034460067749,0.9995121955871582,0.0004878044128417969,0.999560096859932,0.0004399031400680542,0.9965086489915848,0.0034913510084152223,0.9066600203514099,0.09334000200033188
0,0.9982405602931976,0.0017594397068023682,0.9884434789419174,0.01155652105808258,0.9966024518013,0.0033975481986999513,0.7915548801422119,0.20844511985778807,0.8092553019523621,0.19074466824531555
0,0.9995382368564606,0.00046176314353942873,0.9994619846343994,0.0005380153656005859,0.9990728318691253,0.0009271681308746337,0.9917776048183441,0.008222395181655883,0.5994749069213867,0.40052515268325806
0,0.9994608849287033,0.0005391150712966919,0.9993641525506973,0.0006358474493026733,0.99954953789711,0.00045046210289001465,0.9904865771532059,0.009513422846794128,0.873177170753479,0.12682278454303741
0,0.9994078993797302,0.0005921006202697753,0.9993368238210678,0.0006631761789321899,0.9995100408792496,0.0004899591207504272,0.642373114824295,0.35762688517570496,0.26646697521209717,0.7335330843925476
0,0.9994306325912475,0.0005693674087524414,0.9993385225534439,0.0006614774465560913,0.9956485539674759,0.0043514460325241085,0.20613976418972016,0.7938602358102799,0.088432177901268,0.9115678071975708
0,0.9995422571897506,0.0004577428102493286,0.9994850605726242,0.0005149394273757935,0.9995487660169602,0.00045123398303985595,0.7027245610952377,0.29727543890476227,0.9050019383430481,0.09499802440404892
0,0.9985434889793396,0.0014565110206604004,0.9983663350343704,0.0016336649656295775,0.9979868531227112,0.0020131468772888184,0.997970125079155,0.002029874920845032,0.9012439250946045,0.0987560823559761
0,0.9993789166212081,0.000621083378791809,0.9992832243442535,0.00071677565574646,0.9994697749614716,0.0005302250385284424,0.9987623900175094,0.0012376099824905396,0.9133322834968567,0.08666776120662689
0,0.9995512515306473,0.00044874846935272217,0.9994902014732361,0.000509798526763916,0.9995615184307098,0.00043848156929016113,0.9484775692224503,0.05152243077754974,0.9085043668746948,0.09149559587240219
0,0.9995936930179596,0.00040630698204040526,0.9995409905910492,0.00045900940895080564,0.9995520442724228,0.00044795572757720946,0.976628041267395,0.023371958732604982,0.4629182517528534,0.537081778049469
0,0.9995660871267319,0.00043391287326812746,0.9994890302419662,0.0005109697580337524,0.9995431959629059,0.0004568040370941162,0.9116340458393097,0.0883659541606903,0.8578293919563293,0.14217062294483185
0,0.9994879066944122,0.0005120933055877686,0.9994250804185867,0.000574919581413269,0.9280799418687821,0.07192005813121796,0.9015345185995102,0.0984654814004898,0.5585284233093262,0.44147157669067383
0,0.9939152002334595,0.006084799766540527,0.981155487895012,0.0188445121049881,0.9452660471200943,0.0547339528799057,0.9674634248018265,0.032536575198173524,0.9101424217224121,0.08985751867294312
0,0.9994325935840607,0.0005674064159393311,0.9993087857961654,0.0006912142038345337,0.9995270907878876,0.0004729092121124268,0.9684338331222534,0.03156616687774658,0.8223400712013245,0.17765989899635315
0,0.9993517696857452,0.0006482303142547607,0.9992635756731033,0.0007364243268966675,0.9995140343904495,0.00048596560955047605,0.9961399763822556,0.0038600236177444456,0.7954678535461426,0.20453216135501862
0,0.9995581984519959,0.0004418015480041504,0.9994841158390045,0.0005158841609954834,0.9993264347314834,0.0006735652685165405,0.20982878804206848,0.7901712119579315,0.7601240873336792,0.2398759424686432
0,0.9995542615652084,0.00044573843479156494,0.9994804322719574,0.0005195677280426025,0.9994792759418487,0.0005207240581512451,0.8700408279895783,0.12995917201042176,0.640133798122406,0.3598661720752716
0,0.9995166420936584,0.0004833579063415527,0.999451470375061,0.0005485296249389648,0.9995638459920884,0.0004361540079116821,0.9615423023700714,0.03845769762992859,0.866578221321106,0.13342182338237762
0,0.999513429403305,0.0004865705966949463,0.9994320869445801,0.0005679130554199219,0.9995612621307373,0.0004387378692626953,0.9472918838262558,0.0527081161737442,0.3771999776363373,0.6227999925613403
0,0.9994162827730179,0.0005837172269821167,0.9993092477321625,0.0006907522678375244,0.9995651543140411,0.0004348456859588623,0.6317713737487793,0.3682286262512207,0.9101933836936951,0.08980656415224075
0,0.9992794394493103,0.0007205605506896973,0.9991726875305176,0.0008273124694824219,0.9941812425851821,0.00581875741481781,0.6298865854740143,0.37011341452598573,0.07617298513650894,0.9238269925117493
0,0.9992338001728058,0.0007661998271942139,0.999133163690567,0.0008668363094329834,0.25560190081596373,0.7443980991840362,0.12389858365058899,0.876101416349411,0.46119424700737,0.5388057231903076
0,0.9994789332151413,0.0005210667848587036,0.9994371980428696,0.0005628019571304321,0.9995704889297485,0.00042951107025146484,0.9519844859838485,0.04801551401615143,0.8320656418800354,0.16793429851531982
0,0.9995609879493713,0.0004390120506286621,0.9995172441005706,0.0004827558994293213,0.999440360069275,0.0005596399307250977,0.06215597689151764,0.9378440231084824,0.909261167049408,0.09073878824710846
0,0.9993997037410736,0.0006002962589263916,0.9993525624275208,0.0006474375724792481,0.995716792345047,0.004283207654953003,0.724339097738266,0.275660902261734,0.4991578161716461,0.5008421540260315
0,0.9995259910821914,0.0004740089178085327,0.9994588404893875,0.0005411595106124878,0.9662012249231339,0.03379877507686615,0.12775775492191316,0.8722422450780869,0.07113940268754959,0.928860604763031
0,0.9994956731796265,0.0005043268203735352,0.9994493126869202,0.000550687313079834,0.9995659232139588,0.0004340767860412598,0.9989977031946182,0.001002296805381775,0.9065845608711243,0.09341546893119812
0,0.9994284689426423,0.0005715310573577881,0.9993271201848983,0.0006728798151016235,0.9992604494094849,0.0007395505905151367,0.1898520439863205,0.8101479560136795,0.7881976366043091,0.2118023782968521
0,0.9991832196712493,0.0008167803287506103,0.9990839958190918,0.0009160041809082031,0.7908273220062256,0.20917267799377443,0.6722734570503235,0.3277265429496765,0.4947444498538971,0.5052555799484253
0,0.9995355755090714,0.0004644244909286499,0.9994370996952057,0.0005629003047943115,0.99955735206604,0.0004426479339599609,0.9966362684965133,0.0033637315034866335,0.4715851843357086,0.528414785861969
0,0.9994899511337281,0.0005100488662719727,0.9994361817836761,0.0005638182163238525,0.9995511531829834,0.00044884681701660154,0.9979192614555359,0.0020807385444641113,0.7037340402603149,0.29626592993736267
0,0.9995777904987335,0.0004222095012664795,0.9995105922222137,0.0004894077777862549,0.9995676636695862,0.00043233633041381834,0.9992992341518402,0.00070076584815979,0.8717458248138428,0.12825411558151245
0,0.9995322346687316,0.00046776533126831056,0.9994757860898972,0.0005242139101028443,0.999409231543541,0.0005907684564590455,0.8994909465312958,0.10050905346870423,0.9001355767250061,0.0998644158244133
0,0.9992035984992981,0.0007964015007019043,0.9990942060947419,0.0009057939052581788,0.9995657294988632,0.0004342705011367798,0.9907744795083999,0.009225520491600036,0.9088914394378662,0.09110862016677856
0,0.9994661271572113,0.0005338728427886963,0.9993965178728104,0.0006034821271896362,0.9995561629533768,0.00044383704662323,0.9585744291543961,0.04142557084560394,0.4726489782333374,0.5273509621620178
